cluster_id,size_discovery,size_holdout_pred,best_holdout_jaccard,n_employers,found,top20_central_spans
0,111,136,0.6691,23,False,如果有需要，可在遵守当地的法律规定下，向客户发放公司样品。 | 主導台灣支付產品與體驗的端到端設計流程，從策略制定、設計執行到後續優化。 | 在长期合作中提供优质的客户服务，推动客户忠诚度与市场占有率的提升。 | 担当地域のリーダーシップチームと連携し、SASEポートフォリオを顧客、パートナー、自社チームへ展開 | 必要に応じて外部法律事務所と連携し、指示を行う。 | 店舗訪問や加盟店オペレーション監査を実施し、業務上のボトルネックを特定する。 | 決済完了後に発生した照合差異や問い合わせを調査し、原因を特定したうえで解決します。 | 和客户建立良好关系，维持公司形象。 | 日常業務においてリスクを適切に把握し、法令・社内規程の遵守と透明性のある報告・連絡を徹底します。 | 决定使用最佳的沟通工具。 | 自動組立装置のエラー・不具合等の原因究明・対応 | 日本国内およびグローバル開発チームとの技術連携 | 发展和管理区域关键客户，搭建并持续优化合作平台，提升品牌影响力。 | 社内外の倉庫における在庫および保管スペースの効率的な管理 | 及时上报日常工作中发现的与公司产品相关的药品不良事件， | 各プロセスオーナーと技術部門の橋渡し役として機能し、部門間の業務引き継ぎを円滑化するとともに、オペレーション上の課題や重複業務を解消する。 | 建立或參與設計審查與架構治理流程，確保設計品質。 | 维护专家的治疗领域及相关产品知识库。 | 社員向けトレーニングの企画・実施 | 現金取引および国債の決済業務を担当し、市場の締め切りに合わせて処理を完了させます。
1,45,52,0.85,2,False,"라스트마일 시스템 관련 데이터 수집 및 구조화, 데이터 정합성 관리 | 거시경제, 산업 트렌드, 규제 변화 및 경쟁 환경에 대한 데이터 기반의 리서치·분석 체계 구축 | 퀵커머스 신사업의 전반적인 비즈니스 분석을 주도합니다 | 운송 지연, 미출고, 오배송 등 이슈 대응 및 원인 분석을 통한 재발 방지 | 대규모 거래 데이터를 처리하는 금융 시스템을 구축하고 | 근무 및 고용 안정성 확보를 위한 제도 운영 지원 | 식별된 리스크의 비즈니스 영향도를 분석하고 중요도에 따라 대응 우선순위를 결정 | 유통, 전자상거래, 물류 등 쿠팡의 제반 비즈니스 관련 전략적 법률 자문 업무 수행 | 운영 조직과의 협업을 통한 데이터 기반 인사이트 공유 및 실행 지원 | 물류센터 담당 공정의 현장 인력 지휘·감독 및 운영 관리 | 오프라인 시장조사를 통한 경쟁사 가격 동향 분석 및 가격 경쟁력 유지 | 업체의 니즈와 운영 기준을 균형있게 조율하고 | 마케팅·물류·카탈로그 운영 등 유관 부서와의 협업을 통하여 근본 원인을 분석하고 | 지원자 검토 및 인터뷰 프로세스 운영 | 사업 목표 설정 및 실적 개선 방안 모색, 다양한 재무 목표를 달성하기 위한 세부 활동 다양화 | 대외 커뮤니케이션 콘텐츠의 사내 검토·승인 절차를 지원하고, 승인 현황과 필요한 후속 조치를 확인하여 정해진 일정 내 완료될 수 있도록 관련 이해관계자와 커뮤니케이션 | 새로운 금융 서비스를 빠르게 시장에 선보이는 역할을 수행합니다. | 사업 성과와 데이터를 분석하여 성장 기회 또는 문제의 근본 원인을 파악하고, 구체적인 실행 계획을 수립하여 실제 비즈니스 성과까지 연결 | 채용 프로세스 운영 기준 관리 | 브랜드와 동반 성장하며 로켓배송의 성장 기반을 확보"
2,51,34,0.0014,17,False,"Configure, enhance, test, and deploy SAP solutions to support regulatory and business requirements. | Provide training and knowledge transfer to end-users and support teams on SAP functionalities and processes. | Integrate SAP solutions with other enterprise systems such as eCommerce, SAP GTS, Third Party applications, etc. | Design end-to-end solutions leveraging ERP modules such as SAP S/4HANA, SAP BW/4HANA, SAP GTS, etc. | Assist with work management activities, including creation of notifications and purchase requisitions within SAP. | Partner with SAP, data and analytics, integration, security, infrastructure, engineering, and business teams to translate business needs into scalable enterprise solutions. | Configure and maintain SAP MM, WM, and EWM modules to support complex business needs. | Provide ongoing support for SAP systems, including troubleshooting, issue resolution, and performance tuning. | Apply patches, upgrades, and enhancements to SAP systems as needed. | Configure SAP systems based on design specifications, including customizing standard SAP functionalities. | Design, build, and deliver SAP Treasury technology solutions aligned with the product evolution roadmap and enterprise architecture standards. | Facilitate work management processes through SAP work order, notification, and procurement activities. | Stay updated on SAP technologies, releases, and best practices. | engineering, configuring, testing, and maintaining SAP S/4HANA and surrounding Commercial solutions throughout the application lifecycle | will be responsible for discovering, validating, and translating business requirements into scalable SAP and non-SAP solutions | The SE will be responsible for engineering, configuring, testing, and maintaining SAP S/4HANA and surrounding Commercial solutions throughout the application lifecycle. | Provide ongoing support for SAP BTP applications, resolving technical issues and ensuring optimal performance. | Configure the SAP EAM and IAM solutions to meet business needs or resolve issues. | Source industry insights and best practices to define optimal product functionality and future-state SAP architecture. | Support ongoing enhancements and maintenance of SAP GRC solutions."
3,44,14,0.0006,15,False,"Investigate emerging fraud patterns and threat signals with your teammates, and develop ML-based detections and tools that enable faster, more accurate responses. | Partner with Policy, Data Science, and Engineering to improve tooling to scale internal operations for fraud. | use data to surface insights that shape fraud strategy across the business | develop models that improve fraud detection for our customers | Partner closely with Fraud Engineering and Data Platform teams to augment and leverage data across first and third party sources, ensuring we’ve added as much context as possible to every decision we make | Participate in product discovery, roadmap planning, and post-launch evaluation to ensure fraud-awareness by design | communicate your findings internally and externally to advance the technical bar for fraud machine learning at Plaid | Participating and helping in streamlining fraud operational workflows around transaction review and account investigations | Represent the Fraud Intelligence team in product and model roadmap discussions, translating casework patterns into strategic priorities | Work closely with trust defense and platform teams to adapt models and systems to an evolving landscape of fraud attacks. | Support Card Fraud Data Delivery Team with new initiatives, work on design and solutions (interim and long-term) to enable business partners to perform better analytics to fight fraud | design rigorous experiments and evaluation methodologies that reflect real-world fraud dynamics | Build, train, evaluate, deploy, and own machine learning models that detect fraud and abuse across Link. | set strategic roadmaps to help Ramp mitigate fraud-related threats while minimizing the friction experience by legitimate users | Work closely with other trust defense and platform teams to tackle the changing landscape of fraud attacks. | Build and scale machine learning systems that power a rapidly growing fraud detection product in a fast-paced environment | Continuously survey external fraud trends, adversary techniques, tooling, and emerging threat vectors | Research fraud trends, schemes, and emerging risks using internal systems and external sources. | Employ statistical and machine learning techniques on large datasets to discover patterns of fraud, platform abuse, and identity theft | Develop foundational ML capabilities that leverage Plaid’s extensive financial network data to detect and prevent fraud"
4,31,25,0.001,1,False,"partner deeply with teams across Stripe to ensure that our users, our products, and our business have the models, data products, and insights needed to make decisions and grow responsibly | Work collaboratively with one of Stripe’s most strategic customers to realize their business goals. | Work with existing Stripe customers to develop and execute long-term sales strategies to expand Stripe’s revenue | Develop a strategic account plan to expand Stripe’s commercial footprint within your customer’s business, driving growth through cross-sell, expansion, and new revenue streams | Be a part of building a brand-new team and operational culture for Stripe | Be a key member of a Stripe account team with deep involvement in defining the customer strategy | Work closely with other Stripe teams across the globe | Work closely with Stripe product and engineering teams to rapidly close key product gaps and shape the roadmap based on AI company needs. | Serve as both an internal and customer-facing expert on Stripe, especially for your specialized products | Effectively work cross-functionally across the organization to shape Stripe's product roadmap and drive best practices on selling and forecasting | Stay informed about alternative solutions in the market and develop strategies to position Stripe's offerings effectively. | help enable new and existing Stripe products by translating product strategies into operational capabilities and appropriate credit controls | Understand the sales process and competitors for Stripe, including software, hardware, and payments | Work directly alongside Stripe AEs on co-sell opportunities, supporting the full deal cycle from pipeline sourcing through to close | Expand Stripe’s footprint within existing accounts to new global markets and business units by introducing new capabilities and local payment methods. | Lead and contribute to team projects, further Stripe’s use of AI tools and agents, and help refine our sales processes and culture in Stripe’s GTM organization | Build an understanding of the value Stripe’s products deliver to users and how they compare with relevant alternatives | Set the multi-year vision and global strategy for SaaS platform and AI partner marketing, translating Stripe’s company, marketing, and partnerships priorities into an operating model, investment strategy, and measurable outcomes. | Serve as an advocate for partners within Stripe | support the development and execution of pricing and packaging strategies across Stripe’s existing and upcoming products"
5,861,724,0.0294,67,False,"Implementing the outlined policies and procedures, using integrated technology, and delivering consistent and appropriate medical care within the given skills | Advise on policy development and updates, training and communications, program governance, controls, monitoring and risk assessments, including reviews of interactions with health care providers such as primary market research efforts, data procurement, patient support programs, and other higher-risk activities. | Facilitate communication between all identified parties involved in patients’ care as needed (e.g., family members, caregivers, medical providers, community-based organizations) | coordinates those member’s cases (serving as the single point of contact) with the clinical healthcare management and interdisciplinary team in order to provide care coordination support | Assists with development of utilization/care management policies and procedures. | Monitor patients, manage treatment plans, and respond to health changes | Assess patient needs, document care delivered, and escalate concerns appropriately. | Conduct business assessments, patient journey analyses, and scenario planning to identify risks, opportunities, and performance drivers. | Serve as the patient engagement lead for pipeline and launch products, ensuring patient services strategies are built into launch planning from early development through commercialization. | Participate in quality improvement projects, provider education sessions, team huddles to stay current with evolving clinical guidelines and organizational priorities. | Gathers patient data through interview and observation. | Provides guidance for clinical operational aspects of a program. | Collaborating with physicians, case managers, and internal branch teams. | As needed, provide clinical and technical expertise for clinical trial procedure support | Report changes and document pertinent information and care rendered to patient to ensure continuity of care. | Develops and integrates programs developed to improve overall health outcomes with a focus on Specialty medications. | Work closely with the sales team, referral sources, and patients to collect required documentation, secure health plan authorizations, and ensure compliance with insurance guidelines | Develops coordinated collaborative care plans with providers. | communicating with field staff, patients, physicians, etc. to maintain proper care coordination and continuity of care | Interface with physicians and manufacturer representatives to obtain and provide patient and provider specific information."
6,46,25,0.001,7,False,"Monitor animal health and promptly report concerns to management and veterinary staff. | Work with management, study directors, Facilities, and veterinary staff to identify, report, and resolve animal, equipment, and facility-related concerns. | Set the bar for providing high-level, proficient veterinary medical care. | Provide daily animal husbandry and care to maintain the health, welfare, and quality of research animals. | Build and further develop growth for our company's Animal Health in market leadership for companion animal. | Support compliance with animal welfare, biosafety, biosecurity, environmental health and safety, and accreditation requirements. | Oversee operating, safety, and compliance procedures as required by applicable law and Chewy Vet Care processes and policies | Provide thorough, compassionate medical, surgical, and preventative care to pets. | Providing solutions to a broad array of animal health and production issues that are based upon a sales approach that identifies the customer’s needs. | Communicate clearly and respectfully with other Team Members, keeping veterinarians informed in real time on patient updates (in practice, at referral, and under home care) | Communicate effectively with Veterinarians, their staff, and Pet Parents as needed. | Collaborate with and delegate veterinary team members to ensure efficient, cohesive , team -based care. | Collaborate with and delegate veterinary team members to ensure efficient, cohesive, team -based care. | Promote a unified mission of enhancing pet health and well-being. | Network across the livestock and lifestyle animal industries to share best practices and create new business opportunities. | serve as a leader of your practice's veterinarians, veterinary technicians, and assistants | Advocate for the best interest of pets while aligning with Chewy Vet Care's care philosophy. | Building and maintaining relationships with key industry leaders including veterinarians, nutritionists, extension, university personnel, pork processors and other consultants to our customer base. | Establish liaison relationships with key animal health organizations critical to the product/diagnostic area supported and to promote and enhance the image of Zoetis | Advocate for the best interest of pets while aligning with Chewy Vet Care’s care philosophy."
7,147,176,0.0072,86,False,Perform other related duties as assigned or requested. | Other duties assigned as needed | Perform other duties as assigned or needed. | Perform other duties as needed or assigned. | Perform other related duties as assigned. | Other duties as assigned. | Other duties as assigned. | Other duties as assigned. | Other duties as assigned. | Other duties as assigned. | Other duties as assigned. | Other duties as assigned. | Other duties and responsibilities as assigned. | Perform additional duties and responsibilities as required. | Perform other duties and responsibilities as assigned. | Performs other duties as assigned. | Performs other duties as assigned. | Other duties as assigned | Other duties as assigned | Other duties as assigned
8,203,186,0.2214,31,False,"Seguir y respetar a cabalidad todos los procedimientos, instructivos, políticas de seguridad y otros estándares determinados por la compañía. | Documentar procesos y soluciones desarrolladas. | Alertar de forma temprana cambios en la demanda que puedan afectar los procesos operacionales. | Acompanhar e validar atividades de implantação, mobilização, desmobilização, automação, facilities e infraestrutura associada. | Seguir los procesos y procedimientos del proyecto | Documentar las actividades de mantenimiento realizadas, incluyendo el registro de refacciones utilizadas. | Preparar y entregar informes de trabajo completos. | Elaborar informes de falla, participar en análisis de causa raíz y contribuir activamente a la gestión de mantenimiento de las instalaciones, así como al seguimiento de malos actores. | Colaborar con gerentes y equipos para desarrollar e implementar procesos que satisfagan las necesidades del negocio e identificar oportunidades de mejora. | Dar seguimiento al proceso de confirmación de precios de la AC, utilizando las herramientas he información del área de construcción promocional, con el objetivo de lograr los objetivos de la hoja de promesa. | Cumplir con los objetivos en la hoja de promesas, dando seguimiento a las inconsistencias a nivel de comprador, para entregar una AC a las tiendas, que cumpla con los requisitos de la estrategia de cada AC. | Dar seguimiento al proceso de carga de la AC, utilizando las herramientas he información del área de construcción promocional, con el objetivo de lograr los objetivos de la hoja de promesa. | Descomponer problemas complejos en iniciativas y entregables claramente definidos. | Brindar soporte para la toma de decisiones en cambios de BHA, parámetros o selección de nuevo diseño. | Brindarás soporte al equipo de mantenimiento en tareas preventivas y correctivas. | Suministrar la información necesaria para que el compañero que reciba turno continúe con los procesos de producción. | Operar unidades hidráulicas e sistemas auxiliares assegurando o cumprimento dos critérios de aceitação definidos. | Dar seguimiento a KPI de desempeño (operación, mantenimiento, seguridad y medio ambiente) para asegurar la mejora continua de los procesos. | Liderar células de eficiencia con equipos relacionados para cumplir con objetivos de reducción de costos. | Operar y controlar secadores de cascarilla, torres de azufración y trenes de lavado de fibra."
9,176,159,0.1893,34,False,"faites la promotion de la vision de notre marque auprès de nos clients, de sorte à créer des adeptes pour la vie | est un vrai ambassadeur de l’entreprise auprès des clients | Apprenez à comprendre les besoins des clients et à offrir les solutions d’assurance qui leur conviennent. | assurer la mise en service des moyens techniques | Évaluer et agir sur les rapports de non-conformités. | Développer les relations avec les parties prenantes clés chez les clients et garantir leur satisfaction. | Réaliser le reporting de votre activité pour votre supérieur : marges, ventes, avancées… | Assurer la gestion des produits non conformes ainsi que leur disposition. | Collaboration avec les représentants des divisions spécialisées pour promouvoir la vente croisées lorsque cette pratique est possible. | Contribuer activement à promouvoir notre image de marque et à développer la satisfaction client. | Aider les gens à protéger ce qui compte le plus : Apprenez à comprendre les besoins des clients et à offrir les solutions d’assurance qui leur conviennent. | Participez à la vie communautaire et à des événements afin de bâtir des relations solides qui se traduisent en clients à long terme. | Contribuer à l'amélioration continue des processus et standards sécurité. | Renforcer les relations avec la clientèle | Donner la formation qualité aux employés. | suivez votre portefeuille d’opportunités commerciales | Recruter, intégrer, accompagner et évaluer les collaborateurs. | Prospection et qualification de nouveaux comptes à partir des comptes existants, des comptes inactifs ou des comptes non-clients, y compris les comptes concurrents. | Contribuer à l'amélioration continue de la qualité des données achats. | Concevoir et animer des formations à destination de la chaîne managériale et des équipes commerciales."
10,68,44,0.0511,16,False,"Budowanie relacji z instytucjami państwowymi i firmami zewnętrznymi. | prowadzenie zmian inżynieryjnych aż do ich walidacji, we współpracy z zespołami Konstrukcji, Łańcucha Dostaw, Jakości Dostawców, Zarządzania Konfiguracją, Bezpieczeństwa i Niezawodności oraz innymi zespołami | Weryfikacja zwracanych pojazdów pod względem wymaganych przeglądów i uszkodzeń | Przyjmowanie i sprawdzanie samochodów po wynajmie | Współpraca z działami biznesowymi, zakupami, inwestycjami i księgowością przy realizacji projektów. | uzupełniania ekspozycji | przygotowywanie dokumentacji potwierdzającej spełnienie wymagań dla zmian „poważnych” lub nowych wyrobów | Proponowanie rozwiązań które doprowadzą do trwałego wyeliminowania powstających problemów | prowadzenie postępowań wyjaśniających | Współpraca ze wszystkimi sekcjami Wydziału Produkcyjnego w tym szczególnie sekcją kontroli jakości oraz sekcją wydawania narzędzi | wykonywanie przeglądów, napraw, regulacji, demontażu i montażu komponentów zgodnie z dokumentacją techniczną, schematami oraz instrukcjami serwisowymi | Wykorzystywanie umiejętności obsługi klienta, podstawowych technik sprzedaży oraz wiedzy o produktach, aby łączyć klientów z odpowiednimi produktami i wspierać realizację celów sprzedażowych | przyczynianie się do zapewnienia bezpiecznego środowiska pracy. | Projektowanie z uwzględnieniem produkcji, montażu i serwisu. | Monitorowanie wydajności aplikacji i systemów oraz wczesne wykrywanie potencjalnych problemów związanych z obciążeniem i wydajnością. | współpraca z zewnętrznymi laboratoriami i dostawcami usług kalibracyjnych | Emelőgépek és emelőeszközök vizsgálatainak koordinálása külső szakértő mellett | Dbanie o zgodność procesów z obowiązującymi procedurami i polityką rachunkowości. | Przeprowadzanie kontroli jakości produktów – obsługa urządzeń kontrolnych i pomiarowych | Pomoc klientowi w rozwiązywaniu problemów technicznych w miejscu zaparkowanego samochodu"
11,54,33,0.0393,18,False,"Einweisung der Kund in die Fahrzeugtechnik und Klärung grundlegender Fragen | Du arbeitest eng mit Einkauf, Technik und Service zusammen, um die Materialverfügbarkeit nachhaltig sicherzustellen. | Funktions- und Prüfstandläufe (z. B. Dichtheitsprüfungen, Laufproben) inkl. Dokumentation | Kompetent leistest du technische Hilfestellung zu verschiedenen Anwendungen | Erschaffung eines Wissensmanagements hinsichtlich der Materialrechtsthemen durch Dokumentation, Beratung, Schulung, Unterstützung und Arbeitskreise für die Prozessbeteiligten | Nutzen Sie moderne Technologien, Datenanalysen und KI-gestützte Ansätze zur Steigerung von Qualität, Effizienz und Nachhaltigkeit. | Auffüllen der Warenbestände im Verkaufsraum | Eigenständige Lösung von Kunden- und Vertriebsanliegen in Zusammenarbeit mit anderen Fachabteilungen | Mitarbeit bei der Warenpräsentation | Du übernimmst die Verantwortung für eine effiziente, termingerechte und wirtschaftliche Materialversorgung. | Risikobewertung von Materialien und Produkten | Die Bestandskontrolle und die Warenausgangskontrolle liegen in Deinen Händen, damit stets alles den korrekten Weg nimmt | Continu processen beoordelen en verbeteringen zoeken. | Sicherstellung der Einhaltung aller Sicherheitsvorschriften, Qualitätsstandards und technischen Richtlinien | Überwachen die rechtlichen und normativen Anforderungen an die Materialien und Produkte | Vertragsmanagement inkl. Vertragsanlage und -abrechnung | Reklamationsbearbeitung | das anschließende Vertragsmanagement während des Vertragslebenszyklus | Abgleich der Anforderungen mit denen der Kunden | Weiterentwicklung und Implementierung von Vorgaben, Prozessen und Standards"
12,42,30,0.0357,7,False,"Sørge for at sikkerhets- og sikkerhetsprotokoller følges til enhver tid | detaljering av leiebiler | H ilse på kunder og lytte til deres behov for å finne de beste leiealternativene | Hilse på kunder og lytte til deres behov for å finne de beste leiealternativene | Føre nøyaktige journaler | sikre underskrift på lejedokumenter | Afklaring af betingelser og gebyrer til kunder | kjøring av leiebiler for å sikre at de er rene og presentable | F orklare sluttgebyrer til kunder og innhente kvitteringssignaturer for leie avtaler | L ytte og opfylde kundens behov ved alle aspekter inden for billeje | Utfør mindre reparasjoner og vedlikehold som å skifte lyspærer eller vindusviskere | Toezien op de voortgang en kwaliteit van de werkzaamheden die door externe partijen wordenuitgevoerd. | Føre nøyaktige journaler og fullføre papirarbeid | dokumenter dem med passende verktøy og vurdere eventuelle nødvendige kostnader etter behov | De kenmerken en voordelen van onze producten op een duidelijke en overtuigende manier communiceren. | Udførelse af backoffice opgaver (håndtering af e-mails, udarbejdelse af stationsrapporter mm.) | salg av tilleggsprodukter og tjenester | Bistå med veibeskrivelse og reiseinformasjon | beheer en gebruik van voorraden | Ervoor zorgen dat het onderhoud, de presentatie en de organisatie van winkel- en magazijn zaken op een gepaste manier worden aangepakt."
13,36,28,0.0011,24,False,"Develop, maintain, and enhance pricing models, tools, and analytical frameworks. | Lead strategic pricing reviews and implement price adjustments that support business objectives and optimize profitability. | Develop training materials, tools, and resources that support pricing discipline and consistency. | Perform timely research, development, and robust product pricing of new solutions. | Create and maintain dashboards, reports, and presentations that communicate pricing performance to leadership and stakeholders. | provide subject matter expertise, project management, and analytical support to the development and execution of Pricing Strategies | Develop pricing proposals, as needed, and submit to management for approval. | Build reusable pricing transformation capabilities, documentation, standards, and talent; coach team members and progressively assume broader ownership for enterprise pricing strategy, architecture, governance, and platform performance | help us price new products and evaluate their pricing performance as the products evolve | Collaborate with the Pricing team to set rates on new products and effectively incorporate new products into the product management processes. | Support pricing of new products, schemes and delegated authority business. | analyze pricing questions, develop recommendations, and help cross-functional teams move from insight to execution | Lead execution of pricing activities in the store, ensure that price changes, sign changes and ticketing procedures are completed accurately and efficiently | Lead or support transfer pricing audits, advance pricing agreements, and other controversy or dispute-prevention activities. | Identifying opportunities to refine methodology and help launch new price assessments | Works in conjunction with other marketing, development and finance functions on setting prices, testing pricing and promotion strategies, and determining go-to-market pricing on new product launches. | Participate in corporate-wide initiatives involving pricing functions, philosophies or processes | Prepare and maintain all customer price books and cost models including day-to-day operations of timely and accurate updating of quote tool(s) and Enterprise Resource Planning (ERP) system. | Supports program management and customer management with quoting, cost reductions, price changes, analytics and profitability analyses. | May also update pricing databases track current and historical pricing of the company’s products and of its competitors."
14,85,67,0.0027,52,False,"Create and participate in escalation, evening, weekend, and holiday on-call rotations. | Be available for on-call rotational work to ensure uninterrupted support and resolve emergencies | Participate in an on-call rotation and provide responsive support for operational needs. | Participating in 24X7 on-call rotations. | Must be available to be a part of a 24/7/365 rotational on-call schedule. | Oversee shift operations including 24x7 support structures. | Participate in a 24/7 on-call rotation supporting mission-critical business systems. | Support rotational out-of-hours or on-call activities where required | Coordinate 24/7/365 on-call support rotas to ensure continuous coverage for emergency service clients. | Work nights, weekends, holidays, and emergency callouts. | On-site support and out of hours work will be required. | Be available to work any shift within our hours of operations (8am-5pm (CST)) | Available to work different shifts and overtime, including weekend overtime. | Ready to work in 24X7 Shifts & on call schedule. | 24/7 Operation - Your flexibility to work any assigned shift, off-schedule, fill in for a workmate, respond to emergencies, etc. | Must be available to work any shift | Participate in on-call rotations and major incident bridges as required. | Weekends and shift work may be required | Lead and coordinate operations tasks during assigned shifts. | Work a schedule that includes lunch, dinner, and weekend shifts to provide leadership across all hours of operation"
15,39,25,0.001,31,False,"Maintain accurate and up-to-date records of sales activities and customer interactions in Salesforce and other systems. | Maintain accurate and up-to-date records of sales activities, including leads, opportunities and client communications | Document customer interactions in the appropriate systems and maintain accurate, up‑to‑date records. | Maintain accurate records effectively recapping sales calls, account activity, activation feedback, expenses, and market activity | Keep accurate records and regularly update the CRM system | Maintain accurate records effectively recapping sales calls, account activity, activation feedback, expenses, and market activity. | Maintain updated records of quotes, follow-ups, and customer communications. | Maintain up-to-date and accurate customer records | Maintain accurate records of prospect activity and follow-up in the CRM. | Maintain accurate documentation of sales activities and pipeline within the Sales CRM System. | Maintain and update customer records as necessary. | Accurately document customer interactions and business activities within required systems and platforms. | Update customer records to ensure the most up to date information is available. | Providing accurate and timely documentation of activities and customer interactions to specified management levels. | Maintain current customer records, files, and reports of business transactions | Record calls, visits, appointments, opportunities, next steps, and forecast updates accurately and consistently. | Use CRM systems (e.g., Salesforce) and technology tools (e.g., Power BI) to record activities and inform business decisions. | Maintain a high level of CRM hygiene to ensure all relevant data is captured | Maintain accurate and up-to-date records within Salesforce | Maintaining customer data, sales activity and forecasts in a CRM system"
16,43,26,0.0011,28,False,"Define and implement model evaluation frameworks (quality, accuracy, safety, and performance metrics) and guide teams on continuous improvement. | Actively working with Model Risk Management to ensure the high-standards of model development, validation, performance monitoring, and regulatory review & auditing | Develop and implement monitoring systems to track model performance and identify issues. | Make model quality measurable in production and drive the feedback loops that improve it. | Ensure model governance, documentation, and performance benchmarking | conduct model evaluations using standard metrics | Follow and refine best practices for model development, monitoring, governance, and continuous improvement. | Design evaluation frameworks that measure model quality and help analysts trust and validate results. | Conduct experiments and analyze results to improve model performance | Work directly with model builders to vet new models, suggest changes to existing models, or analyze model performance data. | Establish and follow best practices for model development, monitoring, governance, and continuous improvement. | Deliver high-quality analytical and modeling outputs with limited manager oversight | Establish model governance standards, including documentation, validation, back-testing, and post-mortem analysis. | Assess and mitigate model risk | Establish Model Governance: Implement strict governance frameworks to ensure high-stakes autonomous decisions remain accurate, unbiased, explainable, and resilient to data drift. | establish rigorous evaluation frameworks to measure model performance across diverse use cases | Evaluate and iterate fast. Build evaluation frameworks, run experiments, and make data-driven decisions about model and system performance. | Oversee model training, validation, and risk assessment (e.g., bias, hallucination) | Ensure assigned parts of model development projects and processes comply with Truist requirements for model risk management and other policy requirements. | Assists in the design of appropriate tests to determine whether models work as designed and monitors existing models for adequate performance"
17,121,100,0.0041,63,False,"Aggressively manage risk and issues; and mitigation efforts as appropriate | identify potential risks and recommend mitigation strategies | Develop risk insights and reporting for executive leadership, risk committees, and board-level governance forums, helping communicate the firm’s most significant risks, emerging themes, and areas requiring management attention. | Identify risks and mitigation plans. | Identify risks early and drive mitigation strategies. | proactively identify and mitigate issues and risks | Anticipate regulatory and legal risks, and proactively design strategies to manage them. | Lead the development, implementation, and improvement of S&H procedures and practices through the recognition and communication of risk | Prepare clear risk summaries, issue documentation, and executive-ready updates that communicate business impact, status, and recommended actions | Oversee thematic reviews, scenario analysis, and forward-looking assessments that strengthen understanding of the firm’s evolving risk profile. | Evaluate the business impact of customer risks to prioritize resources, establish clear action plans, and accelerate resolution timelines. | Provide independent challenge and risk perspective regarding material risks, emerging concerns, and risk management effectiveness. | Identify gaps in current systems, policies and strategies, and recommend enhancements and process improvements to mitigate emerging risks through a collaborative approach with stakeholders. | Conduct thematic reviews, scenario analysis, and forward-looking assessments that strengthen understanding of the firm’s risk profile. | Operate and maintain risk and governance tools to support consistent risk assessment and reporting processes | Translate complex and interconnected risks into actionable insights for senior stakeholders. | Champion a proactive, insight-driven approach to risk management that strengthens risk awareness, accountability, and decision-making. | Lead enterprise risk synthesis activities, helping establish a consolidated view of the firm's key risks and areas requiring management attention. | Develop and maintain an enterprise-wide view of technology-related risk exposures, emerging threats, and risk management effectiveness. | Develop integrated perspectives on the firm's most significant risks, identifying interdependencies, concentrations, and emerging themes across risk domains, businesses, and geographies."
18,56,34,0.0014,28,False,"Support project managers during construction by providing technical oversight and contractor coordination. | Monitor progress and provide support during construction. | Oversee engineering deliverables, procurement activities, and construction progress. | Coordinate with designers, contractors, vendors, and operations teams. | Plan and coordinate construction, renovations, and maintenance projects to ensure they are completed on time and within budget. | Oversee third-party engineering, procurement, construction management, and construction contractors. | Oversee contractors involved in maintenance activities and projects. | Monitor construction progress, quality, safety, documentation, and compliance. | Coordinate engineering consultants to develop construction drawings and supporting documentation. | Communicate, coordinate, and assist in work with outside contractors, vendors, and Property Managers/Landlords. | Plan and coordinate installation, upgrade and outage scopes, including schedules, skilled labor, site activities and personnel logistics. | Oversee contractor safety, including risk management, onboarding, performance monitoring, and compliance. | provide technical guidance and assistance on contracting and construction-related issues | Serve as the owner's representative on site and be responsible for delivering the project safely, on schedule, within budget, and to the highest quality standards. | Manages all construction activities for assigned homes | Develop and maintain documentation, standards, forecasts, and reporting related to site planning, infrastructure growth, and permits. | Oversee all phases of land development, including entitlement, engineering, permitting, horizontal construction, and amenities ensuring projects are delivered on time, within budget, and to quality standards. | Review and approve engineering designs, site plans, plats, and utility layouts to ensure consistency with master plans, entitlements, and operational requirements. | Provide leadership to the emergency response contractor team and support the contract owner to ensure contract requirements are fulfilled | Raise reactive work orders for engineers and sub-contractors and ensuring consistency of communication with the client throughout the life cycle of every specific job raised."
19,247,225,0.0092,111,False,"implement process improvements to drive operational improvements | Support continuous improvement efforts that reduce manual effort and improve operational efficiency. | Help identify process improvement opportunities. | Drive process improvements and implement best practices | Provide ideas and suggestions for continuous process improvement. | Execute process improvements, automation initiatives, and collaborate effectively with stakeholders. | Drive continuous improvement to capacity, capital, and business process/strategy. | Develop and implement practical process and work-practice improvements that strengthen productivity, quality, reliability, and consistent execution. | Identify process improvement opportunities. | Lead and execute continuous improvement initiatives to drive process standardization, efficiency, and defect reduction. | Drive continuous improvement initiatives that enhance efficiency, consistency, customer satisfaction, and service quality. | Develop action plans to address performance trends and drive continuous improvement. | Champion continuous improvement initiatives that enhance productivity, reduce waste, and strengthen overall manufacturing performance. | Identify and implement process improvements that increase efficiency, strengthen controls, and support overall financial performance. | Collaborate with teammates and management to identify, design, and implement systematic process improvements for greater efficiency, effectiveness, execution, and analysis. | Seek opportunities for consistent improvement in quality, efficiency, and processes | Identify opportunities for process optimization within area of responsibility; coordinate with leadership to implement improvements. | Drive continuous improvement initiatives by identifying and implementing cost savings strategies, process enhancements, and supplier performance improvements. | Drive continuous improvement efforts to streamline workflows, reduce manual touchpoints, and accelerate delivery timelines. | Identify recurring issues or process gaps and provide feedback for continuous improvement."
20,148,92,0.0037,19,False,"Preparing and delivering high-quality meals while maintaining excellent standards of food safety, hygiene, and customer service | Ensuring all food is prepared and presented to a high standard | Ensure full compliance with food safety, allergen management, HACCP, health & safety, and company policies across all kitchen operations. | Supporting the delivery of a safe, efficient, and professional catering service | Planning, preparing, and delivering high-quality meals in line with client and company expectations | Maintaining high standards of food quality, presentation, and hygiene | Follow all Food Safety and Cleaning Expectations. | Implement and maintain rigorous food safety, health and safety, and hygiene procedures | Following food hygiene and health & safety standards at all times | Following all food safety, health and safety, and company procedures | Coordinate meal services, refreshments, and catering requirements. | Ensure strict adherence to food quality, presentation, and portion control standards across all dishes | Ensuring food safety and hygiene standards are maintained at all times | Ensure compliance with all health and safety regulations and food handling protocols | Assisting with menu delivery and food production | Manage and oversee your designated kitchen section, maintaining organization and efficiency at all times | Working closely with the wider catering team to ensure an efficient service | Maintain cleanliness of the facilities and make sure tasting room is always stocked with any supplies needed | Follow and enforce food safety, food quality, and regulatory requirements established by the Safe Quality Food program, Occupational Safety and Health Administration, Food and Drug Administration, Environmental Protection Agency, customers, and the company | Following food safety, health and safety, and company procedures"
21,43,34,0.0014,32,False,"Support and lead contract negotiations to optimize commercial outcomes. | Leading complex negotiations involving pricing, terms, procurement, Legal, Finance, and executive stakeholders while protecting long-term customer relationships and commercial value | Advise on deal structure, pricing, terms, discounting, approvals, amendments, renewals, co-terms, ramps, bundled products, and other commercial considerations. | Lead the negotiation of high-value, complex pre-M&A contracts and multi-party agreements across the client portfolio. | Partner with Sales, Business Development, Legal, Finance, and other stakeholders to structure commercially sound and financially sustainable agreements. | Negotiate and manage complex commercial terms, contracts, and agreements to achieve mutually beneficial outcomes. | Support overall contract negotiations, working with leaders to align on contracting strategies, that bring new partners into our network. | develop deal structuring frameworks and partner models. | Lead complex commercial and contractual negotiations with large global customers, driving, shaping, and executing major commercial deals that deliver significant value to both the customer and the company. | Manage the commercial mechanics of the partnership — reseller and OEM agreements, renewal timing, pricing structures, and contract terms — in partnership with legal and deal desk. | Lead pricing and commercial negotiations across the portfolio, from strategy and deal structure through terms, SLAs, and executive alignment; you will personally run the ones that matter most | Drive deal strategy and commercial negotiations for large, complex renewals | Partner with the business on commercial negotiations where applicable | Work with company and vendor legal counsel on contract review and redline negotiations. | Partner with Finance, Legal, and Procurement teams to manage contracts, own renewal management by proactively tracking upcoming renewal dates and driving timely decisions, and identify opportunities for consolidation and cost savings. | Negotiates pricing and contract terms and conditions | crafting the proposal, pricing and ultimately the successful negotiations and deal completion with the customer | Conduct negotiations to reach agreements. | reviewing and negotiating vendor and marketing agreements | contract development and agreement management"
22,141,136,0.0055,65,False,"Maintain compliance with procurement policy and fulfills business requirements of supplier diversity and sustainability, executing tactical processes to create value. | Coordinate vendor relationships and support contract and procurement processes as required. | Read, draft, review, and negotiate supplier contracts. | Build and maintain strong supplier relationships while managing quotations, lead times, shipments, and delivery performance. | Manage and coordinate supplier and supply agreements, governance requirements, contract-related coordination, and operational follow-up. | Initiates and executes supplier improvement activities and integrates results into contracting strategies | Manage supplier relationship activities from contract negotiation to execution. | Manage procurement processes for assigned categories, including sourcing strategy, contract execution, and supplier performance, to ensure alignment with cost, quality, and service goals. | Identifying and implementing opportunities to improve procurement processes, supplier performance, and ways of working, contributing to continuous improvement and operational excellence initiatives. | Managing supplier relationships to understand the business, gather market intelligence, assess risk and ensure compliance to KPIs | Validate supplier documentation and maintain accurate procurement records. | Coordinate supplier onboarding activities and maintain accurate procurement documentation and records. | Lead procurement strategies for high-impact categories, including supplier negotiations, contract execution, and performance management to align with procurement budget/costs, quality, and service objectives. | Develop supplier development programs. | Manage supplier and trade partner relationships to address compliance, risk management, and ongoing performance improvements. | Manage suppliers and trade partners to ensure compliance with performance goals, legal requirements, and organizational standards and policies. | Lead procurement and vendor management for hardware, software, and services, including evaluation, negotiation, and ongoing relationship management. | Negotiate supplier agreements and terms, including pricing, product quality, delivery schedules, and service expectations across assigned procurement categories. | Lead and support the qualification, assessment, and onboarding of new suppliers, ensuring compliance with quality, regulatory, and business requirements. | Participate in supplier audits and process improvement projects."
23,30,15,0.0006,21,False,"Design, implement, and maintain processes to optimize manufacturing productivity and efficiency. | designing, implementing, and optimizing production processes to improve efficiency, reduce waste, increase throughput, and improve product quality | Plan, design, and optimize manufacturing processes to ensure efficient utilization of equipment and resources | supporting and optimizing manufacturing methods to help achieve the delivery objectives of the manufacturing plant | Recommend process, equipment, or operational improvements to enhance product quality, yield, reliability, and manufacturing efficiency. | Develop and improve manufacturing processes to reduce labor costs and maintain quality, safety, and ergonomics. | Contribute to building scalable manufacturing solutions that can be leveraged across multiple models, seasons, and/or product lines to maximize efficiency and consistency. | Support transfer and implementation of manufacturing processes; ensure manufacturability, troubleshooting, and continuous improvement. | Improve yield and process capability while reducing waste and strengthening manufacturing performance. | Find alternative options that drive cost savings to the manufacturing process. | Analyze manufacturing data to identify trends and root causes, and perform process optimization for scrap reduction and efficiency improvement using Lean Manufacturing, Six Sigma methodologies, statistical analysis, and process capability studies. | Drive improvements in manufacturing KPIs (OEE, MTBF, throughput, yield, Cycle time) through mechanical and controls optimization and modernization initiatives. | Identify opportunities to reduce operator burden, improve ergonomics, and elevate production consistency. | Support process transfer, ramp readiness, excursion response, tool qualification, recipe optimization, and manufacturing health improvements. | Provides consultation on the use of re-engineering techniques to improve process performance and product quality. | Optimizes Process Capability on significant characteristics through effective application of statistical analysis techniques and training of manufacturing employees and technicians in Problem-Solving. | Assist in ensuring manufacturing processes and MES configurations remain aligned with engineering, quality, and operational requirements. | Analyze operations to improve throughput and yield, while building the capabilities of the plant teams | Leverage your engineering expertise to make a meaningful impact on the process and packaging systems within our manufacturing facilities | Continuously improve template performance, output quality, and the reliability of the overall production system."
24,41,26,0.0011,36,False,"Occasional travel for training or meetings may be required | Travel occasionally (approximately two times per year) for team meetings, workshops, or business needs. | Travel both in domestic and overseas in accordance with business needs. | Travel between locations required. | Need to travel from time to time for conferences and for on-site visits with developers. | This role requires weekly travel, including potential overnight stays, to healthcare offices within a designated territory. | Coordinate and manage your own travel associated with field assignments. | Travel as needed to attend client meetings | Arranging comprehensive domestic and international travel, including flights, applicable visa and passport requirements, ground transportation, hotels and detailed itineraries. | Worldwide travel (> 50%) is required. | Willingness to travel ( Min 50%. 10-12 weeks of travel over 6-9 months of rollout duration) | Heavy travel planning, meeting scheduling, and periodic event coordination with internal and external participants from US , Europe and Asia | Quarterly travel to visit agencies in assigned region(s) to be self-scheduled and independently managed | This position will require travel throughout the designated geography and may require overnight stays. | Heavy travel within the territory is required and as necessary to support other company-based engagements within the US | Manage end-to-end travel, including planning, booking, and creating itineraries in advance of domestic and international trips | Travel: Certain travel required to customer sites in China and to HQ/engineering teams in the US to support escalations, engineering reviews, and knowledge transfer. | Travel domestically up to 20% | Travel to design customer sites, partner meetings, and industry events approximately 10 to 20% of a given year. | Arranges travel and accommodations, including detailed itineraries"
25,43,12,0.0005,16,False,"requires community outreach, member engagement, and participation in local events. | connections to other regional engagement events to grow and deepen client and community relationships | Plan and run meetups, workshops, dinners, and other gatherings. | being a part of the community through events | be a part of the community through events | Run thoughtful, personalized outreach. | development and execution of community events and partnerships with the advisor | builds relationships with community leaders and their organizations, churches, and local non-profit and business networks | Identify, schedule, and participate in local events including home shows, festivals, and community gatherings. | Provide community tours. | Build useful follow-up paths, share what you're learning from the community, and measure how events contribute to relationships, adoption, and pipeline. | Stays active locally by attending events and partnering with community organizations. | Community relations events (Local Chamber or other Organizations, etc.) | Create engaging communications and content that showcase community impact and inspire participation | Identify new community opportunities and recommend engagement strategies. | Assist with community meetings, city council meetings, community events and advisory groups. | Build community between events. | Develop and activate strategic partnerships with organizations in the region(s), including churches, non-profits, and business networks to build opportunities for engagement | Recruit, develop and support internal volunteers and planning committees across locations and business segments. | Lead club-led outreach and campaigns, ensuring audiences are relevant, appropriately permissioned, and measurable."
26,42,17,0.0007,24,False,"Put together and coordinate all calendar of events; for example: theme days, new hire orientation, safety shoe days and etc. | Managing complex calendars, prioritizing internal and external meetings, coordinating with other assistants, and resolving scheduling conflicts across supported leaders. | Coordinating logistics for internal conferences and large meetings, managing schedules, materials, and vendor arrangements. | Managing complex calendars, anticipating and resolving scheduling conflicts, and prioritizing internal and external meetings in close coordination with other assistants. | Proactively manage team calendars, prioritize competing requests and coordinate schedules across internal and external stakeholders. | Assist with event planning and execution, including schedules, participant communications, registrations, speaker coordination, logistics, and follow-up activities. | Organizing conferences and large-scale meetings, including schedules, materials, and vendor coordination. | Manage calendars, schedule meetings, and coordinate conference calls | Provide administrative support to our President, Product and Business by managing a complex calendar | Communicating and coordinating with each department and within Facilities Management when planned and unplanned work events occur | Complete required administrative tasks, scheduling, and event planning. | Manage complex and dynamic calendars, including scheduling meetings across multiple time zones and balancing competing priorities. | Manages a very dynamic calendar for the VP and for the Business Unit, in close coordination with ADI company meeting and communications cadences | Set up, staff, and manage company displays at events. | Anticipate scheduling conflicts and proactively resolve complex logistical challenges involving multiple executives and stakeholders across global time zones. | Coordinate marketing events which include organizing the event, contacting vendors, finalizing event details, crafting marketing compliance documentation and managing event marketing reimbursement. | Lead staff, ongoing staff training, staff positioning, ensuring that all staff members are well-informed on event specific details and managing breaks. | Create agenda and lead team in regular Production & Operations meeting for assigned festivals | Maintain office/vacation schedules for sales and VIP team. | Manage EID Council meetings and related activities, including agendas, materials, logistics, follow-up and commitment tracking."
27,146,107,0.0044,82,False,"Build, optimize, and maintain scalable data pipelines in Workday and/or external source systems that transform, join, validate, and prepare data for downstream reporting and analytics | Own the entire data lifecycle, from strategic design of data models to hands-on building of efficient processing pipelines and establishing seamless integration strategies. | Build and maintain scalable data systems and infrastructure that empower our business teams to make better decisions | Partners with engineers, data scientists, and the data office leadership to define and refine data architecture and technology choices. | Creating and maintaining data pipelines, ensuring efficient data ingestion, validation, cleaning, and monitoring processes | design, develop, and maintain data pipelines | Integrate and transform large volumes of data from diverse sources (e.g., DB2, SQL Server, Teradata, APIs) to support analytics and experimentation. | Lead the development of analytic data products, pilots, and proof of concepts in alignment with enterprise architecture and data strategies, while maintaining scalable, secure, and automated solutions. | Define and execute the vision, architecture, and roadmap for enterprise data and analytics platforms. | Contribute to the development of data pipelines, integrations, and automation solutions | builds processes supporting data transformation, data structures, metadata, data quality controls, dependency, and workload management | Build and maintain scalable data infrastructure including data warehouses, data lakes, and streaming systems that support high-volume data processing and analytics workloads | Modernize and simplify the data ecosystem through scalable cloud platforms, integration strategies, architecture standards, and executive reporting capabilities. | Provide experience designing data solutions that support future use cases and evolving data usage needs. | Architect, develop, and deploy global-scale distributed platforms and pipelines for massive data ingestion, transformation, and analytical reporting. | Evaluate data integration challenges and deliver optimized architectural solutions for complex business requirements. | Design, build, and operate core data-platform capabilities, including data warehousing, orchestration, business intelligence tooling, and data governance. | Establish foundational data practices and help scale analytics infrastructure to support rapid product and commercial iteration | Collaborate with analysts and other engineers to formulate innovative data engineering solutions. | Build and maintain Prism datasets, data transformations, and integrations that enable scalable reporting, advanced analytics, and improved data accessibility"
28,70,39,0.0016,52,False,"Implement data quality validation, monitoring frameworks, and error handling mechanisms to ensure reliable data delivery and maintain system performance standards | Develop automated data quality validation processes. | Validate, reconcile, and troubleshoot data to ensure reporting accuracy. | Ensure accuracy and integrity of data through regular audits and quality checks | Own data quality: build validation frameworks, monitor for drift and contamination, and establish standards that make datasets trustworthy and reproducible. | Adhere to applicable requirements for data accuracy. | Identify, analyze, and resolve complex data quality and standards-related issues. | Solve data quality issues and identify root causes. | Perform data quality checks and system integrity audits | Managing the data fidelity and reporting accuracy is a core responsibility. | ensuring data accuracy and serving as the single source of truth for the organization | Perform comparisons between source information and data uploaded into the system to ensure accuracy. | Data readiness, integration, and quality management | Lead the implementation of advanced data protocols, reduction techniques, and aggregation approaches to validate and optimize data quality. | Lead data validation, reconciliation, and troubleshooting efforts for assigned reporting assets, resolving discrepancies and escalating systemic data quality issues when needed | Implement robust data governance practices, including validation and auditing, to maintain high standards of data quality, consistency, and completeness for critical financial products | Collaborate with internal stakeholders to ensure data quality of inputs and outputs | Execute data cleansing, mass updates, and remediation activities to improve data accuracy and integrity | Ensure data consistency and integrity across integrated systems. | Assess data quality, completeness, accuracy, consistency, timeliness, and fitness for purpose."
29,86,117,0.0048,21,False,"Build and maintain strong working relationships with claims professionals, clients, experts, and business partners to support positive litigation outcomes. | Collaborate with legal teams as needed to support litigation and dispute resolution efforts. | Develop litigation strategies on legal matters. | manage end to end claims processes including lodgment, adjudication, case management and settlements of Insurance and Warranty claims | Acquire and apply knowledge of relevant evolving legal concepts and claim types in jurisdiction to evaluate damages and develop recommendation for appropriate course of action. | Work closely with lawyers and senior paralegals, contributing to high-quality client delivery across fast-moving, high-volume matters | Participate in complex problem resolution, providing expert legal advice on high-stakes issues and disputes. | Negotiate and settle claims in alignment with established guidelines and best practices. | evaluate and negotiate claims settlements with customers, vendors, third party carriers and claimants, in accordance with all legal and business standard methodologies | Negotiate settlements and prepare related documentation. | provide advice and direction to claim professionals on claim damages to achieve optimal outcomes | participate in the investigation of the claim and control litigation strategy | Contribute to the development of workflows and processes that enable the legal team to scale effectively, including contract negotiation, execution, and tracking of contractual obligations. | Manage operational workloads, claim queues, exception inventories, aged items, disputed claims, and escalations to ensure timely resolution. | Ingest information from internal and external partners regarding adverse claim outcomes; collaborate with partners to scope, size, prioritize items and deliver solutions. | Mentor and develop E4 Contract Lawyers and senior paralegals, reviewing their work and providing structured feedback. | Develop and execute litigation strategies involving liability, damages, coverage issues, risk transfer, indemnity, contractual disputes, construction defect claims, and subrogation recovery actions. | Provides counsel to senior management on complex legal issues within a respective line of business or practice area. | Build and maintain relationships with legal services clients and serve as their customer advocate | Collaborate effectively with support staff and leverage technology to maximize case management efficiency and litigation effectiveness."
30,134,92,0.0038,89,False,"Monitor and report on key performance indicators to track progress and identify areas for further improvement | Track key performance indicators (KPIs) and identify areas for improvement, taking corrective actions as needed. | Establish performance measurement frameworks and reporting cadences. | Consistently meet and attain required Key Performance Indicators (KPIs). | Establish measurable product outcomes and key performance indicators, monitoring performance to ensure expected results are achieved. | Establish and monitor KPIs and performance metrics, using data insights to guide continuous improvement and enhance process efficiency | Establish key performance indicators (KPIs) including Churn Rate, NPS/CSAT, Health Scores, and Expansion Pipeline. | Define meaningful measures of experience, readiness, timeliness, quality, and operational performance, and use insights to prioritise improvement. | Establish and maintain KPIs and dashboards for product engineering performance, quality, and delivery. | Define, lead, and report key compliance metrics and performance indicators to measure operational health, identify risks, and support clear progress toward business goals. | Provide timely reporting on key metrics and insights to inform decisions and improve processes. | Consistently meet required Key Performance Indicators (KPI’s) | Create and manage performance metrics to provide visibility to operational performance, insights, trends, and identify areas of opportunity. | support data accuracy, KPI reporting, dashboards, metrics, and process improvement initiatives. | Assist with service evaluation and reporting based on key metrics and KPIs. | Defining key performance indicators (KPIs) and tracking product performance against established goals | Monitor performance results against established metrics and benchmarks and recommend improvement opportunities. | Manage monitoring metrics and indicators of success. | Establish metrics to measure improvements in close performance, automation, productivity, and quality. | Define KPIs, success metrics, and benefits realisation frameworks for all initiatives."
31,78,69,0.0028,54,False,"Create and maintain dashboards and AI-driven reporting tools to enable data-driven decision-making. | Building dashboards and reports that promote appropriate insights and actions. | support the development of reporting tools, dashboards, and visualisations that provide valuable business insights and improve decision-making | Partner with analytics and business stakeholders to support custom reporting and dashboards and ensure data is trustworthy and actionable. | Develop dashboards, MI and analytical tools that support business decision-making. | Use business intelligence and analytical tools to explore data, identify trends, and develop actionable insights. | Build and maintain Power BI dashboards and automated reporting tools that replace manual processes and accelerate decision-making | Design, build, enhance, and support Power BI dashboards, data models, measures, and reporting solutions. | Partner with Data and Analytics teams to support dashboards and reporting, then use those insights to make informed recommendations. | manage the analytics function by coordinating data collection, reporting, and in-depth analysis to drive informed decision-making and long-term strategic planning | Drive reporting and analytics initiatives that demonstrate business impact, customer outcomes, operational efficiency, and risk reduction. | Develop dashboards, reports, and scorecards to monitor performance and support decision-making | Design, develop, and maintain Power BI dashboards, reports, and data visualizations that meet business and stakeholder requirements. | design, implement, and maintain data pipelines and dashboards to generate actionable insights based on stakeholder requirements | Develop and maintain financial dashboards, reports, and scorecards using Sigma Computing, Power BI, or similar business intelligence tools to provide timely and actionable insights. | Assist in the design and development of enhancements to reports and dashboards to transform the way CAF interacts with data | Build dashboards, reports, and advanced analyses (statistical modeling, peer valuation, basin and cost comparisons) that surface trends and inform team- and department-level decisions. | Own the design, development, and ongoing maintenance of interactive dashboards and visualizations in Power BI and Workday Prism, ensuring reporting assets remain accurate, user-friendly, and aligned to evolving business needs | Designing dashboards and reporting that make quality trends visible to frontline leaders, not just to Support leadership. | Utilize Salesforce, Power BI, financial workbooks, and other analytical tools to develop recommendations that improve business outcomes."
32,1048,889,0.0362,171,False,"Lead, mentor, and develop teams to ensure optimal performance and continuous growth. | Develop and coach team members while strengthening organizational capabilities and fostering a culture of accountability, collaboration, and innovation. | Mentor and provide guidance to recruiting team members while contributing to a culture of collaboration and continuous improvement. | Mentor and guide team members, fostering a culture of technical excellence and continuous learning. | Develop team capabilities and create opportunities for growth and professional development. | Coach and mentor team members to drive high performance and best‑in‑class execution. | Mentor and develop team members, fostering their technical expertise and customer knowledge. | Recruit, onboard, and develop team members while establishing competency frameworks and career development pathways. | Provide technical guidance and mentorship while fostering a team environment. | Participate in hiring, onboarding, and performance management of team members. | Provide leadership, coaching, and development support to team members while fostering a culture of accountability, collaboration, and continuous improvement. | Partner with HR and leadership teams to develop training, upskilling, and career development opportunities. | Evaluate and coordinate training initiatives / recognition and team building. | Mentor, train, and develop your fellow team members to support career progression and learning. | Develop the careers of team members. | Ensure that team members are trained to the required standards of their job. | Lead and develop a high-performing team of Quality professionals through recruitment, selection, training and development to foster a culture of safety, quality, accountability, inclusion, and continuous improvement. | Mentoring and coaching team members to align them with leadership's vision while developing their skills and careers. | Provide strategic direction, coaching, and career development to elevate individual and team performance. | Mentor each team member and help them grow their technical and leadership skills."
33,34,7,0.0003,27,False,"Plans, organises, and prioritises daily workload to meet scheduled deadlines. | Responsible for the management, scheduling, and coordination of projects activities, and staff assignments. | Plans and manages execution of work, participates in planning, and delivers on commitments. | Helps plan and coordinate PM Days and Overhauls ensuring all necessary tasks are planned and executed. | Develops periodic goals, organizes the work, sets short-term priorities, monitors all activities, and ensures timely and accurate completion of the work | plans, directs, and coordinates daily operational activities | Oversees completion of special projects and cascades to staff. | Manages large, complex work and coordinates with others to meet service level agreements. | Attends various scheduling meetings in support of the work week process and other site initiatives. | Manages large, complex work and coordinates work with and through others to meet service level agreements. | Responsible for project profitability; inspect project sites on a weekly/bi-weekly basis and work with Foremen to ensure all projects are running smoothly | Serve as liaison between MRB and management to ensure requirements, cost and schedule are maintained. | Leads, coordinates and collaborates on special projects as well as review regulations and procedures. | Complete assigned tasks with consideration of the budgeted work hours and schedule commitments. | Responsible for personal productivity, using all company tools and systems to maximize revenue and continually accelerate growth | Work with site management and the corporate analysis group on developing all operations staff schedules based on the staffing plan. | Responsible for quality, productivity and process efficiencies under execution. | Responsible for all project deliverables, reviewing work products prepared by the team prior to submission to the client. | Responsible for meeting and exceeding established productivity, labor and quality objectives | Ultimately responsible for the technical delivery of each implementation upon which staff participates"
34,42,20,0.0008,36,False,"Adapt to a fast-paced environment while effectively managing multiple competing priorities. | Manage multiple matters and effectively prioritise tasks to ensure that work is completed in a timely and efficient matter. | Able to multi-task and keep up with production demands in a fast-paced environment | Adapt to changing priorities, schedules, and business requirements. | Manage multiple assignments, communicate timelines and status, respond to feedback, and meet rapid turnaround needs. | Manage time efficiently by setting priorities effectively. | manage time and priorities effectively in a high-volume environment | Able to multi-task and keep up with demands in a fast-paced environment | Direct and lead day-to-day operational teams to consistently meet and exceed planned deliverables while managing a high volume of concurrent tasks. | setting priorities organizing work selecting appropriate methods to complete assigned tasks evaluating results and coordinating with others | Able to act efficiently in an environment with dynamic timelines and priorities | Evaluate and interpret business demand, prioritize and distribute daily work assignments. | balancing multiple priorities in a fast-paced, delivery-focused environment | Efficiently handle various tasks in a fast-paced environment. | Must be self-disciplined in managing time and capacity | Must be able to manage tasks and priorities to meet strict deadlines | Adapt quickly to changing priorities and navigate ambiguity with confidence. | Multi-task in a fast-paced team environment | Multi-task in a fast paced team environment | create basic plans to focus time, taking responsibility for assigned tasks."
35,84,68,0.0027,58,False,"Maintain accurate forecasting and reporting on pipeline status and revenue forecasts. | Lead annual budgeting and monthly forecasting processes, ensuring accuracy, transparency, and alignment with business goals. | Provide timely and accurate sales forecasts to inform management's strategic decision-making, and to reflect appropriate management of the territory and sales pipeline | Play an active role in monthly, quarterly and annual system forecasting across the company | Deliver accurate monthly forecasts and communicate changes in material costs and market drivers to stakeholders. | Manage and report accurate forecast and pipeline to the business | Develop accurate departmental forecasts and planning assumptions. | Assist with annual planning and monthly forecasting activities, including preparation of supporting schedules and variance explanations | Support short-, mid-, and long-term resource forecasting and planning activities. | Driving accurate weekly and quarterly forecasting, clearly communicating risk, upside, blockers, and required executive actions | Prepare and maintain accurate sales forecasts, territory plans, and business performance reports. | Work with corporate forecasting and analysis group by communicating varying assumptions and deviations to the staff plan/forecast (absenteeism, vacations and meetings). | Prepare sales reports and forecasts | Maintain a high-confidence pipeline, drive forecast accuracy, and manage execution cadence across strategic opportunities | Provide analysis of expected forecast output for purposes of evaluating progress towards overall guidance expectations | Develop and monitor department forecasts, as required | Present forecast assumptions, methodologies, risks, trade-offs, and recommendations in clear, executive-ready formats | Support the development and analysis of financial forecasts, including evaluating key market, portfolio, and business assumptions and explaining changes in forecasted results. | Own the commercial forecast for assigned categories and partner with inventory planning and supply chain teams to improve forecast accuracy, availability, and inventory health. | Develop and monitor department forecasts, as required."
36,106,65,0.0027,72,False,"Communicate insights and strategy clearly — creating compelling roadmap presentations and recommendations for senior cross-functional audiences. | Communicate technical strategies and analytical findings to senior leadership in a clear, business-aligned manner. | Develop and present detailed reports and visualizations to communicate findings, trends, and actionable insights to stakeholders at all levels | Create and present insights and recommendations to business stakeholders. | Interpret analytical results and communicate actionable insights that influence senior leaders and key business partners. | Deliver strategic briefings, deep dives, and recommendations on competitive dynamics, market trends, and long-term positioning for presentation to senior leadership. | Create executive-level PowerPoint presentations, drive cross-functional alignment, and influence senior leaders on trade-offs and resourcing. | Influence senior leaders and executives through clear thinking, strong written narratives, and data-backed recommendations. | Communicate technical concepts, risks, dependencies, tradeoffs, and financial considerations effectively to both technical and business audiences. | Influence senior stakeholders through data, insights, and strategic recommendations. | Report findings and data-driven insights to senior stakeholders to facilitate central decision-making. | Communicate insights clearly to senior leaders, turning complex analysis into simple, decision-ready narratives | Communicate progress, risks, dependencies, and tradeoffs clearly to executive sponsors and steering forums, enabling informed decisions. | Communicate highly complex technical information effectively to both technical and executive audiences. | Develop and deliver executive-level presentations that translate complex program and portfolio information into clear business narratives. | Build business cases for governance initiatives and communicate their impact to senior leadership. | Effectively communicate insights and recommendations from your analysis to a non-technical audience across all organizational levels | deliver insights and recommendations to senior leadership | Communicate progress, trade-offs, and technical decisions clearly, in writing and verbally, to both technical and non-technical audiences. | Synthesize results and findings through Powerpoint and stakeholder presentations"
37,215,199,0.0081,102,False,"Develop project timelines, resource plans, budgets, and risk mitigation strategies to ensure successful execution. | Develop and maintain project plans, status reporting, and governance cadences (steering committee reviews, risk/issue logs, change control) across the engagement lifecycle. | Execute project plans, timelines, and deliverables, ensuring alignment with organizational goals. | Create detailed reports on project progress, issues, and outcomes. | Develop detailed project plans including timelines, budgets, resource allocation, and risk management strategies. | Project management: Plan and track escalation milestones, dependencies, and deliverables; coordinate cross-functional stakeholders (field, HQ engineering, logistics, supply chain) to keep repair projects on schedule. | Development and lead project scope, budget, timeline, risk assessment and change management for all projects assigned to deliver the intended value | Develop and maintain integrated project plans, schedules, resource plans, budgets, and governance artifacts. | Develop project plans, manage timelines and work effort, coordinate resources, and monitor progress, risks, dependencies, and key deliverables. | Establish communication and review processes to ensure alignment on project scope, budget, schedule, risks, and business outcomes. | Communicate project status, milestones, budget updates, and key decisions to stakeholders. | Track project schedules, budgets, milestones, and progress against established baseline assumptions, escalating execution risks and follow-up needs. | Drive the execution of projects, overseeing the entire development lifecycle from planning to delivery, while maintaining high standards of quality and timely completion | Develops scope, risk/control matrix, project timelines and assignments. | Plan and effectively manage all aspects of the project or release including cost, schedule, scope, quality and project resources following the appropriate methodologies. | Manage projects following project processes and where applicable provide direction to assisting Project Engineers | Establish and manage development budgets, schedules, and forecasting models, ensuring financial discipline and proactive risk mitigation across all projects. | Support project managers in planning and monitoring program operations. | Manage multiple projects—planning, execution, and monitoring progress—while independently assessing priorities, risks, and business impact. | Track project timelines and maintain campaign status documents to ensure key milestones are met."
38,37,13,0.0005,24,False,"Drive clarity and alignment across stakeholders, ensuring timely and effective execution. | Influence decision-making and drive stakeholder alignment to support business objectives. | Partner with leaders, program teams, and cross-functional stakeholders to support execution of strategic initiatives. | Act as a strategic partner to stakeholders—anticipating needs, surfacing risks early, and driving alignment. | Build alignment across senior stakeholders in business, technology, compliance, and investment teams while influencing without direct authority. | Drive alignment on priorities, decision-making, and execution plans across complex stakeholder groups. | Influences senior leaders and drives alignment across stakeholders | Drive alignment across cross-functional stakeholders when strategic trade-offs, competing priorities, or resource allocation decisions require enterprise-level decision making. | Lead complex change initiatives and build stakeholder alignment. | Collaborate with Site Leadership to ensure alignment and execution of key priorities | Influence senior Operations, Product, Technology, Policy, Knowledge, Fulfillment, and business leaders to commit to prioritized action plans. | Build alignment across business, technology, compliance, legal, risk, and investment stakeholders while influencing without direct authority. | Influence senior leaders across Operations, Finance, Technology, Product, Procurement, Customer Experience, and other enterprise functions to establish priorities, resolve complex tradeoffs, secure investment, and drive alignment around transportation strategy. | Proactively influence senior stakeholders to maintain focus on priorities and deliver high-quality inputs on time. | Engage team, partners and stakeholders appropriately to ensure full collaboration, multiple viewpoints and full transparency | Lead complex regional and market-facing initiatives with clear accountability for results, timelines, and stakeholder alignment. | Prioritize, sequence & allocate resources toward achievement of company goals, while maintaining regulatory compliance in all areas of team accountabilities. | Manage prioritization across multiple initiatives in a matrixed environment, balancing strategic and tactical needs. | Manage senior stakeholder relationships with confidence, proactively influencing decisions and aligning diverse interests in a complex matrix environment. | Lead strategic conversations with business leaders to align priorities, expectations, and long-term roadmap objectives."
39,539,502,0.0205,98,False,"Ensure adherence to company safety and sanitation policies and procedures, as well as all DOT rules and regulations | Adhere to all safety policies and procedures; perform tasks in a safe manner. | Maintain a clean and safe work environment by following all safety guidelines. | Maintain a clean, safe work area and adhere to all safety polices | Adhere to safety standards and promote a culture of safety. | Adhere to all safety regulations and company policies. | Understand and follow all health, safety, and environmental procedures and requirements | Adhere to all safety regulations and company policies, ensuring a safe working environment. | Work in a safe manner at all times ; comply with all safety policies , best practices , and training; report hazards and correct where possible . | Conduct regular safety inspections, facility audits, workplace assessments, and hazard recognition evaluations. | Ensure compliance with applicable safety regulations. | Adhere to all health and safety policies and site regulations. | Ensuring all health and safety procedures are followed at all times | Meet the requirements of safe operation and personal safety using required Personal Protective Equipment and Safe Practices. | Follow all company and federal safety regulations to ensure compliance and minimize risk. | Work safely and assure plant safety policies are followed. | Keep work area clean, organized, and compliant with safety standards | Follow and implement all company safety policies and procedures | Keep work area clean, organized and free of debris to maintain a safe facility. | Promote clean and safe working conditions."
40,61,32,0.0013,28,False,"Develop business cases, total cost of ownership models, and ROI assessments to support portfolio decisions and investment priorities. | Collaborate with senior analysts and portfolio managers to source and manage asset-based finance investments for client portfolios across the full investment lifecycle—from origination and underwriting through execution and ongoing monitoring. | Partner with Portfolio Management, Operations, and Technology teams to develop and enhance tools, processes, and reporting capabilities that improve investment monitoring and the capture of key transaction terms and risks. | Lead portfolio investment planning and performance reviews, recommending where resources should be increased, sustained, redirected, or reduced to maximize portfolio value. | Contribute to Quarterly Business Reviews and portfolio strategy discussions. | Support ongoing portfolio management activities, including funding requests, investor reporting, and responses to ad hoc client requests. | participate in all aspects of the investment process from origination through execution | Partnering with asset class teams to implement strategic and tactical asset allocation decisions, including evaluating & underwriting deployment opportunities in furtherance of overall portfolio objectives | Developing and maintaining portfolio models, performance & risk analytics, and other relevant monitoring / reporting tools for portfolio review meetings | Help build and develop a growing portfolio management capability within Markel UK. | Preparation of quarterly portfolio reviews and participation in Investment Committee presentations. | Collaborate across investment teams to share market insights, underwriting perspectives, and lessons learned to support investment decision-making and portfolio management. | Contribute to portfolio risk management, product stewardship, and compliance initiatives | Track and report savings, cost avoidance, and improved terms for the portfolio | manage the profitability, growth, and retention of an assigned portfolio comprised of routine accounts across most of our products | Maintaining performance data and risk metrics within KKR’s internal portfolio management systems. | Manage portfolio performance, pricing actions, margins, demand trends, and lifecycle initiatives. | Implements and communicates investment related changes based on Investment Working Group guidelines to ensure clients receive the Best Thinking of Regions Asset Management | Manage investments, fund transfers, and liquidity requirements. | Partner with investment leaders to develop and standardize analytical frameworks, tools, and best practices that support investment decision-making."
41,60,36,0.0015,16,False,"Manage lender servicing relationships. | Evaluates loan requests, analyze financial data, and determines qualification of collateral and customer credit history | Assist in the review and analysis of various loan documents. | Assists in structuring and negotiating complex loan agreements according to guidelines established by senior bank and business unit management. | partner with Coverage, Underwriting, Agency Loan Services, Legal, and external counsel to ensure documentation accuracy, operational feasibility, regulatory compliance, and a clean handoff to life‑of‑loan servicing | Aid in reviewing credit diligence results, identifying compensating factors, and documenting exceptions for new loan acquisitions | analyze, process and manage transactions by completing underwriting analysis on borrower requests such as, easements, rental achievements, repair modifications, replacement reserve reviews, and other industry standard loan requests | Interact with borrowers, clients and third-party consultants including servicers, brokers, and inspection firms. | Analyze the borrower’s legal structure and financial statements in light of property and market circumstances, Agency and Truist requirements. | perform thorough credit and financial analysis of Borrower Entities, Key Principals, and Principals, assuring that applicable Know Your Customer standards are applied. | Understands the client's needs and identifies opportunities to improve and resolve client service issues related to the extension of commercial credit | Identifies new opportunities by continuously reevaluating current credit policies, processes, and procedures. | Assists in monitoring and evaluating the credit worthiness of clients and prospects which includes a written document and presentation to loan committee and credit policy to ensure a high quality loan portfolio, (i.e., KNOW YOUR CLIENT). | Drafts and reviews loan documentation for high complexity commercial loans in a multi-state environment | Understanding and mapping out complex, cross-functional processes across the residential mortgage loan lifecycle, identifying opportunities to automate, streamline, and scale | Reviews attorney prepared loan packages for syndicated loans, often with Regions serving as the agent bank | Assist in the underwriting, approval and closing of mortgage loan transactions. | Structures loan to comply with acceptable lending practices and Federal regulations | Conduct credit reviews of counterparties and prospects within each SSM business line. | Provides approval for exceptions regarding loan files and client satisfaction"
42,78,30,0.0012,15,False,"work closely with underwriters to provide insight on risk and regulatory issues | Provide clear underwriting direction to regional underwriting teams and ensure effective execution in line with product goals | Provide coaching, mentoring, and strategic counsel on underwriting to all levels of underwriters within region or business unit. | Ability to provide training to internal and external customers on underwriting topics. | manage, coach and support the underwriters reporting to them. | Work closely with underwriting teams to ensure alignment, build trust, and ensure clients receive tailored, strategic solutions. | Demonstrate superior technical underwriting knowledge and skills. | Adhering to underwriting guidelines and discipline | Partner closely with Underwriters to understand performance drivers and opportunities. | underwriting, monitoring, managing operational needs and/or client requests | Provide guidance and work direction to lower level group underwriters. | Coordinate underwriting activities on proposals, new cases, renewals, and amendments. | Participating in special underwriting projects as needed. | Participates in program and product orientation meetings in conjunction with Sales/Marketing partners as the underwriting subject matter expert. | Provide training or technical assistance to department underwriting support staff. | Act as the technical authority for complex underwriting decisions | underwrite new business and renewals in a profitable manner and according to authority level and established guidelines | Support the Underwriters with team workflows and distribution of emails and referrals | support the Underwriters with various team work flows | Develop and maintain the Underwriting Analytics Portfolio roadmap, present analysis and recommendations to inform management decisions, and maintain cross-functional relationships to ensure partner needs are met and work is prioritized accordingly."
43,44,33,0.0013,39,False,"Prepare and submit expenses as well as track and report budget variances and updates for the team | Assist with preparation and tracking of departmental budgets. | Develop and monitor department budget as required . | lead the budgeting process | Manage budgets, track expenses, and provide insights | Assist in the development and adherence to departmental budget. | Assists with budget preparation, management, and reconciliation | Responsible for monitoring and maintaining appropriate budget parameters throughout the year. | Track budgets, process invoices, and monitor program financials. | Assist with the annual budgeting process, partnering with department heads and senior management | Develop and manage operating expenditure budgets | Participate in helping set and manage the Directorate-level budget. | Support regional budget planning and financial management, including budget tracking, forecasting, AOP planning, quarterly financial reviews, and monitoring expenditures related to strategic initiatives. | Prepare and submit expense reports on behalf of your leaders | Oversee budgeting, fiscal management, and resource allocation across technology projects and operations, including vendor and capital spend. | Effectively manage assigned budget while maximizing return on investment. | Manage and approve conference and training budgets. | Manage individual expenses and budget in accordance with company guidelines | Support budget development and provide key financial inputs. | Hold accountability for departmental budgeting, headcount planning, and cost management."
44,177,122,0.005,67,False,"Maintain accurate financial records, ensuring compliance with accounting standards. | Have effective oversight of cyclical accounting processes, including but not limited to, general ledger closing procedures, preparing/recording journal entries and balance sheet account reconciliations, financial statement analysis and compiling financial reporting and footnote support for inclusion in SEC filings and | Maintain accurate financial reporting and assist in month-end, quarter-end, and year-end closing activities. | Prepare journal entries and perform cash reconciliations to maintain accurate financial records for corporate entities. | Support monthly, quarterly, and annual financial close processes, ensuring deadlines and reporting requirements are met | Perform accounting and financial activities related to the monthly, quarterly, and annual close processes. | Support preparation of tax returns and related accounting workflows. | Organize and maintain accounting records to support financial reporting and compliance. | Support statutory filings, year-end reporting, tax forms, and compliance-related payroll activities. | Prepare annual statutory financial statements in accordance with applicable accounting standards and regulatory requirements. | ensure that the underlying financial accounting processes operate efficiently and effectively | Manage general ledger, journal entries, accruals, and reconciliations. | Perform accounting-related activities, ensuring an efficient flow of financial information through the appropriate systems. | Analyze and prepare studies and recommendations in areas related to finance, billing, accounting, capital expenditures, and taxation methods and procedures | Prepare and review quarterly and annual income tax provision, effective tax rate, income tax footnotes under ASC 740 in accordance with SOX, and review 10K/10Q disclosures related to income taxes. | contribute in the identification and execution of projects aimed to standardize, simplify and modernize processes and deliverable's associated with accounting and reporting for all derivative activity | Participate in the design, implementation, and ongoing enhancement of statutory accounting processes, controls, and reporting frameworks. | Analyze financial results and investigate variances, trends, and report ing issues within statutory financial statements and supporting schedules. | ensure accounting transactions are recorded accurately and in accordance with company policies and accounting standards | Prepare, review, and maintain financial reports, supporting accurate reporting and compliance with company policies and controls."
45,36,23,0.0009,23,False,"Process invoices for payments | process purchase orders and invoices | Process and pay invoices within a timely manner | Process purchase order and non-purchase order invoices accurately within established service-level expectations | Within authority level, approve invoices. | Assist in the submission of invoices as requested by business partners | resolve invoice exceptions such as pricing or quantity variances, missing receipts, coding questions, approval delays, and purchase order mismatches. | Reconcile Vendor Statements to confirm all outstanding invoices have been received and entered. | Review and approve vendor/supplier invoices, as applicable, to ensure services provided/business activity translates accurately to spend | Process approved invoice payments through established corporate channels | Determine correct vendor numbers, payment dates, and cash discount rates and amounts for supplier invoices presented via workflow for research and resolution. | Liaise with Procurement and Business users to resolve invoice holds | Review, verify, approve invoices and raise check requests | Review and process supplier invoices requiring complex cost allocations | invoicing | Invoice to customer. | High Volume Invoice processing with strict deadlines. | Contact management for authorization when there are discrepancies on invoice and communicate all errors/returns | reviewing and approving estimates and invoices | Process external and internal parts orders by completing invoices"
46,56,25,0.001,34,False,"Process Accounts Payable and Accounts Receivable, and track Purchase Orders, Invoices, and Depreciation | managing accounts receivable activities, ensuring the accuracy of customer billing, cash applications, account reconciliations, and financial corrections | Manage accounts receivable processes, including customer billing, cash applications, account monitoring, and reconciliation activities. | Support billing and collection efforts. | Track invoices, change orders, payment applications, budgets, and procurement items for accuracy, and support forecasting activities with accounts payable stakeholders. | Lead Accounts Payable, Accounts Receivable, billing, collections, cash application, and related transactional accounting processes. | handle client payments. | Investigate, analyze, and resolve billing discrepancies, payment issues, and account corrections to ensure financial accuracy. | Handle cash management tasks, including receiving payments, preparing deposits, and maintaining security protocols | Assist staff with payment issue resolution to allow for timely processing of cash. | Monitor invoice approvals, payment runs, vendor setup, collections activity, dispute resolution, and customer account health. | Process financial transactions including, but not limited to; cash, checks, credit cards, food stamps, WIC, loyalty cards, gift certificates, bottle refunds, voids, and coupons accurately and in accordance with company policy. | Perform all daily accounts payable functions in all aspects of Expense accounts payable including preparation and filing of required reports and payments to all vendors, organizations, and employees, including manually matching invoices to purchase orders and receiving documents and enter | Process financial transactions including, but not limited to; cash, checks, credit cards, food stamps, WIC, loyalty cards, gift certificates, rain checks, voids, and coupons | Perform Accounts Receivable (AR) and Accounts Payable (AP) functions, including customer invoicing, vendor invoice processing. | processing of accounts payables | Process accounts payable, payroll, and travel & expense (T&E) reimbursements to ensure timely and accurate disbursements. | Deliver Accounts Payable services to Business Divisions in accordance with established Accounts Payable processes and work procedures, and in compliance with client's policies and procedures and relevant legal and statutory requirements. | Manage cash operations, including deposits, safe handling, and security protocols. | Account for cash through cash deposits, cash applications, collection and cash forecasting"
47,33,20,0.0008,30,False,"Act as the escalation point for resolving complex operational issues. | Escalate issues or risks to appropriate parties to ensure timely resolution or to develop contingency plans. | Serve as an escalation point for personnel, client, and delivery-related issues. | manage escalations while providing timely responses | serve as point of escalation for complex issues | Structured Escalation: Route complex issues through structured escalation paths to specialized teams. | Serve as the primary technical escalation point during critical incidents | Serve as an escalation point for complex production incidents and operational challenges. | escalating complex, sensitive, or high-impact matters in line with governance framework. | escalation routes. | Escalates and expedites orders to appropriate teams upon standard operating procedures; supervision needed on the escalation of non-standard procedure escalation requests | Escalates to internal and external persons in accordance with process direction i.e. to Escalation owner on team, Fulfillment and client when appropriate | Act as the primary escalation point for P1 and P2 incidents . | Use advanced tools to manage escalations. | Serve as an escalation point for major incidents | escalate issues where required | Serves as the senior escalation point for major incidents and operational risk, providing clear executive-level communication on system health and influencing enterprise priorities through a lens of stability, resilience, and business impact. | Escalate high-risk, complex, or sensitive matters to senior management as appropriate to minimize operational, brand, and reputational risk to Visa. | Understand and leverage escalation tools for guest issues in order to provide a safe and secure environment for our team members and guests | Distinguish what needs escalation from what's routine."
48,108,71,0.0029,62,False,"Lead major incident response activities and ensure root cause analysis and corrective actions are completed. | Oversee major incident response, root cause analysis, risk mitigation, and service recovery activities. | Scope incoming matters, monitor, and manage incident response engagements across the team. | Coordinate responses to workplace incidents and medical emergencies, including investigations and corrective action planning. | Participate in incident response and post-mortem analysis to identify root causes and implement preventive measures | Lead and manage the response to complex, high-priority incidents, ensuring prompt resolution and a thorough root cause analysis to prevent future occurrences. | Direct application and infrastructure teams during incidents making work assignments, prioritizing troubleshooting paths, and authorizing critical actions like rollbacks and regional failovers. | Build and maintain an incident response, investigation, and remediation playbook to ensure we are prepared to respond quickly and thoroughly to any identified anomalies or errors. | Oversee the delivery of Incident Response services to ensure consistent, scalable, and high-quality outcomes. | Lead improvements to incident response processes, tooling, and culture to enhance system reliability and team effectiveness | Lead incident follow-through when an escalation or a pattern of incidents emerges: run the post-mortem, find the architectural root cause, own the remediation roadmap, and respond to priority 1 and 2 escalations within 4 business hours | Participate in on-call and contribute to incident response tooling and automation | Track incident trends and implement preventive measures. | Be the go-to responder during incidents and drive root cause analysis | Participate in major incident response, root-cause analysis, problem management, and preventive engineering. | Incident Management & Service Recovery: Perform incident response and initial service recovery to minimize downtime. | Establish root-cause analysis and corrective action rigor on every major incident. | Ensure thorough root cause analyses are completed and appropriate corrective actions are implemented. | Respond to alerts and event-generated incident tickets effectively and efficiently. | Determine and coordinate the appropriate corrective action, which may include system updates, order intervention, stakeholder escalation, or client communication."
49,201,118,0.0048,103,False,"Maintain accurate technical documentation, including maintenance records, prints, and project documentation. | ensures all documentation is being accurately captured and maintained. | Maintain control and risk documentation. | Documentation Maintenance: Maintain and continuously update technical documentation and operational runbooks. | Maintain and enhance technical documentation and operational procedures. | Create and maintain accurate study documentation, configuration records, trackers, client materials, risk logs, and amendment records. | Maintain accurate records, documentation, and audit-ready files. | Maintain clear, comprehensive documentation of all business rules, technical specs, and workflow designs. | Maintain accurate project documentation, job sign-offs, as-built records, and other required reports. | Maintain accurate documentation of all work performed. | Maintains process documentation (SOPs, narratives, job aids, RACI/hand-offs, checklists) by incorporating approved changes and confirming document owners, effective dates, and storage locations. | Ensure effective documentation and control systems are developed, utilized, and maintained. | Review and record all production documentation. | Maintain accurate and compliant DOT logs and documentation. | Maintain accurate, complete, and legible records and documentation. | Ensure all technical documentation is accurate, up-to-date, and compliant with program standards and requirements. | Preparing reports, work instructions, and process documentation to ensure consistency and adherence to best practices. | Maintain technical documentation for applications, processes, and operational procedures | Assist with Organizing and maintaining audit-ready sample documentation and records. | Document operational, maintenance, and upgrade procedures for clarity and accessibility."
50,311,306,0.0125,108,False,"Facilitate continuous monitoring, reporting, and improvement of compliance with regulatory and corporate requirements | Ensuring that the business maintains an appropriate suite of compliance and regulatory policies and procedures | Ensure compliance with governance standards and best practices. | Review compliance updates from corporate and integrate into company practices and training. | Ensure compliance and continuous improvement with regulatory requirements (federal, state, and county), corporate standards, and industry best practices | Ensure compliance and continuous improvement: Monitor processes against internal requirements, SOX controls, and local legal requirements, while collaborating with Network & Service, Sales, IT, and external partners to improve processes, systems, and overall partner satisfaction. | Ensure compliance with regulatory requirements and maintain effective stakeholder relationships. | Monitor activities to ensure compliance with government regulations and organizational policies and procedures | Conduct compliance reviews and risk assessments across departments to ensure processes align with legal and regulatory standards. | Maintain and support compliance with internal controls within assigned areas of responsibility. | Maintain and regularly update the company’s internal policies and procedures to ensure alignment with local regulatory requirements and global group standards. | Support customer and regulatory audits. | contribute to the development and maintenance of compliance policies, procedures, internal guidance, and training materials. | Ensure established protocols, processes, and compliance requirements are followed | Support external audits and financial reporting requirements. | Monitor and assess emerging regulatory, legislative, and industry developments, evaluating business impacts and driving strategies to ensure ongoing compliance and operational readiness. | Assist in preparing Board, Risk Committee, and Senior Management materials relating to compliance risks, regulatory developments, Compliance Programme delivery, and key issues requiring attention | Maintain organized repositories of compliance evidence and audit artifacts to support repeatable processes and ongoing compliance. | Implement company policies and procedures on commercial and operational compliance controls. | Ensure Compliance Excellence"
51,150,80,0.0032,62,False,"Performing quality assurance activities in accordance with manufacturing, engineering, and ISO requirements. | Conduct quality inspection on production processes, installation activities, and testing operations. | Verify work performed is in accordance with technical specifications, manuals or other quality verification criteria. | Verify material accuracy, quantities, and part numbers prior to issuing components to production. | Maintain quality standards by following proper inspection procedures | Ensure quality of parts meet specification requirements. | Ensures all quality standards and standard operating procedures are followed during production process | Perform quality inspection operations following instructions and pre-established guidelines | Determines if final product meets quality control standards. | Conduct quality inspections and tests to identify any defects or issues | Ensure material used and workmanship meet requirements of applicable technical and safety standards | Performing quality assurance activities required by manufacturing or engineering specifications and ISO requirements to ensure compliance | Make necessary adjustments to insure a quality product is being produced. | Operate equipment to highest production and quality standards. | conducting basic quality inspections | Perform 1st article inspections, process capability studies, and routine shop floor inspections to ensure customer specifications are met. | Implements quality control measures to ensure that maintenance activities meet established standards | Perform quality control checks across Engineering or Operations, ensuring necessary processes and procedures are in place | Uphold compliance with the product development process and quality system standards. | Ensure that product designs, components and materials meet all applicable standards"
52,55,37,0.0015,26,False,"Support the development and maintenance of laboratory procedures, specifications, and quality documentation. | Assist with in-process sampling and basic analytical testing as required | Follow the laboratory's procedures for specimen handling and processing, analysis and reporting | Adhere to the laboratory's quality control policies and procedures | Assist with monitoring sample status and help ensure samples are ready for laboratory testing. | Sampling of raw materials/excipients and water samples when required to assist the QC Sampling Technician. | Handle all specimens and lab samples in safe and efficient manner | Perform laboratory analysis as scheduled during manufacturing of products to assure compliance to specifications | conduct both simple and complex routine laboratory testing of raw materials, in process products, finished dose products and stability samples | Carry out all laboratory work in a safe manner | Collect, analyze, and interpret laboratory quality data (e.g., QC, proficiency testing, turnaround time, specimen rejection rates) | Maintain a thorough understanding of the complete analytical workflow — from sample receipt, preparation, and injection through data acquisition, chromatogram review, result interpretation, and final sample disposition. | This includes wet lab testing for feasibility, verification and validation of lab automation, workflow, and software. | As required, conduct routine quality control checks including infection control measures, equipment, and checks for expired medication and supplies and/or assist in maintaining center lab | The candidate is expected to display good laboratory technique to avoid cross-contamination or misidentification of samples. | Coordinate testing and monitoring activities within the QC lab and manufacturing facility. | conducting assay, process, or instrument qualifications | Manage workflow in the mechanical and chemical test lab. | Serve as Process Laboratory area owner with responsibility for housekeeping and ensuring ongoing compliance with HSE and QA standards | Participates in laboratory investigations as required."
53,53,25,0.001,34,False,"Understand customer pain points and deliver value-based, consultative solutions that drive measurable impact. | Collect feedback from customers and articulate it back to the business: “Voice of customer.” | Develop and execute customer success plans. | Understand customers' needs and help them discover how our products meet those needs | Represent the voice of the customer internally, advocating for resources, prioritization, and solutions that drive customer success | Represent the voice of the customer in internal discussions and initiatives to maximize the value of our platform and products | Work with existing customers to understand efficacy and operational improvements that can be implemented | Drive customer engagement to identify underlying challenges and propose new processes and workflows to enhance efficiency and productivity with our solutions. | Understand customers and optimize the value proposition | listen to our customers, understand their application, and combine our technical and domain knowledge to solve problems and simplify our customer's experience | Communicate our total value to the customer to meet their needs and grow sales within existing customer accounts | Advocate for Customers: Participate in discussions with customers to help shape the decisions you make from both an engineering and product perspective. | Assess customer needs ensure key customers and KOL maintain a high level of interests to our products and solutions | understanding customer needs | Represent the voice of customers during roadmap discussions, executive reviews, and strategic planning exercises. | Utilize two-sided discovery & impeccable communication to understand the customers’ needs and articulate valuable solutions | Contribute ideas and improvements that make our customer success practices more effective, scalable, and inclusive. | Manage relationships with existing customers and use your technical knowledge to grow sales in our Intentional Product category. | Collect feedback from customers and articulate it back to the business: “Voice of customer” | Increase the lifetime value of the Customer through greater advocacy, serving as a customer advocate in the evolution of our products and platform functionality integral to the customer's success."
54,145,120,0.0049,28,False,"assisting in all areas of store operations as needed | Support store operations by being a general store resource for customers and employees | Collaborate with team members to meet customer needs and achieve store goals. | Guide profitable sales, meet store financial plans and accomplish performance goals through strategic decisions and leadership of the store team | Leading the store teams to generate sales, profit, minimize losses, and create the best possible customer experience whilst ensuring the store is visually distinctive and impeccably maintained. | Provide in-the-moment coaching and structured feedback, recognize performance; administer corrective actions consistent with company policy with oversight from the Store Manager. | Work with the team to keep the department customer ready, which means stocking, re-merchandising, display, price markdowns, merchandise transfers and cleaning | Keep the department customer-ready, including stocking, re-merchandising, price markdowns, merchandise recovery | Support the retail store team in varied responsibilities, including, order entry, visual floorsets and merchandising reinforcement of store maintenance and standards, and product training activities. | Support stores with visual changes, launches and area initiatives where required . | Assist store executive team by facilitating orientation when directed and onboarding new associates accurately, adhering to all compliance guidelines and Kohl’s best practices | collaborate with the Store Manager, Assistant Store Managers (ASMs), and field teams and learn to develop and implement strategies that boost sales and profitability | assist in leading the day-to-day activities of the department operations in a retail store | supervising store operations while working alongside and leading associates to deliver excellent customer service and operational efficiency | Supervise the store’s crew through assigning, directing and following up of all activities | Supports the Store Manager and others in areas including but not limited to staffing, sourcing, interviewing, training, and succession planning. | be responsible for successfully managing all store operations tasks to maximize sales results while bringing “Our Burlington” values to life in your store | Flexibility is key, as you may occasionally work in different areas of the store to maintain the cleanliness of the floor and stockrooms and help customers find great deals | Build strong working relationships with customer-facing leaders and ensure the organization is translating retail conditions, store insights, and field learning into better decisions and stronger execution. | Partners with store personnel to address opportunities for improvement"
55,32,15,0.0006,7,False,"Preventing loss by educating associates, monitoring daily store activity and product protection standards, and partnering with Loss Prevention | Support prevention of loss by educating associates, monitoring daily store activity, maintaining product protection standards, ensuring company policies are followed and partnering with Loss Prevention | Prevent loss by educating associates, monitoring daily store activity, maintaining product protection standards, ensuring company policies are followed and partnering with Loss Prevention | lead the store asset protection team in all efforts to ensure the physical protection and safety of stores’ customers, associates, merchandise and physical structure | Prevent theft and shortage at the front of store by performing merchandise receipt checks while adhering to AP policies, as well as recognizing and communicating trends | Observe and report any suspicious behavior or critical incidents to LP or store management | Prevent theft and shortage at the front of store by performing merchandise receipt checks while adhering to AP policies, as well as recognizing and communicating trends . | Guide store teams in proper actions regarding safety events and threats to the store | Conduct operational audits and physical security inspections to ensure the store is in compliance with Kohl's policies and procedures | Completes the daily tasks required for Store Loss Prevention and safety programs. | Perform and supervise patrols and strategic monitoring of the store to create a visible security presence to customers and associates. | Conduct merchandise theft recoveries and provide theft apprehension support as needed, strictly adhering to AP policies . | Monitor physical security policies and procedures of Kohl’s and the Distribution Center | Participate in internal theft investigations in strict adherence to Kohl's policies and guidelines | Lead and supervise Loss Prevention Officers and Loss Prevention Service Specialists (select locations) | Review and understand the Store Emergency Response Guide | Promote a physical security culture for our team members and guests by assessing and maintaining safe and secure standards throughout the store, including exterior property . | Perform a closing safety sweep of the store with a member of management | Conduct merchandise theft recoveries and provide theft apprehension support as needed, strictly adhering to AP polic ies . | You will be focused on deterring loss on the salesfloor whilst acting as an ambassador for the loss prevention function."
56,35,26,0.0011,22,False,"Handles incoming telephone calls to and responds to requests for information | Handles incoming telephone calls and responds to requests for information | Answer customer calls | Take incoming customer calls (via telephone, email, voicemail, pager, or other automated alerts) and solve users’ demands. | Answer inbound phone calls regarding billing issues, product problems, service questions and general customer concerns. | Take incoming customer calls (via telephone, email, voicemail, pager, or other automated alerts) and solve users’ demands | Answer inbound calls, provide clear information, and resolve common questions or concerns | Handles incoming telephone calls and responds to requests for information. | Processes incoming and outgoing calls/messages in a professional manner. | Answer incoming lobby phone line and assist callers with questions and requests | Answer the telephone and provide general information to callers. | Receive Inbound calls from patients and healthcare professionals | Answer the service department telephone, transfer calls to the people requested or best suited to take the calls, and take written messages when the needed personnel are not available | handles basic to complex telephone/email/chat/fax inquiries from internal and external customers in an efficient, professional, and accurate manner | Answers and responds to inbound calls | Assist in taking customer telephone orders for deliveries, pickups and service | conducts and manages all pre-call and post-call meetings for every call | Answer inbound calls from customers on a multi-line phone system | Responds to telephone callers by answering routine questions. | Answer incoming calls using FEMA’s Automated Call Distribution (ACD) system"
57,53,19,0.0008,16,False,"Ensure the guest has an enjoyable experience. | providing superior guest service | Monitor guest satisfaction and respond promptly to any concerns or special requests | Realize that the company’s business is built on guest satisfaction and devote himself/herself to guaranteeing satisfaction to guests. | Providing a warm and professional welcome to customers and guests | Deliver an exceptional guest experience, connecting with guests to deliver quality handcrafted beverages and food during all hours of operations, prioritizing the guest’s needs over task | Create a guest-obsessed culture and lead your team to prioritize the guest experience and deliver on store sales goals | Be guest obsessed – uphold top-notch standards of excellence and hospitality | Make the guest aware of current and upcoming brand launches, store activities and events . | welcome, thank, and exceed guest service expectations by focusing on guest interaction and recovery | Achieve individual and team sales goals while delivering an exceptional guest experience. | Provide courteous guest service in person or by telephone | Ensure speed of service, accuracy, and positive guest obsessed experience | Deliver an exceptional guest experience by providing a fresh and abundant shopping experience during all hours of operations, prioritizing the guest’s needs over task . | welcoming and registering visitors in the guest management system to ensure a smooth on-site experience. | meeting company guidelines for guest experience | Help guests find what they need and/or resolve issues to ensure a smooth, easy shopping experience | deliver excellence in guest experience through visual presentation and standard | Work efficiently to minimize guest wait time while maintaining guest service and accuracy . | Create a welcoming experience by authentically greeting all guests"
58,113,97,0.004,50,False,"providing excellent customer service | Provide exceptional service to customers. | Providing excellent customer service at all times | delivering exceptional customer service | Interact with customers and provide prompt and courteous customer service to all customers | provide prompt and courteous customer service to all customers | providing top notch customer service | Deliver exceptional customer service | Provide exceptional customer service. Present yourself as professional and knowledgeable to ensure the satisfaction of our customer base and to win referrals and repeat business. | providing friendly, attentive customer service throughout the journey | Deliver a best-in-class experience for customers, ensuring a welcoming, professional, and personalized interaction | Extending the highest level of courtesy and friendliness to every customer | Interact with customers and provide prompt and courteous customer service to all customers. | providing customer service | Serving customers and providing a friendly and professional service | Provide, build and maintain consistent, reliable and accurate customer service | Give the best service to our customers on their terms | ensure that customers receive an extraordinary experience with our products and services | Ensure the service department provides exceptional customer service through inventive problem solving and clear communication with our customers. | Proactively communicate with business partners and leaders regarding customer needs, parts and servicing of equipment to provide excellent customer service."
59,127,132,0.0054,75,False,"Identify and drive automation opportunities, leading teams of engineers to implement solutions that increase delivery perfection and operational efficiency. | Design and implement advanced automation frameworks to improve operational efficiency, streamline processes, and reduce human error. | Support continuous improvement initiatives and drive operational excellence through automation solutions. | Evaluate and implement automation technologies, equipment, and system solutions that improve safety, efficiency, throughput, and cost performance. | Define, develop, and implement automation solutions that expand capability and support strategic business goals. | Support integration of new capabilities, automation efforts, and operational enhancements | Automation & Process Improvement: Participate in continuous improvement initiatives and task automation. | Identify bottlenecks and propose solutions for further automation and operational excellence | Develop and implement appropriate tools and training programs within the assigned territory to support the automation/control opportunities, including customers and members of the Company’s team. | Identify opportunities for automation, innovation, tooling improvements, and operational efficiencies. | Drive operational excellence through automation, tooling, and process optimization. | collaborate across engineering, manufacturing, and quality teams to ensure robust, compliant, and scalable automation solutions that support 24/7 operations | Drive continuous improvement initiatives focused on automation, self-service capabilities, operational efficiency, and reduction of manual support activities. | Drive continuous process improvement initiatives and identify opportunities for automation and innovation. | Support process improvement and automation initiatives. | Serve as a technical advisor to process owners, translating complex business needs into robust intelligent automation solutions. | Drive process automation initiatives to improve operational efficiency and scalability | Design, develop, install, commission, and qualify automation and process control systems supporting commercial and clinical manufacturing operations | Proactively identify opportunities for automation and continuous improvements | Use our existing automation framework and contribute to new solutions and improvements"
60,119,77,0.0031,69,False,"Gather and analyze market, customer, and competitor insights to inform pricing and commercialization strategies. | Analyze market trends, customer buying behaviors, and technology advancements to identify growth opportunities, shape segment strategy, and increase market share. | Working with market research to understand market sizes, addressable segments, pricing, dynamics, competition, share position, customer drivers across multiple product lines | Analyze pricing, sales, market, and profitability data to identify business opportunities and support strategic recommendations. | Identify, evaluate, and advance new market opportunities through strategic analysis of market, financial, operational, and regulatory factors. | Assist with analyzing product performance, profitability, customer needs, and market trends to identify potential risks and opportunities. | Gathering and analyzing market data to identify trends and opportunities | Identify and pursue new business opportunities, market segments, and technology trends. | Analyzing market trends and customer feedback to determine opportunities for expansion and improvement. | Research major industry players to be able to communicate to internal and external customers industry trends and directions. | Leverage market analysis, competitive knowledge, and customer research to define and validate strategy and detailed product plans for your category | Analyze market trends and customer needs to identify new sales opportunities | Leverage analytics, market trends, and customer feedback to continuously improve product offerings and maximize business value. | Develop competitive insights and scenario-based strategies to guide decision-making. | Understanding how products will be used and applied in key markets. | Monitor and measure product competitiveness and support new business opportunities. | Conduct competitive product, market, customer-needs, and emerging-technology research. | Identify and prospect potential opportunities through market research and competitor analysis | Using data, customer feedback, prospect understanding, and market/competitive intelligence to fuel the creation, testing, and implementation of initiatives for your product lines. | With good understanding of business strategies and growth areas, call out cost opportunities of given platforms and feed them to Category leaders."
61,123,99,0.004,68,False,"Design, develop, and execute test strategies, test plans, and test cases across functional, integration, system, and regression testing. | Design, develop, and maintain automated test frameworks and test tools to improve test efficiency and coverage. | Create and execute detailed test plans, test cases, and test scenarios to ensure coverage of functional and non-functional requirements. | Design, develop, and implement automated tests for software applications, ensuring high-quality products and efficient testing processes. | Create test cases, validation test plans, acceptance test plans, and testing strategies. | Develop and execute test procedures for software components. | Support the planning, execution, and documentation of manual and automated software tests | Create and extend software frameworks and tools to run, monitor, and report on automated tests. | Write automated units, integration, and deployment tests. | Design, develop, and execute test plans, test cases, and validation strategies to ensure high product quality. | Develop testing protocols and implement test scenarios to validate expected system behavior and configuration accuracy. | Design, develop, and maintain automated tests using REST Assured API, collaborating with cross-functional teams to identify and prioritize testing requirements. | develop and coordinate test plans | Review testing strategies, approaches, and test plans and provide insight to development teams. | Develop and execute comprehensive test plans to qualify systems | Create tools and frameworks with quality code to simplify testing scenarios. | Create, maintain, and execute application unit tests as part of Continuous Integration. | Developing and maintaining automated test suites for acceptance, functional, regression, performance, and reliability testing | Develop automation strategy and framework for the Software and System level testing. | Design, develop, and maintain scalable automated test frameworks and reusable test assets for enterprise applications."
62,92,44,0.0018,16,False,"Provide verification support to design projects by simulating, analyzing, and debugging pre-silicon full chip designs. | Lead efforts to develop and refine Design Rules, Requirements, and Test Structures for all DRAM generations and associated advanced CMOS. | Collaborate cross‑functionally with CPU architects, RTL designers, power/performance teams, and physical design engineers to improve design quality and verification effectiveness. | Create test benches and verification environments that align with microarchitecture specifications. | Work with TE and PE to modify test programs for specific product requirements to ensure that silicon performance meets expectations | Define and develop scalable and reusable block, subsystem, and SoC verification plans. | Drive the development and implementation of customized semiconductor device technologies, ensuring compatibility with Intel's existing manufacturing processes and platforms | Develop and maintain design automation and methodologies for SoC and networking clock flows. | Analyze layout parasitics, support design rule optimization, and translate device specifications into robust die-level circuit functionality across operating conditions. | Define and develop scalable, reusable verification plans for block, subsystem, and SoC levels. | Lead product bring-up, characterization, and silicon readiness in partnership with Design, Test, and Applications teams. | Develop, maintain, and validate sign-off quality Synopsys Design Constraints (SDC) for clocks, resets, high-bandwidth memory (HBM) interfaces, design for test (DFT), and configuration logic. | Design evaluation and silicon bring-up | Working with industry EDA vendors to build and enhance tool capabilities to design a high-speed, low-power synthesizable CPU. | Debug complex link simulations, identify architectural bottlenecks, and correlate pre-silicon models with post-silicon lab measurements to validate design performance. | Plan and execute measurements across a broad range of metrics including performance, IPC, power, dynamic capacitance, leakage, voltage-frequency curves, and microarchitectural telemetry | Develop and enhance software frameworks, simulation environments, and automation tools that support DRAM architecture research and evaluation. | perform research explorations of new circuit architectures | Support the design, development, and verification of digital IP circuits for next-generation DRAM products using RTL-to-GDS methodologies. | Design, develop, test, and debug embedded firmware."
63,44,21,0.0009,31,False,"Contribute to Agile development processes including sprint planning, retrospectives, and iterative delivery practices | Participate in Agile ceremonies, elaboration sessions, estimation, and backlog refinement. | Lead and contribute to Agile development processes, ensuring timely and high-quality deliverables. | Collaborate with developers, engineers, Product Owners, and other cross-functional team members to help the team meet sprint commitments and project milestones. | Participate in Agile development activities including sprint planning, development, testing, and defect resolution. | Be a part of an Agile project team utilizing the Agile / Scrum methodologies, working in a fast-paced, iterative environment, closely partnering with business stakeholders | Lead Agile development practices across the team. | Participate in Agile ceremonies and sprint activities. | Lead Agile delivery practices, including sprint planning, code reviews, retrospectives, and continuous improvement initiatives. | Participate in agile delivery ceremonies and contribute to a culture of fast feedback, incremental delivery, continuous improvement, and strong production ownership. | Collaborate with platform, application, security, and operations teams within Agile. | Coordinate closely with the Agile team to manage and improve team processes, collaborating routinely with Chief Engineer, Chief Architect and Release Engineer to ensure cohesive planning, execution, and delivery across the Agile software development. | Lead the sprint plannings, backlog refinement, testing, and release activities. | Apply agile methodologies to manage timelines and deliverables, and ensure compliance with security, change management, and operational standards. | Lead Agile delivery activities, including release planning, estimation, prioritization, and execution across global teams. | Lead the Scrum Team through technical and program reviews and ensure deliverables remain aligned with program objectives. | Actively participate in all Agile/Scrum ceremonies and maintain strong communication with the engineering teams. | Influence and coach multiple team members, Product Owners, and stakeholders on Agile principles, Scrum values, and empiricism. | Actively participate in the agile software development process by adhering to the CRD Scrum methodology including attending all daily standups, sprint planning, backlog grooming, and retrospectives | Act as the program manager and agile lead for projects spanning one or more areas, teams, and technologies."
64,37,41,0.0017,28,False,"Uphold our high engineering standards and elevate quality and engineering efficiency within our many codebases and processes | Write clean, maintainable, and testable code with proper documentation. | Apply best development practices to write well designed, maintainable, testable, scalable, and secure code. | Continuously raising standards for code quality, testing, documentation, infrastructure security, and production readiness. | Write clean, tested, maintainable and well-documented code. | Adhere to test-driven development and ensure that all code undergoes rigorous peer review. | Learn and employ best practices such as static type checking, optimizing for legibility, code review, IaC, and following a maturity model for production-readiness | Implement Coding Best Practices. | Establishing engineering best practices – including code quality, testing, documentation, and version control – to ensure solutions are reliable, maintainable, and scalable as the business grows | Write clean, efficient, and maintainable production-grade code. | Adhere to development standards, CI/CD practices, and code quality expectations | Apply engineering best practices such as test-driven development, paired programming, code review, automated testing, and continuous integration and deployment. | Ensuring high code quality by following software engineering best practices | Write clean, maintainable, and efficient code following procedures in software engineering. | Establish and promote engineering best practices around software design, testing, automation, and CI/CD. | Code Quality: Write clean, maintainable and efficient code. | Write clear, reliable, well-tested code that ships quickly and scales well. | Drive software design, code quality, testing, and continuous improvement initiatives across the platform. | Apply modern engineering practices including Git-based source control, testing, CI/CD, code reviews, documentation, and monitoring | Evangelize and implement modern software engineering best practices, including spec-driven development, comprehensive testing frameworks, and agentic coding workflows."
65,54,18,0.0007,36,False,"analyze, code, configure, test, debug, document, and maintain applications | Build, develop, test, and deploy software infrastructure; | Support deployment, monitoring, maintenance and controlled enhancement of released solutions, including observability of platform usage and capacity usage where available. | Perform coding, testing, and debugging of applications to ensure optimal performance and reliability. | Provide ongoing application support, enhancements, and performance tuning. | Support application testing, deployment validation, and post-release stabilization activities. | Support deployment and production operations through CI/CD, version control, monitoring, rollback processes, and cost tracking. | Contribute to deployment, configuration, lifecycle management, and continuous improvement of platform components across the environment. | Perform coding, testing, and debugging of applications to ensure optimal performance. | Support all phases of application development, testing and deployment activities including Agile, Continuous delivery, Continuous Integration/testing, etc. | Design, develop, test, and improve tools that make systems faster, more reliable, and easier to build. | designing, developing, testing, debugging, and implementing operating systems components, software tools, and utilities | Code, test, debug, deliver and maintain production software systems for new and existing product features | Perform MID Server upgrades, patching, and lifecycle management, including testing/validation and rollback planning. | Optimize software systems for performance, scalability, reliability, resource efficiency, and overall user experience. | Designing, coding, and debugging applications in various software languages or tools. | Develop system software components such as processor firmware, boot-loaders, kernel drivers/modules, and user space applications and libraries | Create and maintain macOS packages, scripts, and automation to support software deployment, patching, and endpoint configuration. | Develop and support software applications | Ensure smooth production deployments and stabilization."
66,177,150,0.0061,97,False,"Troubleshoot and resolve production issues while ensuring system stability and performance. | Troubleshoot complex production issues, lead root cause analysis , and implement permanent solutions to improve platform stability and reliability. | Debug production issues and improve reliability, observability, and operational tooling | Perform in-depth diagnostics to identify and resolve issues. | Identify, troubleshoot, and resolve system-level issues. | Identify system-level opportunities for failure management, automated troubleshooting, performance improvement, and resource optimization. | Identifying any issues and performing troubleshooting procedures. | Execute troubleshooting and problem resolution for mechanical, electrical, hardware, and software systems. | Troubleshoot and resolve technical issues in real-time, including workflow failures, data anomalies, and performance bottlenecks. | Diagnosing system failures and determines most effective solution. | Support production systems, troubleshoot incidents, and drive reliability improvements. | Analyze and troubleshoot application, data, and system issues | Troubleshoot complex technical issues, support root cause analysis, and contribute to continuous platform improvement | proactively troubleshoots systems | Troubleshoot complex production issues and drive continuous improvement in platform reliability and operational excellence. | troubleshoot and resolve operational issues with little or no oversight | providing day-to-day operations support for applications through troubleshooting and technical analysis to pinpoint root causes and develop solutions | troubleshoot and resolve routine and complex network, server, and OS issues and alerts in a timely and efficient manner while maintaining target system uptimes. | Troubleshoot operational and equipment challenges | Diagnose software issues and recommend the appropriate solution."
67,34,16,0.0007,25,False,"Participate in design and code reviews and help raise the technical bar across the team. | Participate in architecture and technical design reviews, contribute to code reviews, and raise the engineering quality bar across the team. | Participate in code reviews, requirement tracing and documentation. | Engage in hands-on coding and architectural design, setting and maintaining high technical standards for a high performing team. | Contribute actively to technical scoping and planning for upcoming development work. | Provide technical guidance and knowledge sharing to other developers when required. | Contribute to technical standards, design and code reviews, and mentorship; at Staff level, lead cross-team architecture and raise the technical ceiling of the organization. | Participate in design reviews, code reviews, and knowledge-sharing sessions. | Serve as a hands-on Workday developer and Technical Lead , contributing directly to complex development while providing technical direction and guidance to the team. | Participate in design discussions and reviews, addressing edge cases and inserting test hooks before development even begins | Review code, mentor engineers, and raise the overall quality bar through best practices in software design, testing, documentation, observability, and maintainability. | Participate in code reviews and technical design reviews. | Contribute hands-on to the codebase and set a high bar for engineering quality | Contribute to reusable components, development standards, knowledge sharing, and engineering best practices across the Workday development team. | Mentor early-career engineers, perform thoughtful and constructive code reviews, advise on best practices, provide project-level leadership, operate across teams, departments, and time zones. | Lead design reviews, set coding and architectural standards, and mentor engineers across the organization. | Remain deeply hands-on by developing prototypes and production software, reviewing critical code and designs, and resolving the most challenging technical and scalability problems. | Provide technical direction to associate developers, developers and contractors. | Contribute to the execution of the software engineering strategy, participating in strategic discussions and technology assessments. | Contribute constructive feedback and help foster an inclusive, collaborative design environment."
68,114,124,0.0051,69,False,"Provide technical leadership and mentorship to engineers, analysts, and partner teams. | Mentor and guide less experienced engineers, contributing to team development and technical growth. | Mentor and develop a team of engineers, fostering a culture of innovation and continuous improvement. | Mentor engineers while raising engineering, architecture, and operational standards. | Provide technical leadership and mentorship to other engineers and researchers, fostering an environment of collaboration and growth. | Lead and mentor engineers and engineering teams to improve technology, apply best practices and set overall team direction. | Build, mentor, and inspire a high-performing engineering team, and build a succession and talent pipeline of engineering managers and senior engineers. | Mentor engineers and provide technical leadership across distributed global teams. | Mentor junior engineers and contribute to team growth and delivery standards | Mentor and grow engineers on the team through design reviews, code reviews, and hands-on technical coaching, fostering a culture of craftsmanship and continuous improvement. | Mentor engineers and help develop technical talent | Provide mentorship and technical guidance to junior engineers. | Mentor junior engineers and contribute to a culture of engineering excellence, ownership, and continuous improvement | Mentor senior and staff-track engineers; raise the technical bar through code reviews, design docs, and pairing. | Provide technical guidance, mentorship, and support to less-experienced engineers and team members. | Mentor junior engineers, lead design discussions, and help elevate the technical bar of the team | Raise the technical capability of engineers around you through design guidance, code reviews, mentorship, documentation, and clear technical judgment. | Mentor and develop engineers on your team. | Mentor I&C technicians and junior engineers to strengthen technical capabilities across the organization. | Mentor junior engineers while establishing best practices and engineering standards."
69,37,35,0.0014,34,False,"Collaborate with cross-functional partners across Sales, Product, Finance, Corporate Development, and more. | Collaborate with cross-functional teams across manufacturing, finance, customer service, and operations. | Collaborate with Product, Technology, Risk, Policy, Operations, and other partners on cross-functional initiatives. | partnering with cross-functional teams (including Product, Business, Policy, Marketing, Design, Research and PR/Comms) to scope, execute and evaluate them | Collaborate across Product, Engineering, Security Operations, Concierge, MDR, Sales, Marketing, and Customer Success teams. | collaborate with cross-functional teams | Collaborate with cross-functional teams (Operations, Customer Support, Sales, Technical Support) to support quality initiatives and resolve issues. | collaboration with cross-functional teams | Orchestrate cross-functional team members internally and at partners to drive business planning, joint solution design and launch, and field readiness. | Collaborate with cross-functional teams (Marketing, Operations, Claims, Pricing, Underwriting, Legal, IT, Product Development) to ensure timely execution of initiatives. | Work with cross-functional teams (product, finance, legal, sales, etc) to execute across deals and other strategic initiatives | Collaborate with leadership teams, internal stakeholders, vendors, and partners | Collaborate with internal teams, customers, and external organizations to align planning, coordination, and execution. | Collaborate closely with Product Owners, Business SMEs, Operations teams, and executive stakeholders. | Collaborate with cross-functional teams (medical, market access, etc.) to deliver impactful solutions | Develop relationships with cross functional partners to collaborate and to determine company goals and objectives | Collaborate with trainers, vendors, and internal stakeholders to support operational activities. | Partner cross-functionally across Engineering, Design, Analytics, Data Science, Finance, Compliance/Legal, Partnerships, and Country teams to execute a shared vision without direct authority. | Navigate cross-functional collaboration | Work collaboratively with a cross-functional team (production, quality, laboratory, etc.)"
70,70,42,0.0017,16,False,"Anticipate the needs of our Financial Advisor clients. | Assist advisors in servicing clients including preparing financial plans, conducting investment research and completing trades and transactions. | Serve as a trusted advisor and consultant to financial advisors and advisory teams on advanced practice management topics. | Educating and empowering clients to make knowledgeable financial decisions about investments, insurance, retirement and generosity. | Serve as the primary day-to-day contact for clients, building trusted advisor relationships with sophisticated investment funds and asset managers | Facilitate connections between new financial advisors and experienced financial advisors to provide additional joint field work or practice experiences for new financial advisors . | Own and independently manage key client relationships with sophisticated investment fund and asset manager clients. | Assist advisor in servicing clients including preparing financial plans | Engage financial advisors in the market by providing opportunities for learning, development, and connections to build up confidence, competence, and culture. | You will meet with existing and prospective clients to plan their financial future. | Manages assigned account base of wealth management clients by working with client service team, clients and their professional advisors to develop a thorough understanding of the client’s needs and goals. | Demonstrate mastery of the Thrivent Financial Advice Process and be able to model and coach on all elements. | You will join a team that is dedicated to helping clients in every stage of their financial life. | delivering meaningful financial guidance that helps clients achieve greater financial confidence and take action | Drives client/member-facing activity in the practice by scheduling meetings with clients/members on behalf of the Financial Advisors. | Refers customers to an internal team of experts when complex financial goals and needs are recognized | Position products, services, and strategies to help clients gain financial clarity | provides consultation and support resources to new and experienced Thrivent Financial Advisors | Assist financial representatives in the preparation and follow up for the member/customer meetings | Participate in regular meetings and conference calls with existing clients to review portfolios/funds, discuss investment decisions, and cover questions regarding fund exposures, manager strategies, performance attribution, industry outlook, etc."
71,186,162,0.0066,46,False,"Shipping: Operate a forklift or other power equipment to strategically load product onto outgoing trailers. | Load and unload trucks and use warehouse equipment such as forklifts and pallet jacks | Operate Forklifts, pallet jacks, and other machinery to move items safely and efficiently | Frequently load/unload vehicles onto the hauler (this part does require getting physical!) | Deliver vehicles to customers. | Move heavy duty vehicles into or out of yard, wash bay, service shop, or delivered to rental shop. | Operates powered industrial trucks to pull pallets from the outgoing conveyor line and transport inventory to the warehouse. | Transports equipment to job site. | move vehicles between customer’s locations, CarMax locations and approved vendors using a company-provided truck, keeping your equipment clean, well-maintained, and operationally ready. | move vehicles between customer ’s locations, CarMax locations and approved vendors using a company-provided truck, keeping your equipment clean, well-maintained, and operationally ready. | Operate warehouse equipment such as pallet jacks, forklifts and push carts | Safely load, secure, transport, and offload CarMax vehicles between stores, auctions, vendors, and logistics hubs. | assist with unloading deliveries and stacking product in coolers. | Operate & maintain mobile equipment including but not limited to forklifts, skid steers, street sweeper, and/or water trucks. | Transport equipment to customer and prospective customer locations. | Labeling, replenishing, box making, loading/unloading trailers, moving stowed product to various locations using a Forklift, etc. | Assist with pick-up and delivery of equipment and parts | Assist with pick-up and delivery of equipment & parts | execute vehicle movement across the lot by transporting and staging units in designated areas under the direction of leadership | Operates powered industrial trucks to transport inventory and load tractor trailers for shipment."
72,133,112,0.0046,76,False,"Develop and maintain relationships and partnerships with customers, stakeholders, peers, partners, and direct reports | Building relationships with customers, brokers, internal and external stakeholders | Build trusted relationships with partners and customers. | Build strong working relationships with customer contacts, partner teams, and internal stakeholders to ensure collaborative engagement. | Work directly with our employees and customers to develop relationships | Develop and maintain relationships with customers, internal stakeholders, and vendors. | Develop and maintain business relationships with current and potential customers and suppliers | Develop and maintain strong relationships at key stakeholder levels, including cultivating executive-level relationships within customer IT and business leadership. | Manage and grow relationships with an assigned base of customers and key vendor partners. | connecting and building relationships with customers | Develop new and support existing relationships with external customers and industry contacts. | Engage with clients' executives, line managers, and staff across various functional areas to drive strategic communication and build lasting relationships. | Be Able to Create and Maintain Customer Relationships | Cultivate strong relationships with key business line and marketing and technology teams to inform strategy, gain alignment, and drive cross‑organizational buy‑in. | building strong client relationships | Build Strong Customer Relationships | Build strong relationships with customer architects, technical authorities, and delivery teams. | Build lasting client relationships with key stakeholders. | Cultivate strong, long-term relationships with key decision-makers within Account and develop in-depth knowledge of the customer organization. | establishing relationships with customers"
73,351,274,0.0111,72,False,"Repair or replace equipment components and verify that repairs are completed correctly and safely. | Perform all equipment repairs and maintenance of all vehicles and equipment as needed for Industrial Services sites. | perform maintenance, preventive maintenance and minor repairs of equipment in a safe and professional manner | Perform maintenance and repair of mechanical, electrical, hydraulic, and diesel systems on a variety of customer equipment and tools | Conduct detailed process equipment inspections and recommend repairs. | Perform basic repairs, maintenance, disassembly, and reassembly of major equipment. | performing repairs on various systems such as mechanical, electronics, rotating equipment, HVAC, and instrumentation | Perform routine maintenance tasks, such as cleaning, lubricating, and inspecting equipment, to ensure optimal performance and prevent breakdowns. | perform maintenance and complex repairs on customer owned equipment in a safe and professional manner | other routine maintenance or warranty-related repairs based on your experience level | Maintain accurate maintenance records and report on equipment status. | Perform preventative maintenance tasks, including lubrication, filter inspection and replacement, oil changes, motor and pump replacements, plumbing, painting, cleaning, and any other mechanical and electrical task as assigned | Utilize mechanical skills to maintain equipment and identify mechanical problems. | Perform equipment inspections and ensure machines operate within specified performance conditions. | Keep mechanical equipment in good condition and working order. | Perform basic equipment maintenance such as changing oil, greasing fittings, changing filters, changing tracks, etc. | Assist with removal, installation, inspection, repairs, and modifications using approved maintenance procedures and sound workmanship practices. | Collaborate with Service Advisors, Parts, and other technicians to complete repairs efficiently and meet customer expectations. | Inspect, lubricate and service equipment per company maintenance schedules. | perform maintenance and repairs of complex equipment on customer owned equipment with limited or no supervision in a highly skilled, safe, and professional manner"
74,45,13,0.0005,24,False,"Launch partnerships and scale existing partnerships with clear GTM plans, co-marketing initiatives, and integrated roadmaps where relevant. | Coordinate with partner teams to integrate the channel into growth product GTM motions. | Launch product partnerships with clear GTM plans, co-marketing initiatives, and integrated roadmaps where relevant | Develop and execute GTM communications plans for product launches, strategic partnerships, and major company milestones for maximum impact. | Lead partnership business planning, co-engineering and product bundling discussions, and GTM planning to strengthen joint offers and drive incremental revenue. | The successful candidate will ensure effective alignment and lead joint go-to-market (GTM), including partnership and business planning, product and reseller agreement management, field enablement, training and certification, and executive engagement. | Drive technical and sales enablement of partners, collaborating with internal teams to leverage ecosystem resources. | Develop joint GTM plans with Marketing to drive co-sell and demand generation leading to pipeline and revenue | Develop and execute joint marketing and enablement plans aligned to partner segment and opportunity size. | Establish simple, scalable operating rhythms (business reviews, launch cadences, feedback loops) that connect GTM teams with global Product and Marketing. | Build business cases and scenario models for major GTM decisions, such as new segments or geographies, pricing and packaging, partner/channel programs, and large marketing investments | Identify emerging partner opportunities and develop differentiated GTM strategies, particularly across fast-growing areas such as AI. | Partner with Relationship Managers, service, product, operations, inside sales, and other internal teams to deliver coordinated solutions and resolve barriers to growth | Partner closely with Partnership Leaders to understand key priorities and identify where we have marketing leverage | GTM: Collaborate with Product Marketing and Business Development to establish competitive software offering, licensing, and product packages that drive high volume adoption. | Collaborate with the AM BU to develop and refine GTM strategies, including insights into pricing, packaging, and market positioning, as needed. | partner with business teams to translate growth marketing requirements into scalable technical solutions | Support partner co-sell strategy and solution partner enablement to unlock joint growth and market reach. | Support joint GTM motions by providing technical validation, competitive positioning, and solution demonstrations that showcase integrated capabilities to end customers. | Lead enterprise GTM strategy for new products like Sidekick, defining commercial packaging from design partnerships through to GA"
75,35,16,0.0007,21,False,"Diagnose and repair motors, motor controls, drives, relays, contactors, transformers, panels, and electrical distribution systems. | diagnose basic electrical, mechanical, pneumatic, plumbing, and electronic (PLC) problems and direct/assist with repairs | Troubleshoots complex pneumatic, hydraulic and electrical systems to isolate mechanical or electrical faults and repair faulty components. | Diagnose, repair and perform preventive maintenance on industrial equipment both mechanically and electrically | Service, maintain, upgrade, and troubleshoot equipment malfunctions by collaborating with operators, vendors, and engineers. | Diagnose and repair motor control circuits, starters, contactors, relays, limit switches, sensors, and basic electrical control systems. | troubleshooting, maintaining, and repairing all equipment and company assets | Troubleshoot, diagnose, repair, and maintain wide array of electrical equipment associated with offshore oil and gas producing operations; including but not limited to: Electrical motors, Electrical switchgear and motor control centers, Distribution transformers, Lighting systems, Diesel and Turbine Generators and | Troubleshoot mechanical, electrical, hydraulic, pneumatic, and AC/DC systems using technical documentation and diagnostic tools, including voltage meters. | Knowledge of troubleshooting, test and repair techniques | Troubleshoot and repair electrical faults, including circuit breakers, fuses, and electrical panels. | Rebuilding, troubleshooting, repairing and replacing AC and DC electrical motors, circuits, controllers, electronic devices | Diagnoses or troubleshoots machines or equipment to determine malfunction and the need for adjustment or repair. | Working knowledge of test equipment and diagnostic instruments for automation and power systems. | safely monitoring, troubleshooting, repairing and optimizing a wide array of electrical equipment associated with offshore oil and gas production operations | Troubleshoot, evaluate, and recommend maintenance operations. | Troubleshooting, inspecting, and fixing issues that arise with equipment as applicable. | Use equipment manuals, repair manuals, parts manuals, and parts diagrams to troubleshoot plant and production equipment. | Troubleshoot and repair electrical components, including alternating current and direct current power and control systems | Troubleshoot, remove, install, replace, rebuild, repair, and test parts and components on plant and production equipment."
76,54,21,0.0009,21,False,"Assist with substation engineering design and maintenance tasks. | Produces comprehensive electrical drawings for review by senior electrical engineers to facilitate effective understanding and implementation of electrical systems. | perform and lead all technical aspects of electrical substation protection and control engineering and design deliverables | Assists in planning the prospective development of electrical substations, encompassing design, construction, and management to ensure effective and efficient implementation within specified parameters and industry standards. | Develop and update electrical documentation and operating procedures. | Support initial energization and troubleshoot issues involving substations, transformers, switchgear, UPS systems, generators, busway, PDUs, RPPs, and rack-level distribution. | Developing electrical aspects of all project work as needed, working with supervision and management from other departments as the need to address electrical concerns in their areas. | Analyze electrical circuits, wiring diagrams and drawings, troubleshooting electrical circuit to the component level. | Develop and review energization plans, MOPs, SOPs, EOPs, switching procedures, and electrical safety controls. | Conduct regular inspections of electrical systems and equipment to identify potential issues and recommend solutions. | The role assesses electrical system field failures, identifies root causes, communicates findings to operations, and delivers routine engineering support for existing infrastructure and facilities. | Performs as a staff advisor and consultant in renewable plant substations, collection systems, protective relaying, and other high and medium voltage equipment reliability. | Assesses electrical system field failures, programs SEL relays and reclosers using acSELerator software, identifies root causes, communicates findings to operations, and delivers routine engineering support for existing infrastructure and facilities. | Interprets electrical power system models for forecasting electrical requirements and identifies and resolves potential issues through troubleshooting. | The role plans the prospective development of electrical substations, encompassing design, construction, and management to ensure effective and efficient implementation within specified parameters and industry standards. | Perform basic control wiring and equipment installations following electrical schematics and wiring diagrams. | Collaborates within a diverse team, including engineers, field operations, and EHS staff, to conceptualize and executes numerous distribution projects, ensuring the safe and efficient design and operation of company-owned power infrastructure with comprehensive design packages for both overhead and underground | Create and manage electrical documentation, including control philosophies, design specifications, load schedules, and wiring schematics | Inspects electrical systems to determine whether repairs are needed. | Design and layout circuits, installing fixtures, wiring conduits, motors, and other electrical equipment/components, including proven ability to use multimeter"
77,1864,1679,0.0684,148,False,"Collaborate with data, engineering, and architecture teams to ensure AI solutions are secure, compliant, performant, and aligned with enterprise standards. | Partner with product, data science, security, legal, and AI governance teams to ensure AI capabilities meet quality, safety, and compliance expectations. | Identify AI and automation opportunities and partner with Technology and collaborator teams to implement scalable solutions. | Work with AI platform, system software, security, and product teams to resolve cross-component dependencies and guide implementation decisions. | Partner with Wealth Management, Operations, Risk, Marketing, Product, and Engineering teams to identify high-value AI use cases and translate business requirements into scalable technical solutions. | Partner with product, engineering, and platform teams to translate business needs into technical AI solutions that are measurable, maintainable, and production-ready. | Lead and develop a team of Data Platform and AI Engineers, fostering a culture of accountability, collaboration, and continuous improvement. | Lead and facilitate the design and delivery of the AI agents, multi-agent orchestration, and RAG pipelines underlying the feature, from prototype through production-grade deployment. | Partner with AI-builder teams across the company (Finance & BizOps, GRC, Engineering) to review internal AI use cases, classify by risk category, and ensure controls, evidence trails, and validation travel with the build — not bolted on after launch. | Build and maintain scalable AI security workflows, assessment playbooks, and decision frameworks that enable the organization to evaluate AI adoption requests efficiently, consistently, and without creating unnecessary friction for business delivery. | Collaborate with Enterprise Architecture, Engineering, Security, Data, and Product teams to align AI strategy with business objectives. | Work closely with AI engineering leaders responsible for agentic platforms, multi-agent frameworks, runtime architecture, AgentOps, observability, AI security, and engineering standards. | Design, build, and deliver AI-powered solutions across a range of engagement types — from sustained strategic initiatives requiring deep discovery and architecture work, to rapid field engagements focused on integrating LOB workflows with enterprise AI platforms and validating feasibility through | Collaborate with business partners, AI & Automation team, and technical specialists, seeking guidance where deeper expertise is required. | Lead the design and delivery of scalable, secure, and highly available services supporting AI governance, observability, controls, and agent runtime management. | Integrate AI services with customer portals, custom applications, workflow and service management platforms, knowledge and analytics systems, procurement and contract lifecycle processes, and AWS services. | Supports organizational AI governance, compliance, security, and responsible AI practices to ensure solutions are deployed and operated in accordance with established standards. | Use AI tools to work more efficiently and deliver smarter, faster solutions for customers and teammates alike. | Develop training and awareness programs to help engineering, product, and business teams understand and apply the AI Security Standard in coordination with Enterprise AI’s broader AI Standard training. | Collaborates with platform, data, and product engineering teams to embed AI capabilities into the production lifecycle — from deployment to decommission."
78,85,40,0.0016,46,False,"Coordinate with customers, distributors, demand planning, supply centers, plants, shipping lines, and freight forwarders to confirm production, loading, shipment, and delivery schedules. | Assist with resolving operational issues including shipping delays, inventory discrepancies, and material transfer concerns. | Help ensure weekly schedules, ad hoc delivery adjustments, delivery profiles, and relevant freight communications are accurate and clearly shared. | Coordinating all shipping and receiving functions, such as packing, preparing lists, liaising with shippers, and managing material intake | Develop and administer operational procedures for perfectly completing activities for incoming and outgoing shipments, handling and disposition of products, and keeping the highest standards of inventory accuracy | oversee the back end processes, including receiving and freight teams to ensure that merchandise is received and stocked appropriately | Coordinate with supervisors and planners to ensure customer orders and priority shipments are delivered according to promised lead times and dates. | Develop and maintain standardized material delivery routes and replenishment processes. | Coordinate with the supply chain team to ensure timely and accurate product delivery and inventory management. | Works with warehouse and logistics teams, including transportation carriers, to ensure product is received and delivered on time; lead/drive/support process improvements. | Coordinate with shipping and receiving departments to ensure timely dispatch of packed goods. | Provide direction to suppliers regarding ship schedule requirements and containment plan when behind schedule. | Own and manage logistics operations for inbound, interplant, and outbound materials, equipment, and finished goods. | Communicate with suppliers to schedule or expedite deliveries and resolve shortages, missed deliveries, and other supply issues. | Coordinates across Logistics, Customer Management, Supply Chain Planning, Warehouse Operations, Procurement, Finance, and IT—plus carriers and 3PLs—to align capacity, resolve execution issues, and close action items. | Process stock and non-stock orders, work with Purchasing to ensure correct delivery time, and follow up with factory on progress of orders to obtain shipping information. | Coordinates basing logistics plans and operating schedules (daily/weekly/monthly) across replenishment, warehouse, and fulfillment to meet service, cost, and inventory targets, including support for appointment scheduling and shipment execution alignment | Implement and manage the successful execution of logistics plans to meet technical, cost, and schedule requirements. | Works with warehouse and logistics teams, including transportation carriers, to ensure product is received and delivered on time; | Supervise, coordinate and oversee day to day logistics operations;"
79,154,133,0.0054,65,False,"inventory management | maintaining inventory | managing inventory | Support and execute inventory control processes. | Effectively receive and store inventory. | Assists with inventory maintenance | inventory planning | Supporting stock replenishment and storage procedures | Support inventory accuracy by timely and accurate completion of all required merchandise disposition practices | Enforcing inventory procedures to ensure timely and accurate warehouse transactions and inventory flow management | Support inventory management from receipt to sale, including freight processing, back stocking, inventory counts and price changes | order and maintain inventory in your department, while utilizing inventory control procedures to ensure product freshness and quality | Maintain inventory of shipping materials and supplies | Support inventory management activities, including cycle counts, stock record maintenance, and inventory accuracy initiatives. | Ensure inventory is accurate and properly maintained by following SOP and NBi. | Support inventory accuracy through accurate completion of all required point of sale and merchandise disposition practices | Conduct daily inventory checks to verify stock accuracy, identify shortages, and maintain product availability | Stock, organize and maintain inventory within the supply room for efficient access and workflow | Research root causes of inventory discrepancies and take action to correct discrepancies and to fix transaction errors. | Identify, research, correct and communicate receiving inventory errors to Accounting and/or Inventory Supervisor."
80,34,17,0.0007,23,False,"Support monitoring of campaign performance throughout the campaign lifecycle and assist in reporting on optimization opportunities based on platform data and audience insights. | Track and report campaign performance, identifying insights and optimising future initiatives. | Leverage data-driven insights to measure, analyze, and optimize campaign performance across channels and accounts. | Deliver actionable insights to accelerate campaign planning, performance measurement, and audience segmentation. | Partner with Marketing, agency teams and Technology to improve campaign tagging, attribution, website funnel visibility, abandonment reporting and cross-channel performance measurement. | Build production-quality services, APIs, data pipelines, workflow automation, and AI-enabled applications that improve campaign execution, personalization, audience activation, measurement, and productivity. | Analyze campaign performance data to uncover trends, keyword opportunities, competitive insights, and demand signals. | Monitor campaign performance through metrics such as engagement, activation, product usage, retention, and expansion; use experimentation and cohort analysis to improve results. | Stays updated with the latest industry trends and identifies new opportunities to drive optimal campaign performance | Use tools such as Gainsight, Salesforce, marketing automation platforms, and AI solutions to increase campaign quality, testing speed, and operational efficiency. | Own the data and reporting infrastructure that supports campaign attribution, sales-play performance, and pipeline reporting. | Review campaign performance and creative insights with partners, then apply learnings to improve future content. | Analyze performance data to optimize campaigns and improve ROI across the partner channel | Develop reports and dashboards to analyze campaign performance, lead quality, pipeline impact, and ROI. | Report on campaign performance, pipeline contribution and marketing ROI. | Own the budget, track KPIs, and deliver rigorous ROI analyses to prove the business impact of every campaign. | Measure marketing effectiveness and optimize performance through campaign analysis, reporting, and continuous improvement of marketing communications activities. | Track, analyze and socialize engagement analytics and campaign performance with key stakeholders on a consistent basis. | Check and revise documents and ads based on campaign performance analyses. | Owning a portfolio of Search accounts (SEM, PMax/Shopping, GAC, ASA, ChatGPT Ads) across your assigned markets, with full accountability for performance, campaign structure, and incrementality-informed budget decisions"
81,154,50,0.002,77,False,"Partner with Product and multiple Engineering teams to shape technical roadmaps and long-term platform investments. | Partner with engineers, product managers, designers, and engineering leaders to align platform investments with product needs. | Partner with enterprise architects, development teams, and platform owners to understand technology opportunities, constraints, integrations, and dependencies. | Collaborate with other engineering teams to make the platform open and extensible to unlock innumerable opportunities for innovations. | Collaborate with other teams to understand integration requirements and scale existing platforms to meet them. | Partner with engineering teams throughout the company to ensure that the platforms we build are extensible and easy to adopt | Partner with product and engineering leadership to define the technical roadmap and long-term architecture for serving workloads. | partner closely with Application Engineering, the CIO organization, and domain teams across GTM, HR, Finance, and Product to ensure the platform serves real needs and scales with the organization. | Ensure delivery velocity and quality across the full platform portfolio, maintaining engineering rigor whether the team is building new capabilities, maintaining existing systems, or executing platform transitions | Partnering with developers and platform teams to resolve complex design or implementation issues. | Partner with product management and cross-functional engineering teams (Growth, Onboarding, product teams) to define the platform’s technical roadmap and drive adoption across Gusto. | Partner with internal engineering organizations and external development partners to drive software architecture, design, development, integration, and delivery. | Partner with each market's Engineering Manager and Staff engineers on market-specific rollout plans for Global Platform capabilities. | Partner with cross-functional stakeholders to enhance and implement platform and tool enhancements and operational improvements | Collaborate closely with product, QA, and platform teams to deliver high-quality, scalable solutions | Coordinate with product owners, software engineers, design, and other stakeholders so features built on the shared foundation work together across products. | Develops and drives engineering platforms and DevSecOps strategy in alignment with enterprise architecture, product roadmaps, and business objectives. | Define and execute cross-functional collaboration with engineering, design, and GTM teams to ship high-quality developer experiences on a predictable cadence. | Collaborate with software vendors and technology partners to assess new functionality, innovations, and opportunities for platform enhancement. | Collaborate across technical and business stakeholders to ensure platform designs align with enterprise engineering needs and delivery outcomes."
82,51,24,0.001,40,False,"Partner with Product Management and executive leadership to translate product vision into multi-year technical roadmaps. | Partner with Product, Architecture, and Engineering leaders to translate long-term vision into actionable technical roadmaps. | Partner with Product, Engineering, and Strategy leadership to define the 2027+ product roadmap and ensure technical feasibility of new features and services | Partner with Technology, Operations, and Product leadership to define and prioritize the technology investment roadmap. | Develop and oversee product roadmap in alignment with company strategic goals, market trends, competitive landscape, client, and consumer needs. | Partner closely with product leaders to ensure roadmaps reflect high-impact priorities. | Work with leadership to assign prioritization of technical roadmap and influence prioritization of product roadmap and process enhancements within their area and across related areas. | Partner across the company. Product and Engineering on supportability and customer-driven roadmap input; CS and Services on scope and handoffs; Enablement and Product Marketing on self-serve and launch readiness. | Partner closely with Product Owners to ensure clear understanding of business requirements, epics, features, and expected outcomes. | Define product vision, goals, and roadmaps for your areas, balancing user value, technical feasibility, and business impact. | Translate product strategy into actionable roadmaps, identifying opportunities that enhance user experience, operational efficiency, and business value. | Partner with Product Management, Engineering, Architecture, and Design teams to prioritize investments and accelerate delivery. | You’ll work with a team of engineers and cross-functional partners across product, design, data science, and user research to define a product strategy and drive execution through conception, research, implementation, and maintenance. | Translate group-level planning into a unified roadmap that aligns product, technology, and design investments with organizational priorities and measurable business outcomes. | Work with Architects to define and execute on the company's technical roadmap. | Work with the Product Team to define and deliver the six-month roadmap. | Partner with business stakeholders to develop and maintain technology roadmaps and demand plans aligned to strategic priorities | Execute the Product roadmap. | Manage and prioritize digital product backlogs/enhancements on technology roadmaps along with the business stakeholders and development teams. | define and maintain both short-term and long-term technology roadmaps, ensuring alignment with evolving business needs and enterprise strategy"
83,55,15,0.0006,36,False,"marketing initiatives | Drive integrated marketing programs across demand generation, field marketing, events, partnerships, and communications. | Activate key marketing programs and brand activation as directed by leadership. | Collaborate with marketing and communications teams to develop clear, compelling narratives, segment-specific messaging, and transparent value propositions that resonate with target audiences | activate brands through education, promotion, and partnership | Align closely with Product Marketing on positioning and go-to-market initiatives. | Plan and execute on-premise events, samplings, staff trainings, and promotions to drive brand awareness and trial. | collaborate with marketing communications teams to craft strategic messaging that drives market engagement | Working closely with the product, competitive, and field teams, create messaging and content that provides compelling, differentiated value propositions, and increase awareness and engagement. | Develop strong value propositions for the launches backed by powerful concepts and consumer insights | Lead development and implementation of innovative commercial initiatives aligned with brand objectives and growth priorities. | actively shape brand positioning, messaging, and content strategy | Activate key marketing programs and brand activation as directed by leadership | Plan and execute on-premise events, samplings, staff trainings, and promotions to drive brand awareness and trial | involvement in marketing initiatives as required | Translate briefs, business goals, and consumer insights into strategically grounded creative concepts that build brand awareness, engagement, sales, and conversion | Establish scalable marketing processes and best practices. | Innovative Marketing tactics to deliver holistic solutions. | Collaborate and provide feedback and insights to Marketing to help improve targeting and messaging | Identify unmet needs and opportunities that strengthen brand differentiation and drive market adoption."
84,61,43,0.0018,41,False,"Create and execute territory and account plans aligned with sales objectives, leveraging data, CRM insights, and competitive analysis. | Develop and execute territory and account strategies to achieve commercial objectives. | Develop and execute territory strategies that expand market share, increase customer penetration, and support long-term business growth. | utilizing solution selling, territory management, and business planning capabilities to execute our strategies to maximize sales performance within the assigned geography | Develop an overall account strategy leading to the deployment of a well-executed selling effort into the assigned territory/accounts. | Develop territory business plans, forecasts, and referral strategies using market intelligence and account insights. | Actively engage in territory planning, relationship development, and opportunity to drive revenue by supporting your team in closing opportunities. | Participate in territory planning, customer planning and territory reviews. | Develop an overall account strategy leading to the deployment of a well-executed selling effort into the assigned territory/accounts | Drive effective execution of sales and marketing initiatives across assigned territories. | Develop and execute account and territory strategies that reflect the unique buying motions, procurement requirements, funding dynamics, and stakeholder environments across government, education, and healthcare organizations. | Develop of sales plans to effectively and efficiently cover the accounts within an assigned geography. | Effectively manage a territory with a high activity and comprehensive business plan. | Create and execute territory sales action plans using company programs, tools, promotions, educational programs, seminars, conventions, and sales events. | Develop and execute territory and account plans that prioritize high-potential clients, retention risks, key decision-makers, and growth opportunities | Drive territory success through customer events, webinars, channel enablement initiatives, field marketing activities, and industry engagement. | Strengthen and expand the Central Field Sales organization by refining territory models, optimizing go-to-market plans, and instilling operational rigor. | Support sales strategy planning and gain exposure to territory alignment and incentive modeling. | Build and maintain structured account and territory plans, including org/power charts, for all key strategic accounts. | Analyze competition within the territory, developing and communicating sales strategies to management."
85,43,21,0.0009,28,False,"Develop and grow customer accounts | Grow existing accounts through cross-channel solutions, renewals, measurement opportunities, and longer-term partnerships | Prospect, qualify, and convert new business opportunities while growing existing accounts | acquire new customers and sell additional use cases, products and services into existing accounts | Focus on new account acquisition alongside customer satisfaction and retention within the existing account base. | Partner with Account Managers to identify, shape, and advance product-specific opportunities for new and existing accounts. | qualifying new accounts and opportunities or to further a relationship or opportunity with existing customers | Identify expansion opportunities within the existing commercial customer base and coach AEs to grow accounts over time | Learn account management fundamentals, including territory planning, opportunity identification, and customer retention strategies | Develop and drive the overall long-term strategy for the account, aligned to customer business objectives | Identify and drive growth opportunities within existing accounts and work towards expanding Salesforce services. | you’ll also convert strategic competitive accounts and sell new technologies to current customers. | convert strategic competitive accounts and sell new technologies to current customers | Develop and execute multi-year account plans aligned to platform refresh cycles, customer buying centers, and long-term revenue growth | Drive growth within existing assigned accounts by sharing the Salesforce value proposition and identifying opportunities for upsell and cross-sell | When strategizing account management, identifying criteria for prioritizing accounts, evaluating the depth of customer relationships, assessing the competitive advantages of winning each account, gauging the overall potential of an account, and striking a balance between allocating time for short term | Identify and pursue new business opportunities to expand CBI's market presence among on-premise accounts. | You develop new accounts and/or expand existing accounts within an established geographic territory, industry, product segment or channel. | Prospect new accounts, generate interest, qualify, develop, and close new business. | Profiling existing and new customer accounts, to estimate account potential."
86,91,60,0.0024,56,False,"Coordinates with sales team for successful market execution. | Create and deliver training to the sales team, sharing important insights and promoting the unique value and benefits of products | Participate in team meetings and sales training, implement sales strategies, and collaborate with peers for continuous improvement. | Work closely with Sales Leadership and cross functional teams; | Align closely with Account and Services Sales team by leading pre-sales activities such as the development of client-specific proposals, SOWs, staffing plans | Partner with Sales leadership to align marketing and commercial priorities. | Work with Sales teams to manage complex commercial issues, customer relationships, and antitrust related matters. | Leads and drives coordinated sales approach with the extended sales team (Sales Engineers, Solutions Architect, Customer Care, SSA, Commercial Solutions, Sales Operations, etc.) and external partners (Reseller, Strategic Alliance, etc.) | Develop sales training programs and customer engagement materials. | Prepare sales reports and provide market feedback. | Work in concert with the Services product teams/GM as the sales lead and voice | Work in a team selling environment to navigate complex sales situations across multiple functions (Applications Support, Field Service, Product Demonstration, Product Management, Market Development Managers | Work with Sales Development Representatives (SDRs), Sales Managers and other partners (LinkedIn AE’s, project team, marketing, IT support, Sales Ops) to ensure agreement and increase sales process. | Work closely with marketing and sales. | Sales Support: Collaborate closely with our sales organisation in pre-sales activities to drive new business opportunities. | Schedule highly qualified meetings for your field sales team members using a defined sales methodology and utilizing sales strategies within your territory | Recruit, develop, and retain top sales talent while building a high-performance and accountable sales culture across a strategically important and specialized market. | Participate in pre-Sales and post-Sales phases by engaging with customer Architecture and security teams. | Work with all sales teams on the available products and lead-ins for maximum F&I penetration. | Continuously improve how your team sells by refining processes, simplifying execution and eliminating friction."
87,57,64,0.0026,38,False,"Consistently achieve and exceed assigned sales targets while maximizing profitability and new business financial performance by managing costs and customer pricing. | Meeting sales targets | Sells with goals of exceeding departmental, financial and unit targets. | helping meet and exceed sales objectives | Develop a comprehensive sales strategy and sales plan that ensures consistent achievement of goals over the short and long-term | Achieve individual and team sales targets. | Achieve and exceed assigned sales targets, revenue objectives, and business goals through effective distributor management. | Implement strategies to meet sales, expense, and customer service targets | meeting sales goals | Implement strategies to meet sales, expense, and customer service targets. | Set and achieve targeted sales goals | Deliver on sales and profit targets | Developing and executing sales strategies to achieve revenue targets | Set and achieve personal sales goals, and stay accountable to results | achieving or exceeding assigned revenue targets | Build and maintain an annual sales plan (goals) in support of our organizational strategy and objectives | Achieve sales targets and distribution goals by executing sales initiatives, securing new placements in both package and draft format, and increasing volume at existing accounts. | Sell with goal of exceeding departmental financial and unit targets. | Deliver sales, POS, share, and profitability objectives through disciplined execution of assortment changes, product launches, promotions, resets, and other growth initiatives. | Achieve sales targets and distribution goals by executing sales initiatives, securing new placements in both package and draft format, and increasing volume at existing accounts"
88,111,51,0.0021,62,False,"Generation of new leads with targeted businesses through various prospecting activities, including cold calling, canvassing, customer referrals and partner relationships. | identifying leads, proactively and prospecting and selling new and profitable business within an assigned market | Identify, track and develop new business opportunities. | identify and advance new business opportunities; | Identify new business opportunities and lead pipeline generation activities | Lead opportunities across the full sales cycle, from initial engagement and solution design through business case development, negotiation, and closing. | Assist with the development of new business opportunities | Help create new business opportunities through thoughtful prospecting | hunt sales opportunities and quickly qualify, prioritize, and convert expressed interest into high-quality pipeline | Identify and drive new business acquisition, competitive conversion, and revenue growth. | advance opportunities through the sales process | Identify market specific business development opportunities. | Own the Sales Cycle: Manage the entire sales process—from prospecting and qualification to closing six-figure deals | achieving orders and performance targets by developing new business opportunities | Own your entire sales cycle—from outbound prospecting to closing strategic, multi-stakeholder deals | Identify market opportunities, customer needs and strategic initiatives to accelerate business expansion. | Effectively turn prospects and qualified leads into opportunities and revenue pipeline by filtering them through different criteria, e.g. BANT (budget, authority, need and timeline) | Develop strategic plans that accelerate revenue growth and market leadership. | Build strategic prospecting campaigns and sequencing to source your own opportunities. | Execute outbound prospecting through phone calls, email, LinkedIn, and other channels."
