employer,type,ats,board_id,workday_host,workday_site,method,evidence_url,status,note
Walmart,fortune500,smartrecruiters,walmartinc,,,slug-probe,https://api.smartrecruiters.com/v1/companies/walmartinc/postings?limit=5,found,company 'Walmart Inc.'; 79 postings
Amazon,fortune500,none,,,,,,none,"careers page: https://amazon.jobs/en/; slug probes tried: amazon,amazoninc,amazonhq,amazoncareers"
UnitedHealth Group,fortune500,other-ats,,,,careers-page-link,https://www.unitedhealthgroup.com/careers/en/work.html,not-crawlable,links to taleo; careers page: https://www.unitedhealthgroup.com/careers/en/work.html
Apple,fortune500,none,,,,,,none,"careers page: https://www.apple.com/careers/us/; slug probes tried: apple,appleinc,applehq,applecareers"
CVS Health,fortune500,workday,cvshealth,https://cvshealth.wd1.myworkdayjobs.com,CVS_Health_Careers,careers-page-link,https://cvshealth.wd1.myworkdayjobs.com/wday/cxs/cvshealth/CVS_Health_Careers/jobs,found,18578 postings; other-ats links: phenom
Berkshire Hathaway,fortune500,none,,,,,,none,"careers page: https://www.berkshire-hathaway.com/careers; slug probes tried: berkshirehathaway,berkshire-hathaway,berkshire,berkshirehathawayinc,berkshirehathawayhq,berkshirehathawaycareers"
Alphabet,fortune500,none,,,,,,none,"careers page not reachable; slug probes tried: alphabet,alphabetinc,alphabethq,alphabetcareers"
Exxon Mobil Holdings,fortune500,other-ats,,,,careers-page-link,https://corporate.exxonmobil.com/careers,not-crawlable,links to successfactors; careers page: https://corporate.exxonmobil.com/careers
McKesson,fortune500,workday,mckesson,https://mckesson.wd3.myworkdayjobs.com,External_Careers,careers-page-link,https://mckesson.wd3.myworkdayjobs.com/wday/cxs/mckesson/External_Careers/jobs,found,640 postings
Cencora,fortune500,workday,myhrabc,https://myhrabc.wd5.myworkdayjobs.com,Global,careers-page-link,https://myhrabc.wd5.myworkdayjobs.com/wday/cxs/myhrabc/Global/jobs,found,999 postings; other-ats links: phenom
JPMorgan Chase,fortune500,none,,,,,,none,"careers page: https://www.jpmorganchase.com/careers; slug probes tried: jpmorganchase,jpmorgan-chase,jpmorgan,jpmorganchaseinc,jpmorganchasehq,jpmorganchasecareers"
Costco Wholesale,fortune500,other-ats,,,,careers-page-link,https://www.costco.com/,not-crawlable,links to taleo; careers page: https://www.costco.com/
Cigna Group,fortune500,workday,cigna,https://cigna.wd5.myworkdayjobs.com,cignacareers,careers-page-link,https://cigna.wd5.myworkdayjobs.com/wday/cxs/cigna/cignacareers/jobs,found,570 postings; other-ats links: phenom
Microsoft,fortune500,none,,,,,,none,"careers page: https://www.bing.com/?ref=aka&shorturl=9849952; slug probes tried: microsoft,microsoftinc,microsofthq,microsoftcareers"
Cardinal Health,fortune500,none,,,,,,none,"careers page not reachable; slug probes tried: cardinalhealth,cardinal-health,cardinal,cardinalhealthinc,cardinalhealthhq,cardinalhealthcareers"
Chevron,fortune500,workday,chevron,https://chevron.wd5.myworkdayjobs.com,jobs,careers-page-link,https://chevron.wd5.myworkdayjobs.com/wday/cxs/chevron/jobs/jobs,found,147 postings; other-ats links: eightfold
Bank of America,fortune500,workday,ghr,https://ghr.wd1.myworkdayjobs.com,lateral-us,careers-page-link,https://ghr.wd1.myworkdayjobs.com/wday/cxs/ghr/lateral-us/jobs,found,1974 postings
General Motors,fortune500,none,,,,,,none,"careers page not reachable; slug probes tried: generalmotors,general-motors,general,generalmotorsinc,generalmotorshq,generalmotorscareers"
Ford Motor,fortune500,none,,,,,,none,"careers page not reachable; slug probes tried: fordmotor,ford-motor,ford,fordmotorinc,fordmotorhq,fordmotorcareers"
Elevance Health,fortune500,workday,elevancehealth,https://elevancehealth.wd1.myworkdayjobs.com,ANT,careers-page-link,https://elevancehealth.wd1.myworkdayjobs.com/wday/cxs/elevancehealth/ANT/jobs,found,253 postings
Citigroup,fortune500,workday,citi,https://citi.wd5.myworkdayjobs.com,2,careers-page-link,https://citi.wd5.myworkdayjobs.com/wday/cxs/citi/2/jobs,found,2000 postings; other-ats links: eightfold
Meta Platforms,fortune500,none,,,,,,none,"careers page: https://www.meta-platforms.com/careers; slug probes tried: metaplatforms,meta-platforms,meta,metaplatformsinc,metaplatformshq,metaplatformscareers"
Centene,fortune500,workday,centene,https://centene.wd5.myworkdayjobs.com,centene_External,workday-probe,https://centene.wd5.myworkdayjobs.com/wday/cxs/centene/centene_External/jobs,found,"380 postings; tenant guessed from employer name, company identity not verifiable via API"
Home Depot,fortune500,workday,homedepot,https://homedepot.wd5.myworkdayjobs.com,CareerDepot,careers-page-link,https://homedepot.wd5.myworkdayjobs.com/wday/cxs/homedepot/CareerDepot/jobs,found,977 postings
Fannie Mae,fortune500,workday,fanniemae,https://fanniemae.wd1.myworkdayjobs.com,FannieMaeCareers,careers-page-link,https://fanniemae.wd1.myworkdayjobs.com/wday/cxs/fanniemae/FannieMaeCareers/jobs,found,63 postings
Walgreens Boots Alliance,fortune500,none,,,,,,none,"careers page: https://jobs.walgreens.com/en; slug probes tried: walgreensbootsalliance,walgreens-boots-alliance,walgreens,walgreensbootsallianceinc,walgreensbootsalliancehq,walgreensbootsalliancecareers"
Kroger,fortune500,none,,,,,,none,"careers page not reachable; slug probes tried: kroger,krogerinc,krogerhq,krogercareers"
Phillips 66,fortune500,other-ats,,,,careers-page-link,https://www.phillips66.com/careers/,not-crawlable,links to successfactors; careers page: https://www.phillips66.com/careers/
Marathon Petroleum,fortune500,none,,,,,,none,"careers page not reachable; slug probes tried: marathonpetroleum,marathon-petroleum,marathon,marathonpetroleuminc,marathonpetroleumhq,marathonpetroleumcareers"
Verizon Communications,fortune500,none,,,,,,none,"careers page not reachable; slug probes tried: verizoncommunications,verizon-communications,verizon,verizoncommunicationsinc,verizoncommunicationshq,verizoncommunicationscareers"
Nvidia,fortune500,workday,nvidia,https://nvidia.wd5.myworkdayjobs.com,NVIDIAExternalCareerSite,careers-page-link,https://nvidia.wd5.myworkdayjobs.com/wday/cxs/nvidia/NVIDIAExternalCareerSite/jobs,found,2000 postings; other-ats links: eightfold
Goldman Sachs Group,fortune500,none,,,,,,none,"careers page: https://www.goldmansachs.com/careers; slug probes tried: goldmansachs,goldman-sachs,goldmansachsgroup,goldman,goldmansachsinc,goldmansachshq"
Wells Fargo,fortune500,none,,,,,,none,"careers page: https://www.wellsfargojobs.com/?utm_medium=www-redirect&utm_source=careers; slug probes tried: wellsfargo,wells-fargo,wells,wellsfargoinc,wellsfargohq,wellsfargocareers"
Valero Energy,fortune500,none,,,,,,none,"careers page: https://www.valeroenergy.com/careers; slug probes tried: valeroenergy,valero-energy,valero,valeroenergyinc,valeroenergyhq,valeroenergycareers"
Comcast,fortune500,workday,comcast,https://comcast.wd115.myworkdayjobs.com,Comcast_Careers,careers-page-link,https://comcast.wd115.myworkdayjobs.com/wday/cxs/comcast/Comcast_Careers/jobs,found,663 postings
State Farm Insurance,fortune500,other-ats,,,,careers-page-link,https://www.statefarm.com/,not-crawlable,links to icims; careers page: https://www.statefarm.com/
AT&T,fortune500,workday,att,https://att.wd1.myworkdayjobs.com,ATTGeneral,careers-page-link,https://att.wd1.myworkdayjobs.com/wday/cxs/att/ATTGeneral/jobs,found,1137 postings
Freddie Mac,fortune500,workday,freddiemac,https://freddiemac.wd5.myworkdayjobs.com,External,workday-probe,https://freddiemac.wd5.myworkdayjobs.com/wday/cxs/freddiemac/External/jobs,found,"91 postings; tenant guessed from employer name, company identity not verifiable via API"
Humana,fortune500,workday,humana,https://humana.wd5.myworkdayjobs.com,CenterWell_External_Career_Site,careers-page-link,https://humana.wd5.myworkdayjobs.com/wday/cxs/humana/CenterWell_External_Career_Site/jobs,found,1818 postings; other-ats links: phenom
Morgan Stanley,fortune500,other-ats,,,,careers-page-link,https://www.morganstanley.com/people,not-crawlable,links to eightfold; careers page: https://www.morganstanley.com/people
Target,fortune500,workday,target,https://target.wd5.myworkdayjobs.com,targetcareers,careers-page-link,https://target.wd5.myworkdayjobs.com/wday/cxs/target/targetcareers/jobs,found,2000 postings
StoneX Group,fortune500,none,,,,,,none,"careers page: https://www.stonexgroup.com/careers; slug probes tried: stonex,stonexgroup,stonexinc,stonexhq,stonexcareers"
Tesla,fortune500,none,,,,,,none,"careers page not reachable; slug probes tried: tesla,teslainc,teslahq,teslacareers"
Dell Technologies,fortune500,none,,,,,,none,"careers page: https://enterpriseplatform.dell.com/hcmUI/CandidateExperience/en/sites/careers; slug probes tried: dell,delltechnologies,dellinc,dellhq,dellcareers"
PepsiCo,fortune500,other-ats,,,,careers-page-link,https://www.pepsicojobs.com/main/,not-crawlable,links to icims; careers page: https://www.pepsicojobs.com/main/
Walt Disney,fortune500,none,,,,,,none,"careers page: https://www.disney.com/; slug probes tried: waltdisney,walt-disney,walt,waltdisneyinc,waltdisneyhq,waltdisneycareers"
UPS,fortune500,none,,,,,,none,"careers page: https://www.ups.com/careers; slug probes tried: ups,upsinc,upshq,upscareers"
Johnson & Johnson,fortune500,none,,,,,,none,"careers page not reachable; slug probes tried: johnsonjohnson,johnson-johnson,johnsonandjohnson,johnson,johnsonjohnsoninc,johnsonjohnsonhq"
FedEx,fortune500,none,,,,,,none,"careers page: https://www.fedex.com/careers; slug probes tried: fedex,fedexinc,fedexhq,fedexcareers"
Archer Daniels Midland,fortune500,none,,,,,,none,"careers page not reachable; slug probes tried: archerdanielsmidland,archer-daniels-midland,archer,archerdanielsmidlandinc,archerdanielsmidlandhq,archerdanielsmidlandcareers"
Procter & Gamble,fortune500,none,,,,,,none,"careers page not reachable; slug probes tried: proctergamble,procter-gamble,procterandgamble,procter,proctergambleinc,proctergamblehq"
Lowe's,fortune500,none,,,,,,none,"careers page not reachable; slug probes tried: lowes,lowesinc,loweshq,lowescareers"
Energy Transfer,fortune500,none,,,,,,none,"careers page: https://www.energytransfer.com/careers; slug probes tried: energytransfer,energy-transfer,energy,energytransferinc,energytransferhq,energytransfercareers"
RTX,fortune500,workday,globalhr,https://globalhr.wd5.myworkdayjobs.com,REC_RTX_Ext_Gateway,careers-page-link,https://globalhr.wd5.myworkdayjobs.com/wday/cxs/globalhr/REC_RTX_Ext_Gateway/jobs,found,4884 postings; other-ats links: phenom
Albertsons,fortune500,none,,,,,,none,"careers page not reachable; slug probes tried: albertsons,albertsonsinc,albertsonshq,albertsonscareers"
Sysco,fortune500,workday,sysco,https://wd5.myworkdaysite.com,syscocareers,careers-page-link,https://wd5.myworkdaysite.com/wday/cxs/sysco/syscocareers/jobs,found,2000 postings
Progressive,fortune500,none,,,,,,none,"careers page not reachable; slug probes tried: progressive,progressiveinc,progressivehq,progressivecareers"
American Express,fortune500,other-ats,,,,careers-page-link,https://www.americanexpress.com/en-us/careers/,not-crawlable,links to eightfold; careers page: https://www.americanexpress.com/en-us/careers/
Lockheed Martin,fortune500,other-ats,,,,careers-page-link,https://www.lockheedmartin.com/en-us/careers/index.html,not-crawlable,links to eightfold; careers page: https://www.lockheedmartin.com/en-us/careers/index.html
MetLife,fortune500,none,,,,,,none,"careers page: https://www.metlifecareers.com/en_US/ml; slug probes tried: metlife,metlifeinc,metlifehq,metlifecareers"
HCA Healthcare,fortune500,none,,,,,,none,"careers page: https://geo-blocked-site.dpxmedcity.net/; slug probes tried: hcahealthcare,hca-healthcare,hcahealthcareinc,hcahealthcarehq,hcahealthcarecareers"
Prudential Financial,fortune500,workday,prudential,https://prudential.wd3.myworkdayjobs.com,prudential,workday-probe,https://prudential.wd3.myworkdayjobs.com/wday/cxs/prudential/prudential/jobs,found,"513 postings; tenant guessed from employer name, company identity not verifiable via API"
Boeing,fortune500,workday,boeing,https://boeing.wd1.myworkdayjobs.com,EXTERNAL_CAREERS,careers-page-link,https://boeing.wd1.myworkdayjobs.com/wday/cxs/boeing/EXTERNAL_CAREERS/jobs,found,764 postings
Caterpillar,fortune500,smartrecruiters,caterpillarinc,,,slug-probe,https://api.smartrecruiters.com/v1/companies/caterpillarinc/postings?limit=5,found,company 'Caterpillar Inc'; 1 postings
Merck,fortune500,workday,msd,https://msd.wd5.myworkdayjobs.com,SearchJobs,careers-page-link,https://msd.wd5.myworkdayjobs.com/wday/cxs/msd/SearchJobs/jobs,found,940 postings; other-ats links: phenom
Allstate,fortune500,workday,allstate,https://allstate.wd5.myworkdayjobs.com,allstate_careers,careers-page-link,https://allstate.wd5.myworkdayjobs.com/wday/cxs/allstate/allstate_careers/jobs,found,436 postings
Pfizer,fortune500,workday,pfizer,https://pfizer.wd1.myworkdayjobs.com,PfizerCareers,careers-page-link,https://pfizer.wd1.myworkdayjobs.com/wday/cxs/pfizer/PfizerCareers/jobs,found,590 postings
International Business Machines,fortune500,none,,,,,,none,"careers page not reachable; slug probes tried: internationalbusinessmachines,international-business-machines,international,internationalbusinessmachinesinc,internationalbusinessmachineshq,internationalbusinessmachinescareers"
New York Life Insurance,fortune500,none,,,,,,none,"careers page: https://www.newyorklife.com/; slug probes tried: newyorklifeinsurance,new-york-life-insurance,newyorklifeinsuranceinc,newyorklifeinsurancehq,newyorklifeinsurancecareers"
Delta Air Lines,fortune500,none,,,,,,none,"careers page not reachable; slug probes tried: deltaairlines,delta-air-lines,delta,deltaairlinesinc,deltaairlineshq,deltaairlinescareers"
Publix Super Markets,fortune500,none,,,,,,none,"careers page not reachable; slug probes tried: publixsupermarkets,publix-super-markets,publix,publixsupermarketsinc,publixsupermarketshq,publixsupermarketscareers"
Nationwide,fortune500,workday,nationwide,https://nationwide.wd1.myworkdayjobs.com,Nationwide_Career,careers-page-link,https://nationwide.wd1.myworkdayjobs.com/wday/cxs/nationwide/Nationwide_Career/jobs,found,155 postings
TD Synnex,fortune500,other-ats,,,,careers-page-link,https://de.tdsynnex.com/careers,not-crawlable,links to phenom; careers page: https://de.tdsynnex.com/careers
United Airlines Holdings,fortune500,none,,,,,,none,"careers page not reachable; slug probes tried: unitedairlines,united-airlines,unitedairlinesholdings,united,unitedairlinesinc,unitedairlineshq"
ConocoPhillips,fortune500,workday,conocophillips,https://conocophillips.wd1.myworkdayjobs.com,External,careers-page-link,https://conocophillips.wd1.myworkdayjobs.com/wday/cxs/conocophillips/External/jobs,found,44 postings
TJX,fortune500,workday,tjx,https://tjx.wd1.myworkdayjobs.com,tjx_External,workday-probe,https://tjx.wd1.myworkdayjobs.com/wday/cxs/tjx/tjx_External/jobs,found,"11038 postings; tenant guessed from employer name, company identity not verifiable via API"
AbbVie,fortune500,smartrecruiters,abbvie,,,slug-probe,https://api.smartrecruiters.com/v1/companies/abbvie/postings?limit=5,found,company 'AbbVie'; 1893 postings
Enterprise Products Partners,fortune500,none,,,,,,none,"careers page not reachable; slug probes tried: enterpriseproductspartners,enterprise-products-partners,enterprise,enterpriseproductspartnersinc,enterpriseproductspartnershq,enterpriseproductspartnerscareers"
Charter Communications,fortune500,none,,,,,,none,"careers page not reachable; slug probes tried: chartercommunications,charter-communications,charter,chartercommunicationsinc,chartercommunicationshq,chartercommunicationscareers"
Performance Food Group,fortune500,none,,,,,,none,"careers page: https://www.performancefood.com/careers; slug probes tried: performancefood,performance-food,performancefoodgroup,performance,performancefoodinc,performancefoodhq"
American Airlines Group,fortune500,other-ats,,,,careers-page-link,https://jobs.aa.com/?utm_source=careersite,not-crawlable,links to successfactors; careers page: https://jobs.aa.com/?utm_source=careersite
Capital One Financial,fortune500,none,,,,,,none,"careers page not reachable; slug probes tried: capitalonefinancial,capital-one-financial,capital,capitalonefinancialinc,capitalonefinancialhq,capitalonefinancialcareers"
Cisco Systems,fortune500,workday,cisco,https://cisco.wd5.myworkdayjobs.com,Cisco_Careers,workday-probe,https://cisco.wd5.myworkdayjobs.com/wday/cxs/cisco/Cisco_Careers/jobs,found,"1371 postings; tenant guessed from employer name, company identity not verifiable via API"
HP,fortune500,greenhouse,hp,,,slug-probe,https://boards-api.greenhouse.io/v1/boards/hp,found,board name 'HP'
Tyson Foods,fortune500,workday,tysonfoods,https://tysonfoods.wd5.myworkdayjobs.com,TSN,careers-page-link,https://tysonfoods.wd5.myworkdayjobs.com/wday/cxs/tysonfoods/TSN/jobs,found,680 postings
Intel,fortune500,workday,intel,https://intel.wd1.myworkdayjobs.com,External,workday-probe,https://intel.wd1.myworkdayjobs.com/wday/cxs/intel/External/jobs,found,"670 postings; tenant guessed from employer name, company identity not verifiable via API"
Oracle,fortune500,none,,,,,,none,"careers page: https://www.oracle.com/careers/; slug probes tried: oracle,oracleinc,oraclehq,oraclecareers"
Broadcom,fortune500,none,,,,,,none,"careers page: https://www.broadcom.com/company/careers; slug probes tried: broadcom,broadcominc,broadcomhq,broadcomcareers"
Deere,fortune500,other-ats,,,,careers-page-link,https://www.deere.com/en-us/our-company/careers,not-crawlable,links to eightfold; careers page: https://www.deere.com/en-us/our-company/careers
Nike,fortune500,workday,nike,https://nike.wd1.myworkdayjobs.com,nke,careers-page-link,https://nike.wd1.myworkdayjobs.com/wday/cxs/nike/nke/jobs,found,832 postings
Liberty Mutual Insurance Group,fortune500,none,,,,,,none,"careers page not reachable; slug probes tried: libertymutualinsurance,liberty-mutual-insurance,libertymutualinsurancegroup,liberty,libertymutualinsuranceinc,libertymutualinsurancehq"
Plains GP Holdings,fortune500,workday,plains,https://plains.wd1.myworkdayjobs.com,plains,workday-probe,https://plains.wd1.myworkdayjobs.com/wday/cxs/plains/plains/jobs,found,"56 postings; tenant guessed from employer name, company identity not verifiable via API"
United Services Automobile Assn.,fortune500,none,,,,,,none,"careers page not reachable; slug probes tried: unitedservicesautomobileassn,united-services-automobile-assn,united,unitedservicesautomobileassninc,unitedservicesautomobileassnhq,unitedservicesautomobileassncareers"
Bristol-Myers Squibb,fortune500,none,,,,,,none,"careers page not reachable; slug probes tried: bristolmyerssquibb,bristol-myers-squibb,bristol,bristolmyerssquibbinc,bristolmyerssquibbhq,bristolmyerssquibbcareers"
Ingram Micro Holding,fortune500,workday,ingrammicro,https://ingrammicro.wd5.myworkdayjobs.com,IngramMicro,careers-page-link,https://ingrammicro.wd5.myworkdayjobs.com/wday/cxs/ingrammicro/IngramMicro/jobs,found,515 postings
General Dynamics,fortune500,none,,,,,,none,"careers page: https://www.general-dynamics.com/careers; slug probes tried: generaldynamics,general-dynamics,general,generaldynamicsinc,generaldynamicshq,generaldynamicscareers"
Coca-Cola,fortune500,none,,,,,,none,"careers page: https://www.coca-cola.com/de/de; slug probes tried: cocacola,coca-cola,coca,cocacolainc,cocacolahq,cocacolacareers"
TIAA,fortune500,none,,,,,,none,"careers page not reachable; slug probes tried: tiaa,tiaainc,tiaahq,tiaacareers"
Travelers,fortune500,workday,travelers,https://travelers.wd5.myworkdayjobs.com,External,careers-page-link,https://travelers.wd5.myworkdayjobs.com/wday/cxs/travelers/External/jobs,found,389 postings
Eli Lilly,fortune500,none,,,,,,none,"careers page not reachable; slug probes tried: elililly,eli-lilly,elilillyinc,elilillyhq,elilillycareers"
Uber Technologies,fortune500,smartrecruiters,uber,,,slug-probe,https://api.smartrecruiters.com/v1/companies/uber/postings?limit=5,found,company 'Uber'; 1 postings
Massachusetts Mutual Life Insurance,fortune500,none,,,,,,none,"careers page not reachable; slug probes tried: massachusettsmutuallifeinsurance,massachusetts-mutual-life-insurance,massachusetts,massachusettsmutuallifeinsuranceinc,massachusettsmutuallifeinsurancehq,massachusettsmutuallifeinsurancecareers"
Dow,fortune500,none,,,,,,none,"careers page not reachable; slug probes tried: dow,dowinc,dowhq,dowcareers"
Thermo Fisher Scientific,fortune500,none,,,,,,none,"careers page not reachable; slug probes tried: thermofisherscientific,thermo-fisher-scientific,thermo,thermofisherscientificinc,thermofisherscientifichq,thermofisherscientificcareers"
U.S. Bancorp,fortune500,none,,,,,,none,"careers page not reachable; slug probes tried: usbancorp,u-s-bancorp,usbancorpinc,usbancorphq,usbancorpcareers"
World Kinect,fortune500,workday,wfscorp,https://wfscorp.wd5.myworkdayjobs.com,wfscareers,careers-page-link,https://wfscorp.wd5.myworkdayjobs.com/wday/cxs/wfscorp/wfscareers/jobs,found,37 postings
Abbott Laboratories,fortune500,workday,abbott,https://abbott.wd5.myworkdayjobs.com,abbottcareers,workday-probe,https://abbott.wd5.myworkdayjobs.com/wday/cxs/abbott/abbottcareers/jobs,found,"2000 postings; tenant guessed from employer name, company identity not verifiable via API"
Best Buy,fortune500,none,,,,,,none,"careers page: https://careers.bestbuy.com/bby; slug probes tried: bestbuy,best-buy,best,bestbuyinc,bestbuyhq,bestbuycareers"
Northwestern Mutual,fortune500,smartrecruiters,northwesternmutual,,,slug-probe,https://api.smartrecruiters.com/v1/companies/northwesternmutual/postings?limit=5,found,company 'Northwestern Mutual'; 69 postings; other-ats links: icims
Northrop Grumman,fortune500,other-ats,,,,careers-page-link,https://www.northropgrumman.com/careers,not-crawlable,links to eightfold; careers page: https://www.northropgrumman.com/careers
Molina Healthcare,fortune500,none,,,,,,none,"careers page: https://careers.molinahealthcare.com; slug probes tried: molinahealthcare,molina-healthcare,molina,molinahealthcareinc,molinahealthcarehq,molinahealthcarecareers"
Dollar General,fortune500,none,,,,,,none,"careers page: https://careers.dollargeneral.com; slug probes tried: dollargeneral,dollar-general,dollar,dollargeneralinc,dollargeneralhq,dollargeneralcareers"
Bank of New York (BNY),fortune500,none,,,,,,none,"careers page not reachable; slug probes tried: banknewyorkbny,bank-new-york-bny,bankofnewyorkbny,bank,banknewyorkbnyinc,banknewyorkbnyhq"
Warner Bros. Discovery,fortune500,workday,warnerbros,https://warnerbros.wd5.myworkdayjobs.com,global,careers-page-link,https://warnerbros.wd5.myworkdayjobs.com/wday/cxs/warnerbros/global/jobs,found,272 postings; other-ats links: phenom
CHS,fortune500,none,,,,,,none,"careers page not reachable; slug probes tried: chs,chsinc,chshq,chscareers"
Netflix,fortune500,other-ats,,,,careers-page-link,https://www.netflix.com/NotFound?prev=https%3A%2F%2Fwww.netflix.com%2Fcareers,not-crawlable,links to eightfold; careers page: https://www.netflix.com/NotFound?prev=https%3A%2F%2Fwww.netflix.com%2Fcareers
Qualcomm,fortune500,workday,qualcomm,https://qualcomm.wd12.myworkdayjobs.com,External,workday-probe,https://qualcomm.wd12.myworkdayjobs.com/wday/cxs/qualcomm/External/jobs,found,"0 postings; tenant guessed from employer name, company identity not verifiable via API"
GE Aerospace,fortune500,workday,geaerospace,https://geaerospace.wd5.myworkdayjobs.com,GE_ExternalSite,careers-page-link,https://geaerospace.wd5.myworkdayjobs.com/wday/cxs/geaerospace/GE_ExternalSite/jobs,found,567 postings; other-ats links: phenom
Honeywell Technologies,fortune500,other-ats,,,,careers-page-link,https://www.honeywell.com/us/en/careers,not-crawlable,links to phenom; careers page: https://www.honeywell.com/us/en/careers
Salesforce,fortune500,workday,salesforce,https://salesforce.wd12.myworkdayjobs.com,External_Career_Site,workday-probe,https://salesforce.wd12.myworkdayjobs.com/wday/cxs/salesforce/External_Career_Site/jobs,found,"1535 postings; tenant guessed from employer name, company identity not verifiable via API"
Philip Morris International,fortune500,none,,,,,,none,"careers page: https://www.pmi.com/; slug probes tried: philipmorrisinternational,philip-morris-international,philip,philipmorrisinternationalinc,philipmorrisinternationalhq,philipmorrisinternationalcareers"
US Foods Holding,fortune500,other-ats,,,,careers-page-link,https://careers.usfoods.com/us/en,not-crawlable,links to phenom; careers page: https://careers.usfoods.com/us/en
D.R. Horton,fortune500,other-ats,,,,careers-page-link,https://www.drhorton.com/careers,not-crawlable,links to taleo; careers page: https://www.drhorton.com/careers
Lithia Motors,fortune500,none,,,,,,none,"careers page: https://www.lithiadriveway.com/; slug probes tried: lithiamotors,lithia-motors,lithia,lithiamotorsinc,lithiamotorshq,lithiamotorscareers"
Mondelēz International,fortune500,none,,,,,,none,"careers page not reachable; slug probes tried: mondelzinternational,mondel-z-international,mondel,mondelzinternationalinc,mondelzinternationalhq,mondelzinternationalcareers"
Starbucks,fortune500,other-ats,,,,careers-page-link,https://careers.starbucks.com/,not-crawlable,links to eightfold; careers page: https://careers.starbucks.com/
Visa,fortune500,workday,visa,https://visa.wd5.myworkdayjobs.com,visa,workday-probe,https://visa.wd5.myworkdayjobs.com/wday/cxs/visa/visa/jobs,found,"816 postings; tenant guessed from employer name, company identity not verifiable via API"
CBRE Group,fortune500,none,,,,,,none,"careers page: https://www.cbre.com/careers; slug probes tried: cbre,cbregroup,cbreinc,cbrehq,cbrecareers"
Lennar Corporation,fortune500,none,,,,,,none,"careers page: https://careers.lennar.com; slug probes tried: lennar,lennarcorporation,lennarinc,lennarhq,lennarcareers"
GE Vernova,fortune500,workday,gevernova,https://gevernova.wd5.myworkdayjobs.com,Vernova_ExternalSite,careers-page-link,https://gevernova.wd5.myworkdayjobs.com/wday/cxs/gevernova/Vernova_ExternalSite/jobs,found,2143 postings
PNC Financial Services Group,fortune500,none,,,,,,none,"careers page not reachable; slug probes tried: pncfinancialservices,pnc-financial-services,pncfinancialservicesgroup,pncfinancialservicesinc,pncfinancialserviceshq,pncfinancialservicescareers"
Cummins,fortune500,none,,,,,,none,"careers page: https://www.cummins.com/de-eu/careers; slug probes tried: cummins,cumminsinc,cumminshq,cumminscareers"
Paccar,fortune500,none,,,,,,none,"careers page not reachable; slug probes tried: paccar,paccarinc,paccarhq,paccarcareers"
Amgen,fortune500,workday,amgen,https://amgen.wd1.myworkdayjobs.com,Careers,careers-page-link,https://amgen.wd1.myworkdayjobs.com/wday/cxs/amgen/Careers/jobs,found,1695 postings; other-ats links: eightfold
PBF Energy,fortune500,workday,pbfenergy,https://pbfenergy.wd1.myworkdayjobs.com,PBF,careers-page-link,https://pbfenergy.wd1.myworkdayjobs.com/wday/cxs/pbfenergy/PBF/jobs,found,37 postings
GuideWell Mutual Holding,fortune500,none,,,,,,none,"careers page not reachable; slug probes tried: guidewellmutual,guidewell-mutual,guidewellmutualholding,guidewell,guidewellmutualinc,guidewellmutualhq"
PayPal Holdings,fortune500,workday,paypal,https://paypal.wd1.myworkdayjobs.com,jobs,careers-page-link,https://paypal.wd1.myworkdayjobs.com/wday/cxs/paypal/jobs/jobs,found,308 postings; other-ats links: eightfold
United Natural Foods,fortune500,none,,,,,,none,"careers page: https://www.unitednaturalfoods.com/careers; slug probes tried: unitednaturalfoods,united-natural-foods,united,unitednaturalfoodsinc,unitednaturalfoodshq,unitednaturalfoodscareers"
Dollar Tree,fortune500,other-ats,,,,careers-page-link,https://careers.dollartree.com/us/en,not-crawlable,links to phenom; careers page: https://careers.dollartree.com/us/en
Nucor,fortune500,other-ats,,,,careers-page-link,https://nucor.com/careers/,not-crawlable,links to successfactors; careers page: https://nucor.com/careers/
Penske Automotive Group,fortune500,none,,,,,,none,"careers page not reachable; slug probes tried: penskeautomotive,penske-automotive,penskeautomotivegroup,penske,penskeautomotiveinc,penskeautomotivehq"
Coupang,fortune500,greenhouse,coupang,,,slug-probe,https://boards-api.greenhouse.io/v1/boards/coupang,found,board name 'Coupang'
Hewlett Packard Enterprise,fortune500,none,,,,,,none,"careers page not reachable; slug probes tried: hewlettpackardenterprise,hewlett-packard-enterprise,hewlett,hewlettpackardenterpriseinc,hewlettpackardenterprisehq,hewlettpackardenterprisecareers"
Duke Energy,fortune500,none,,,,,,none,"careers page not reachable; slug probes tried: dukeenergy,duke-energy,duke,dukeenergyinc,dukeenergyhq,dukeenergycareers"
KKR,fortune500,greenhouse,stage,,,careers-page-link,https://boards-api.greenhouse.io/v1/boards/stage,found,board name 'Careers at KKR'
Ferguson Enterprises,fortune500,workday,ferguson,https://ferguson.wd1.myworkdayjobs.com,Ferguson_Experienced,careers-page-link,https://ferguson.wd1.myworkdayjobs.com/wday/cxs/ferguson/Ferguson_Experienced/jobs,found,429 postings
Paramount Skydance,fortune500,none,,,,,,none,"careers page not reachable; slug probes tried: paramountskydance,paramount-skydance,paramount,paramountskydanceinc,paramountskydancehq,paramountskydancecareers"
Jabil,fortune500,workday,jabil,https://jabil.wd5.myworkdayjobs.com,Jabil_Careers,careers-page-link,https://jabil.wd5.myworkdayjobs.com/wday/cxs/jabil/Jabil_Careers/jobs,found,2000 postings
Gilead Sciences,fortune500,workday,gilead,https://gilead.wd1.myworkdayjobs.com,gileadcareers,workday-probe,https://gilead.wd1.myworkdayjobs.com/wday/cxs/gilead/gileadcareers/jobs,found,"523 postings; tenant guessed from employer name, company identity not verifiable via API"
HF Sinclair,fortune500,other-ats,,,,careers-page-link,https://careers.hfsinclair.com/,not-crawlable,links to successfactors; careers page: https://careers.hfsinclair.com/
CarMax,fortune500,workday,carmax,https://carmax.wd1.myworkdayjobs.com,External,careers-page-link,https://carmax.wd1.myworkdayjobs.com/wday/cxs/carmax/External/jobs,found,1166 postings
Mastercard,fortune500,workday,mastercard,https://mastercard.wd1.myworkdayjobs.com,CorporateCareers,careers-page-link,https://mastercard.wd1.myworkdayjobs.com/wday/cxs/mastercard/CorporateCareers/jobs,found,1111 postings; other-ats links: phenom
NRG Energy,fortune500,other-ats,,,,careers-page-link,https://www.nrg.com/en/about/careers,not-crawlable,links to successfactors; careers page: https://www.nrg.com/en/about/careers
Arrow Electronics,fortune500,none,,,,,,none,"careers page not reachable; slug probes tried: arrowelectronics,arrow-electronics,arrow,arrowelectronicsinc,arrowelectronicshq,arrowelectronicscareers"
Baker Hughes,fortune500,workday,bakerhughes,https://bakerhughes.wd5.myworkdayjobs.com,bakerhughes,workday-probe,https://bakerhughes.wd5.myworkdayjobs.com/wday/cxs/bakerhughes/bakerhughes/jobs,found,"695 postings; tenant guessed from employer name, company identity not verifiable via API"
Southwest Airlines,fortune500,none,,,,,,none,"careers page not reachable; slug probes tried: southwestairlines,southwest-airlines,southwest,southwestairlinesinc,southwestairlineshq,southwestairlinescareers"
AIG,fortune500,workday,aig,https://aig.wd1.myworkdayjobs.com,aig,careers-page-link,https://aig.wd1.myworkdayjobs.com/wday/cxs/aig/aig/jobs,found,466 postings
Applied Materials,fortune500,workday,applied,https://applied.wd501.myworkdayjobs.com,applied,workday-probe,https://applied.wd501.myworkdayjobs.com/wday/cxs/applied/applied/jobs,found,"396 postings; tenant guessed from employer name, company identity not verifiable via API"
Occidental Petroleum,fortune500,none,,,,,,none,"careers page: https://www.startupdomains.com/; slug probes tried: occidentalpetroleum,occidental-petroleum,occidental,occidentalpetroleuminc,occidentalpetroleumhq,occidentalpetroleumcareers"
AutoNation,fortune500,workday,autonation,https://autonation.wd5.myworkdayjobs.com,Careers,workday-probe,https://autonation.wd5.myworkdayjobs.com/wday/cxs/autonation/Careers/jobs,found,"793 postings; tenant guessed from employer name, company identity not verifiable via API"
Southern,fortune500,none,,,,,,none,"careers page not reachable; slug probes tried: southern,southerninc,southernhq,southerncareers"
Hartford Insurance Group,fortune500,none,,,,,,none,"careers page: https://www.hartfordinsurance.com/careers; slug probes tried: hartfordinsurance,hartford-insurance,hartfordinsurancegroup,hartford,hartfordinsuranceinc,hartfordinsurancehq"
Apollo Global Management,fortune500,none,,,,,,none,"careers page not reachable; slug probes tried: apolloglobalmanagement,apollo-global-management,apollo,apolloglobalmanagementinc,apolloglobalmanagementhq,apolloglobalmanagementcareers"
Charles Schwab,fortune500,none,,,,,,none,"careers page not reachable; slug probes tried: charlesschwab,charles-schwab,charles,charlesschwabinc,charlesschwabhq,charlesschwabcareers"
McDonald's,fortune500,none,,,,,,none,"careers page not reachable; slug probes tried: mcdonalds,mcdonaldsinc,mcdonaldshq,mcdonaldscareers"
Kraft Heinz,fortune500,none,,,,,,none,"careers page: https://careers.kraftheinzcompany.com/; slug probes tried: kraftheinz,kraft-heinz,kraft,kraftheinzinc,kraftheinzhq,kraftheinzcareers"
Advanced Micro Devices,fortune500,other-ats,,,,careers-page-link,https://www.amd.com/de.html?utm_campaign=domain&utm_medium=redirect&utm_source=301&utm_term=advancedmicrodevices.com,not-crawlable,links to icims; careers page: https://www.amd.com/de.html?utm_campaign=domain&utm_medium=redirect&utm_source=301&utm_term=advancedmicrodevices.com
Truist Financial,fortune500,workday,truist,https://truist.wd1.myworkdayjobs.com,Careers,workday-probe,https://truist.wd1.myworkdayjobs.com/wday/cxs/truist/Careers/jobs,found,"1527 postings; tenant guessed from employer name, company identity not verifiable via API"
Freeport-McMoRan,fortune500,smartrecruiters,freeport-mcmoran,,,slug-probe,https://api.smartrecruiters.com/v1/companies/freeport-mcmoran/postings?limit=5,found,company 'Freeport-McMoRan'; 10 postings
Micron Technology,fortune500,workday,micron,https://micron.wd1.myworkdayjobs.com,External,careers-page-link,https://micron.wd1.myworkdayjobs.com/wday/cxs/micron/External/jobs,found,3106 postings; other-ats links: eightfold
Marriott International,fortune500,none,,,,,,none,"careers page: https://www.marriott.com/marriott/aboutmarriott.mi; slug probes tried: marriottinternational,marriott-international,marriott,marriottinternationalinc,marriottinternationalhq,marriottinternationalcareers"
Carrier Global,fortune500,workday,carrier,https://carrier.wd5.myworkdayjobs.com,jobs,workday-probe,https://carrier.wd5.myworkdayjobs.com/wday/cxs/carrier/jobs/jobs,found,"1084 postings; tenant guessed from employer name, company identity not verifiable via API"
NextEra Energy,fortune500,other-ats,,,,careers-page-link,https://www.nexteraenergy.com/careers.html,not-crawlable,links to successfactors; careers page: https://www.nexteraenergy.com/careers.html
3M,fortune500,none,,,,,,none,"careers page: https://careers.3m.com; slug probes tried: 3m,3minc,3mhq,3mcareers"
Marsh & McLennan,fortune500,other-ats,,,,careers-page-link,https://careers.marsh.com/global/en,not-crawlable,links to phenom; careers page: https://careers.marsh.com/global/en
PG&E,fortune500,other-ats,,,,careers-page-link,https://jobs.pge.com/,not-crawlable,links to successfactors; careers page: https://jobs.pge.com/
Union Pacific,fortune500,none,,,,,,none,"careers page not reachable; slug probes tried: unionpacific,union-pacific,union,unionpacificinc,unionpacifichq,unionpacificcareers"
Synchrony,fortune500,none,,,,,,none,"careers page not reachable; slug probes tried: synchrony,synchronyinc,synchronyhq,synchronycareers"
Block,fortune500,greenhouse,block,,,slug-probe,https://boards-api.greenhouse.io/v1/boards/block,found,board name 'Block'
Danaher,fortune500,workday,danaher,https://danaher.wd1.myworkdayjobs.com,DanaherJobs,workday-probe,https://danaher.wd1.myworkdayjobs.com/wday/cxs/danaher/DanaherJobs/jobs,found,"1445 postings; tenant guessed from employer name, company identity not verifiable via API"
Avnet,fortune500,workday,avnet,https://avnet.wd1.myworkdayjobs.com,External,workday-probe,https://avnet.wd1.myworkdayjobs.com/wday/cxs/avnet/External/jobs,found,"331 postings; tenant guessed from employer name, company identity not verifiable via API"
Booking Holdings,fortune500,other-ats,,,,careers-page-link,https://careers.booking.com/,not-crawlable,links to icims; careers page: https://careers.booking.com/
EOG Resources,fortune500,none,,,,,,none,"careers page not reachable; slug probes tried: eogresources,eog-resources,eogresourcesinc,eogresourceshq,eogresourcescareers"
Quanta Services,fortune500,other-ats,,,,careers-page-link,https://www.quantaservices.com/careers,not-crawlable,links to icims; careers page: https://www.quantaservices.com/careers
Discover,fortune500,none,,,,,,none,"careers page not reachable; slug probes tried: discover,discoverinc,discoverhq,discovercareers"
Constellation Energy,fortune500,other-ats,,,,careers-page-link,https://jobs.constellationenergy.com/careers-home,not-crawlable,links to icims; careers page: https://jobs.constellationenergy.com/careers-home
Genuine Parts,fortune500,none,,,,,,none,"careers page not reachable; slug probes tried: genuineparts,genuine-parts,genuine,genuinepartsinc,genuinepartshq,genuinepartscareers"
Jones Lang LaSalle,fortune500,workday,jll,https://jll.wd1.myworkdayjobs.com,jllcareers,careers-page-link,https://jll.wd1.myworkdayjobs.com/wday/cxs/jll/jllcareers/jobs,found,2000 postings
Lear,fortune500,other-ats,,,,careers-page-link,https://www.lear.com/careers,not-crawlable,links to successfactors; careers page: https://www.lear.com/careers
Live Nation Entertainment,fortune500,workday,livenation,https://livenation.wd503.myworkdayjobs.com,LNExternalSite,careers-page-link,https://livenation.wd503.myworkdayjobs.com/wday/cxs/livenation/LNExternalSite/jobs,found,1366 postings
Sherwin-Williams,fortune500,none,,,,,,none,"careers page: https://careers.sherwin-williams.com/us/en/home.html; slug probes tried: sherwinwilliams,sherwin-williams,sherwin,sherwinwilliamsinc,sherwinwilliamshq,sherwinwilliamscareers"
Exelon,fortune500,none,,,,,,none,"careers page not reachable; slug probes tried: exelon,exeloninc,exelonhq,exeloncareers"
Macy's,fortune500,none,,,,,,none,"careers page not reachable; slug probes tried: macys,macysinc,macyshq,macyscareers"
Halliburton,fortune500,other-ats,,,,careers-page-link,https://careers.halliburton.com/,not-crawlable,links to successfactors; careers page: https://careers.halliburton.com/
Stryker,fortune500,workday,stryker,https://stryker.wd1.myworkdayjobs.com,StrykerCareers,careers-page-link,https://stryker.wd1.myworkdayjobs.com/wday/cxs/stryker/StrykerCareers/jobs,found,1484 postings
Reinsurance Group of America,fortune500,none,,,,,,none,"careers page: https://reinsurancegroupofamerica.com/; slug probes tried: reinsuranceamerica,reinsurance-america,reinsurancegroupofamerica,reinsurance,reinsuranceamericainc,reinsuranceamericahq"
Waste Management,fortune500,none,,,,,,none,"careers page: https://www.waste-management.com/careers; slug probes tried: wastemanagement,waste-management,waste,wastemanagementinc,wastemanagementhq,wastemanagementcareers"
State Street,fortune500,workday,statestreet,https://statestreet.wd1.myworkdayjobs.com,Global,careers-page-link,https://statestreet.wd1.myworkdayjobs.com/wday/cxs/statestreet/Global/jobs,found,1114 postings; other-ats links: phenom
WESCO International,fortune500,none,,,,,,none,"careers page not reachable; slug probes tried: wescointernational,wesco-international,wesco,wescointernationalinc,wescointernationalhq,wescointernationalcareers"
Oneok,fortune500,workday,oneok,https://oneok.wd1.myworkdayjobs.com,ONEOK,careers-page-link,https://oneok.wd1.myworkdayjobs.com/wday/cxs/oneok/ONEOK/jobs,found,86 postings
Adobe,fortune500,workday,adobe,https://adobe.wd5.myworkdayjobs.com,external_experienced,careers-page-link,https://adobe.wd5.myworkdayjobs.com/wday/cxs/adobe/external_experienced/jobs,found,351 postings; other-ats links: phenom
American Family Insurance Group,fortune500,none,,,,,,none,"careers page not reachable; slug probes tried: americanfamilyinsurance,american-family-insurance,americanfamilyinsurancegroup,american,americanfamilyinsuranceinc,americanfamilyinsurancehq"
L3Harris Technologies,fortune500,none,,,,,,none,"careers page: https://careers.l3harris.com/en?rid=5411; slug probes tried: l3harris,l3harristechnologies,l3harrisinc,l3harrishq,l3harriscareers"
Ross Stores,fortune500,,,https://abbott.wd5.myworkdayjobs.com,abbottcareers,careers-page-link,https://abbott.wd5.myworkdayjobs.com/wday/cxs/abbott/abbottcareers/jobs,none,2000 postings; removed duplicate of Abbott board (I1 review)
CDW,fortune500,workday,cdw,https://cdw.wd5.myworkdayjobs.com,Careers,workday-probe,https://cdw.wd5.myworkdayjobs.com/wday/cxs/cdw/Careers/jobs,found,"142 postings; tenant guessed from employer name, company identity not verifiable via API"
Tenet Healthcare,fortune500,none,,,,,,none,"careers page not reachable; slug probes tried: tenethealthcare,tenet-healthcare,tenet,tenethealthcareinc,tenethealthcarehq,tenethealthcarecareers"
BJ's Wholesale Club,fortune500,none,,,,,,none,"careers page not reachable; slug probes tried: bjswholesaleclub,bjs-wholesale-club,bjswholesaleclubinc,bjswholesaleclubhq,bjswholesaleclubcareers"
Fiserv,fortune500,workday,fiserv,https://fiserv.wd5.myworkdayjobs.com,EXT,careers-page-link,https://fiserv.wd5.myworkdayjobs.com/wday/cxs/fiserv/EXT/jobs,found,322 postings; other-ats links: phenom
Altria Group,fortune500,other-ats,,,,careers-page-link,https://careers.altria.com,not-crawlable,links to successfactors; careers page: https://careers.altria.com
BlackRock,fortune500,none,,,,,,none,"careers page: https://careers.blackrock.com/; slug probes tried: blackrock,blackrockinc,blackrockhq,blackrockcareers"
Becton Dickinson,fortune500,none,,,,,,none,"careers page not reachable; slug probes tried: bectondickinson,becton-dickinson,becton,bectondickinsoninc,bectondickinsonhq,bectondickinsoncareers"
Colgate-Palmolive,fortune500,none,,,,,,none,"careers page not reachable; slug probes tried: colgatepalmolive,colgate-palmolive,colgate,colgatepalmoliveinc,colgatepalmolivehq,colgatepalmolivecareers"
Kimberly-Clark,fortune500,smartrecruiters,kimberlyclark,,,slug-probe,https://api.smartrecruiters.com/v1/companies/kimberlyclark/postings?limit=5,found,company 'Kimberly Clark'; 1 postings
Group 1 Automotive,fortune500,none,,,,,,none,"careers page: https://www.1automotive.com/careers; slug probes tried: 1automotive,1-automotive,group1automotive,1automotiveinc,1automotivehq,1automotivecareers"
Parker-Hannifin,fortune500,none,,,,,,none,"careers page not reachable; slug probes tried: parkerhannifin,parker-hannifin,parker,parkerhannifininc,parkerhannifinhq,parkerhannifincareers"
General Mills,fortune500,workday,genmills,https://genmills.wd1.myworkdayjobs.com,GMI_External_Careers,careers-page-link,https://genmills.wd1.myworkdayjobs.com/wday/cxs/genmills/GMI_External_Careers/jobs,found,369 postings
Cognizant Technology Solutions,fortune500,none,,,,,,none,"careers page: https://www.cognizantsolutions.com/careers; slug probes tried: cognizantsolutions,cognizant-solutions,cognizanttechnologysolutions,cognizant,cognizantsolutionsinc,cognizantsolutionshq"
American Electric Power,fortune500,none,,,,,,none,"careers page not reachable; slug probes tried: americanelectricpower,american-electric-power,american,americanelectricpowerinc,americanelectricpowerhq,americanelectricpowercareers"
GE HealthCare,fortune500,other-ats,,,,careers-page-link,https://careers.gehealthcare.com/global/en,not-crawlable,links to phenom; careers page: https://careers.gehealthcare.com/global/en
Automatic Data Processing,fortune500,none,,,,,,none,"careers page: https://www.automaticdataprocessing.com/careers; slug probes tried: automaticdataprocessing,automatic-data-processing,automatic,automaticdataprocessinginc,automaticdataprocessinghq,automaticdataprocessingcareers"
Cleveland-Cliffs,fortune500,workday,aksteel,https://aksteel.wd1.myworkdayjobs.com,careers,careers-page-link,https://aksteel.wd1.myworkdayjobs.com/wday/cxs/aksteel/careers/jobs,found,281 postings
Aflac,fortune500,other-ats,,,,careers-page-link,https://careers.aflac.com,not-crawlable,links to successfactors; careers page: https://careers.aflac.com
Goodyear Tire & Rubber,fortune500,workday,goodyear,https://goodyear.wd1.myworkdayjobs.com,goodyearcareers,workday-probe,https://goodyear.wd1.myworkdayjobs.com/wday/cxs/goodyear/goodyearcareers/jobs,found,"31 postings; tenant guessed from employer name, company identity not verifiable via API"
Corebridge Financial,fortune500,workday,corebridgefinancial,https://corebridgefinancial.wd1.myworkdayjobs.com,CorebridgeFinancial,careers-page-link,https://corebridgefinancial.wd1.myworkdayjobs.com/wday/cxs/corebridgefinancial/CorebridgeFinancial/jobs,found,164 postings
Newmont,fortune500,other-ats,,,,careers-page-link,https://jobs.newmont.com/us/en,not-crawlable,links to phenom; careers page: https://jobs.newmont.com/us/en
International Paper,fortune500,none,,,,,,none,"careers page: https://iazbqy.fa.ocs.oraclecloud.com/hcmUI/CandidateExperience/en/sites/CX_1; slug probes tried: internationalpaper,international-paper,international,internationalpaperinc,internationalpaperhq,internationalpapercareers"
AutoZone,fortune500,none,,,,,,none,"careers page: https://careers.autozone.com/hcmUI/CandidateExperience/en/sites/CX_1; slug probes tried: autozone,autozoneinc,autozonehq,autozonecareers"
Lincoln National,fortune500,none,,,,,,none,"careers page not reachable; slug probes tried: lincolnnational,lincoln-national,lincoln,lincolnnationalinc,lincolnnationalhq,lincolnnationalcareers"
PulteGroup,fortune500,workday,pultegroup,https://pultegroup.wd1.myworkdayjobs.com,PGI,careers-page-link,https://pultegroup.wd1.myworkdayjobs.com/wday/cxs/pultegroup/PGI/jobs,found,137 postings
Ameriprise Financial,fortune500,workday,ameriprise,https://ameriprise.wd5.myworkdayjobs.com,ameriprise,workday-probe,https://ameriprise.wd5.myworkdayjobs.com/wday/cxs/ameriprise/ameriprise/jobs,found,"233 postings; tenant guessed from employer name, company identity not verifiable via API"
Murphy USA,fortune500,none,,,,,,none,"careers page: https://www.murphy-usa.com/careers; slug probes tried: murphyusa,murphy-usa,murphy,murphyusainc,murphyusahq,murphyusacareers"
ManpowerGroup,fortune500,none,,,,,,none,"careers page: https://www.manpowergroup.com/careers; slug probes tried: manpowergroup,manpowergroupinc,manpowergrouphq,manpowergroupcareers"
C.H. Robinson Worldwide,fortune500,none,,,,,,none,"careers page not reachable; slug probes tried: chrobinsonworldwide,c-h-robinson-worldwide,chrobinsonworldwideinc,chrobinsonworldwidehq,chrobinsonworldwidecareers"
PPG Industries,fortune500,smartrecruiters,ppgindustriesinc,,,slug-probe,https://api.smartrecruiters.com/v1/companies/ppgindustriesinc/postings?limit=5,found,"company 'PPG Industries, Inc.'; 10 postings"
Edison International,fortune500,none,,,,,,none,"careers page not reachable; slug probes tried: edisoninternational,edison-international,edison,edisoninternationalinc,edisoninternationalhq,edisoninternationalcareers"
Steel Dynamics,fortune500,other-ats,,,,careers-page-link,https://www.steeldynamics.com/careersnew/,not-crawlable,links to icims; careers page: https://www.steeldynamics.com/careersnew/
Loews,fortune500,workday,loewscorp,https://loewscorp.wd1.myworkdayjobs.com,loewscorp,careers-page-link,https://loewscorp.wd1.myworkdayjobs.com/wday/cxs/loewscorp/loewscorp/jobs,found,2 postings
Emerson Electric,fortune500,none,,,,,,none,"careers page: https://www.emerson-electric.com/careers; slug probes tried: emersonelectric,emerson-electric,emerson,emersonelectricinc,emersonelectrichq,emersonelectriccareers"
Aramark,fortune500,smartrecruiters,aramark,,,slug-probe,https://api.smartrecruiters.com/v1/companies/aramark/postings?limit=5,found,company 'Aramark'; 288 postings; other-ats links: successfactors
MGM Resorts International,fortune500,smartrecruiters,mgmresortsinternational,,,slug-probe,https://api.smartrecruiters.com/v1/companies/mgmresortsinternational/postings?limit=5,found,company 'MGM Resorts International'; 5 postings
Vistra,fortune500,other-ats,,,,careers-page-link,https://careers.vistra.com/,not-crawlable,"links to phenom,successfactors; careers page: https://careers.vistra.com/"
Asbury Automotive Group,fortune500,smartrecruiters,asburyautomotivegroup,,,slug-probe,https://api.smartrecruiters.com/v1/companies/asburyautomotivegroup/postings?limit=5,found,company 'Asbury Automotive Group'; 177 postings
W.W. Grainger,fortune500,none,,,,,,none,"careers page not reachable; slug probes tried: wwgrainger,w-w-grainger,wwgraingerinc,wwgraingerhq,wwgraingercareers"
Global Partners,fortune500,none,,,,,,none,"careers page: https://www.globalpartners.com/careers; slug probes tried: globalpartners,global-partners,global,globalpartnersinc,globalpartnershq,globalpartnerscareers"
Jacobs Solutions,fortune500,none,,,,,,none,"careers page: https://www.jacobssolutions.com/careers; slug probes tried: jacobssolutions,jacobs-solutions,jacobs,jacobssolutionsinc,jacobssolutionshq,jacobssolutionscareers"
Corteva,fortune500,workday,corteva,https://corteva.wd5.myworkdayjobs.com,corteva,workday-probe,https://corteva.wd5.myworkdayjobs.com/wday/cxs/corteva/corteva/jobs,found,"77 postings; tenant guessed from employer name, company identity not verifiable via API"
Peter Kiewit Sons',fortune500,none,,,,,,none,"careers page not reachable; slug probes tried: peterkiewitsons,peter-kiewit-sons,peter,peterkiewitsonsinc,peterkiewitsonshq,peterkiewitsonscareers"
Boston Scientific,fortune500,other-ats,,,,careers-page-link,https://www.bostonscientific.com/en-US/careers.html,not-crawlable,"links to eightfold,successfactors; careers page: https://www.bostonscientific.com/en-US/careers.html"
O'Reilly Automotive,fortune500,none,,,,,,none,"careers page not reachable; slug probes tried: oreillyautomotive,oreilly-automotive,oreilly,oreillyautomotiveinc,oreillyautomotivehq,oreillyautomotivecareers"
Leidos Holdings,fortune500,workday,leidos,https://leidos.wd5.myworkdayjobs.com,External,careers-page-link,https://leidos.wd5.myworkdayjobs.com/wday/cxs/leidos/External/jobs,found,2000 postings
Markel Group,fortune500,workday,markelcorp,https://markelcorp.wd5.myworkdayjobs.com,GlobalCareers,careers-page-link,https://markelcorp.wd5.myworkdayjobs.com/wday/cxs/markelcorp/GlobalCareers/jobs,found,145 postings
Whirlpool,fortune500,none,,,,,,none,"careers page not reachable; slug probes tried: whirlpool,whirlpoolinc,whirlpoolhq,whirlpoolcareers"
Guardian Life Ins. Co. of America,fortune500,none,,,,,,none,"careers page not reachable; slug probes tried: guardianlifeinsamerica,guardian-life-ins-america,guardianlifeinscoofamerica,guardian,guardianlifeinsamericainc,guardianlifeinsamericahq"
Builders FirstSource,fortune500,smartrecruiters,buildersfirstsource,,,slug-probe,https://api.smartrecruiters.com/v1/companies/buildersfirstsource/postings?limit=5,found,company 'Builders FirstSource'; 4 postings; other-ats links: icims
Ally Financial,fortune500,workday,ally,https://ally.wd1.myworkdayjobs.com,Ally,careers-page-link,https://ally.wd1.myworkdayjobs.com/wday/cxs/ally/Ally/jobs,found,94 postings
Targa Resources,fortune500,none,,,,,,none,"careers page not reachable; slug probes tried: targaresources,targa-resources,targa,targaresourcesinc,targaresourceshq,targaresourcescareers"
Fluor,fortune500,other-ats,,,,careers-page-link,https://www.fluor.com/careers,not-crawlable,"links to eightfold,successfactors; careers page: https://www.fluor.com/careers"
Intuit,fortune500,none,,,,,,none,"careers page: https://www.intuit.com/careers/; slug probes tried: intuit,intuitinc,intuithq,intuitcareers"
AECOM,fortune500,none,,,,,,none,"careers page: https://aecom.com/careers/; slug probes tried: aecom,aecominc,aecomhq,aecomcareers"
Jones Financial (Edward Jones),fortune500,none,,,,,,none,"careers page not reachable; slug probes tried: jonesfinancialedwardjones,jones-financial-edward-jones,jones,jonesfinancialedwardjonesinc,jonesfinancialedwardjoneshq,jonesfinancialedwardjonescareers"
Kohl's,fortune500,workday,kohls,https://kohls.wd504.myworkdayjobs.com,kohlscareers,careers-page-link,https://kohls.wd504.myworkdayjobs.com/wday/cxs/kohls/kohlscareers/jobs,found,2000 postings; other-ats links: phenom
Land O'Lakes,fortune500,workday,landolakes,https://landolakes.wd1.myworkdayjobs.com,LandOLakes,careers-page-link,https://landolakes.wd1.myworkdayjobs.com/wday/cxs/landolakes/LandOLakes/jobs,found,191 postings; other-ats links: phenom
Principal Financial,fortune500,none,,,,,,none,"careers page not reachable; slug probes tried: principalfinancial,principal-financial,principal,principalfinancialinc,principalfinancialhq,principalfinancialcareers"
Dominion Energy,fortune500,other-ats,,,,careers-page-link,https://careers.dominionenergy.com,not-crawlable,links to successfactors; careers page: https://careers.dominionenergy.com
Kyndryl Holdings,fortune500,workday,kyndryl,https://kyndryl.wd5.myworkdayjobs.com,KyndrylEarlyCareers,careers-page-link,https://kyndryl.wd5.myworkdayjobs.com/wday/cxs/kyndryl/KyndrylEarlyCareers/jobs,found,47 postings
Republic Services,fortune500,workday,republic,https://republic.wd5.myworkdayjobs.com,republic,workday-probe,https://republic.wd5.myworkdayjobs.com/wday/cxs/republic/republic/jobs,found,"1696 postings; tenant guessed from employer name, company identity not verifiable via API"
Devon Energy,fortune500,workday,devonenergy,https://devonenergy.wd5.myworkdayjobs.com,Careers,workday-probe,https://devonenergy.wd5.myworkdayjobs.com/wday/cxs/devonenergy/Careers/jobs,found,"46 postings; tenant guessed from employer name, company identity not verifiable via API"
Illinois Tool Works,fortune500,none,,,,,,none,"careers page not reachable; slug probes tried: illinoistoolworks,illinois-tool-works,illinois,illinoistoolworksinc,illinoistoolworkshq,illinoistoolworkscareers"
Northern Trust,fortune500,workday,ntrs,https://ntrs.wd1.myworkdayjobs.com,northerntrust,careers-page-link,https://ntrs.wd1.myworkdayjobs.com/wday/cxs/ntrs/northerntrust/jobs,found,585 postings
Auto-Owners Insurance,fortune500,none,,,,,,none,"careers page not reachable; slug probes tried: autoownersinsurance,auto-owners-insurance,auto,autoownersinsuranceinc,autoownersinsurancehq,autoownersinsurancecareers"
Universal Health Services,fortune500,smartrecruiters,universalhealthservicesinc,,,slug-probe,https://api.smartrecruiters.com/v1/companies/universalhealthservicesinc/postings?limit=5,found,"company 'Universal Health Services, Inc.'; 1 postings"
Pacific Life,fortune500,workday,pacificlife,https://pacificlife.wd1.myworkdayjobs.com,PacificLifeCareers,careers-page-link,https://pacificlife.wd1.myworkdayjobs.com/wday/cxs/pacificlife/PacificLifeCareers/jobs,found,120 postings
EchoStar,fortune500,workday,echostar,https://echostar.wd501.myworkdayjobs.com,echostar,workday-probe,https://echostar.wd501.myworkdayjobs.com/wday/cxs/echostar/echostar/jobs,found,"0 postings; tenant guessed from employer name, company identity not verifiable via API"
Ecolab,fortune500,workday,ecolab,https://ecolab.wd1.myworkdayjobs.com,ecolab_External,workday-probe,https://ecolab.wd1.myworkdayjobs.com/wday/cxs/ecolab/ecolab_External/jobs,found,"1058 postings; tenant guessed from employer name, company identity not verifiable via API"
Cheniere Energy,fortune500,none,,,,,,none,"careers page not reachable; slug probes tried: cheniereenergy,cheniere-energy,cheniere,cheniereenergyinc,cheniereenergyhq,cheniereenergycareers"
Omnicom Group,fortune500,smartrecruiters,omnicomgroup,,,slug-probe,https://api.smartrecruiters.com/v1/companies/omnicomgroup/postings?limit=5,found,company 'Omnicom Group'; 1 postings
Texas Instruments,fortune500,none,,,,,,none,"careers page not reachable; slug probes tried: texasinstruments,texas-instruments,texas,texasinstrumentsinc,texasinstrumentshq,texasinstrumentscareers"
United States Steel,fortune500,none,,,,,,none,"careers page not reachable; slug probes tried: unitedstatessteel,united-states-steel,united,unitedstatessteelinc,unitedstatessteelhq,unitedstatessteelcareers"
Estée Lauder,fortune500,none,,,,,,none,"careers page not reachable; slug probes tried: estelauder,est-e-lauder,estelauderinc,estelauderhq,estelaudercareers"
Farmers Insurance Exchange,fortune500,none,,,,,,none,"careers page not reachable; slug probes tried: farmersinsuranceexchange,farmers-insurance-exchange,farmers,farmersinsuranceexchangeinc,farmersinsuranceexchangehq,farmersinsuranceexchangecareers"
Kenvue,fortune500,smartrecruiters,kenvue,,,slug-probe,https://api.smartrecruiters.com/v1/companies/kenvue/postings?limit=5,found,company 'Kenvue'; 7 postings
IQVIA Holdings,fortune500,workday,iqvia,https://iqvia.wd1.myworkdayjobs.com,iqvia,workday-probe,https://iqvia.wd1.myworkdayjobs.com/wday/cxs/iqvia/iqvia/jobs,found,"1871 postings; tenant guessed from employer name, company identity not verifiable via API"
Stanley Black & Decker,fortune500,none,,,,,,none,"careers page not reachable; slug probes tried: stanleyblackdecker,stanley-black-decker,stanleyblackanddecker,stanley,stanleyblackdeckerinc,stanleyblackdeckerhq"
Keurig Dr Pepper,fortune500,other-ats,,,,careers-page-link,https://careers.keurigdrpepper.com/en,not-crawlable,links to eightfold; careers page: https://careers.keurigdrpepper.com/en
United Rentals,fortune500,workday,ur,https://ur.wd1.myworkdayjobs.com,URcareers,careers-page-link,https://ur.wd1.myworkdayjobs.com/wday/cxs/ur/URcareers/jobs,found,1322 postings
Consolidated Edison,fortune500,none,,,,,,none,"careers page: https://www.consolidatededison.com/careers; slug probes tried: consolidatededison,consolidated-edison,consolidated,consolidatededisoninc,consolidatededisonhq,consolidatededisoncareers"
Amphenol,fortune500,none,,,,,,none,"careers page not reachable; slug probes tried: amphenol,amphenolinc,amphenolhq,amphenolcareers"
Baxter International,fortune500,workday,baxter,https://baxter.wd1.myworkdayjobs.com,baxter,workday-probe,https://baxter.wd1.myworkdayjobs.com/wday/cxs/baxter/baxter/jobs,found,"508 postings; tenant guessed from employer name, company identity not verifiable via API"
Kinder Morgan,fortune500,other-ats,,,,careers-page-link,https://www.kindermorgan.com/Careers/charlestonjobs,not-crawlable,links to icims; careers page: https://www.kindermorgan.com/Careers/charlestonjobs
Gap,fortune500,smartrecruiters,gapinc,,,slug-probe,https://api.smartrecruiters.com/v1/companies/gapinc/postings?limit=5,found,company 'Gap Inc'; 11 postings
Nordstrom,fortune500,workday,nordstrom,https://nordstrom.wd501.myworkdayjobs.com,nordstrom_careers,careers-page-link,https://nordstrom.wd501.myworkdayjobs.com/wday/cxs/nordstrom/nordstrom_careers/jobs,found,1382 postings
Super Micro Computer,fortune500,none,,,,,,none,"careers page: https://www.hugedomains.com/domain_profile.cfm?d=supermicrocomputer.com; slug probes tried: supermicrocomputer,super-micro-computer,super,supermicrocomputerinc,supermicrocomputerhq,supermicrocomputercareers"
First Citizens BancShares,fortune500,none,,,,,,none,"careers page not reachable; slug probes tried: firstcitizensbancshares,first-citizens-bancshares,first,firstcitizensbancsharesinc,firstcitizensbancshareshq,firstcitizensbancsharescareers"
Raymond James Financial,fortune500,none,,,,,,none,"careers page not reachable; slug probes tried: raymondjamesfinancial,raymond-james-financial,raymond,raymondjamesfinancialinc,raymondjamesfinancialhq,raymondjamesfinancialcareers"
Lam Research,fortune500,other-ats,,,,careers-page-link,https://www.lamresearch.com/careers/careers-overview/?utm_source=vanity&utm_campaign=lam_careers_vanity&utm_medium=vanity&utm_content=careers_vanity,not-crawlable,"links to eightfold,successfactors; careers page: https://www.lamresearch.com/careers/careers-overview/?utm_source=vanity&utm_campaign=lam_careers_vanity&utm_medium=vanity&utm_content=careers_vanity"
Tractor Supply,fortune500,none,,,,,,none,"careers page not reachable; slug probes tried: tractorsupply,tractor-supply,tractor,tractorsupplyinc,tractorsupplyhq,tractorsupplycareers"
Casey's General Stores,fortune500,none,,,,,,none,"careers page: https://www.caseysgeneralstores.com/careers; slug probes tried: caseysgeneral,caseys-general,caseysgeneralstores,caseys,caseysgeneralinc,caseysgeneralhq"
Viatris,fortune500,workday,viatris,https://viatris.wd5.myworkdayjobs.com,External,careers-page-link,https://viatris.wd5.myworkdayjobs.com/wday/cxs/viatris/External/jobs,found,361 postings; also linked: workday:mylan
Mutual of Omaha,fortune500,none,,,,,,none,"careers page: https://www.mutualofomaha.com/careers/; slug probes tried: mutualomaha,mutual-omaha,mutualofomaha,mutual,mutualomahainc,mutualomahahq"
EMCOR Group,fortune500,other-ats,,,,careers-page-link,https://emcorgroup.com/careers,not-crawlable,links to icims; careers page: https://emcorgroup.com/careers
CSX,fortune500,none,,,,,,none,"careers page: https://www.csx.com/index.cfm/working-at-csx/; slug probes tried: csx,csxinc,csxhq,csxcareers"
LKQ,fortune500,none,,,,,,none,"careers page not reachable; slug probes tried: lkq,lkqinc,lkqhq,lkqcareers"
Otis Worldwide,fortune500,none,,,,,,none,"careers page not reachable; slug probes tried: otisworldwide,otis-worldwide,otis,otisworldwideinc,otisworldwidehq,otisworldwidecareers"
Sonic Automotive,fortune500,smartrecruiters,sonicautomotive,,,slug-probe,https://api.smartrecruiters.com/v1/companies/sonicautomotive/postings?limit=5,found,company 'Sonic Automotive'; 422 postings
S&P Global,fortune500,workday,spgi,https://spgi.wd5.myworkdayjobs.com,SPGI_Careers,careers-page-link,https://spgi.wd5.myworkdayjobs.com/wday/cxs/spgi/SPGI_Careers/jobs,found,269 postings; other-ats links: icims
Regeneron Pharmaceuticals,fortune500,workday,regeneron,https://regeneron.wd1.myworkdayjobs.com,Careers,workday-probe,https://regeneron.wd1.myworkdayjobs.com/wday/cxs/regeneron/Careers/jobs,found,"547 postings; tenant guessed from employer name, company identity not verifiable via API"
BorgWarner,fortune500,workday,borgwarner,https://borgwarner.wd5.myworkdayjobs.com,BorgWarner_Careers,careers-page-link,https://borgwarner.wd5.myworkdayjobs.com/wday/cxs/borgwarner/BorgWarner_Careers/jobs,found,340 postings
Fox,fortune500,none,,,,,,none,"careers page: https://www.fox.com/careers; slug probes tried: fox,foxinc,foxhq,foxcareers"
Reliance,fortune500,other-ats,,,,careers-page-link,https://careers.reliance.com/,not-crawlable,links to icims; careers page: https://careers.reliance.com/
Western & Southern Financial Group,fortune500,workday,western,https://western.wd1.myworkdayjobs.com,western,workday-probe,https://western.wd1.myworkdayjobs.com/wday/cxs/western/western/jobs,found,"5 postings; tenant guessed from employer name, company identity not verifiable via API"
Textron,fortune500,other-ats,,,,careers-page-link,https://careers.textron.com/,not-crawlable,links to taleo; careers page: https://careers.textron.com/
Expedia Group,fortune500,workday,expedia,https://expedia.wd108.myworkdayjobs.com,search,careers-page-link,https://expedia.wd108.myworkdayjobs.com/wday/cxs/expedia/search/jobs,found,163 postings
Fidelity National Financial,fortune500,none,,,,,,none,"careers page not reachable; slug probes tried: fidelitynationalfinancial,fidelity-national-financial,fidelity,fidelitynationalfinancialinc,fidelitynationalfinancialhq,fidelitynationalfinancialcareers"
Carvana,fortune500,greenhouse,carvana,,,slug-probe,https://boards-api.greenhouse.io/v1/boards/carvana,found,board name 'Carvana'
DXC Technology,fortune500,workday,dxctechnology,https://dxctechnology.wd1.myworkdayjobs.com,DXCJobs,careers-page-link,https://dxctechnology.wd1.myworkdayjobs.com/wday/cxs/dxctechnology/DXCJobs/jobs,found,1183 postings
W.R. Berkley,fortune500,other-ats,,,,careers-page-link,https://www.berkley.com/about-us/careers,not-crawlable,links to icims; careers page: https://www.berkley.com/about-us/careers
M&T Bank,fortune500,none,,,,,,none,"careers page not reachable; slug probes tried: mtbank,m-t-bank,mandtbank,mtbankinc,mtbankhq,mtbankcareers"
Dick's Sporting Goods,fortune500,none,,,,,,none,"careers page not reachable; slug probes tried: dickssportinggoods,dicks-sporting-goods,dicks,dickssportinggoodsinc,dickssportinggoodshq,dickssportinggoodscareers"
Xcel Energy,fortune500,workday,xcelenergy,https://xcelenergy.wd1.myworkdayjobs.com,External,careers-page-link,https://xcelenergy.wd1.myworkdayjobs.com/wday/cxs/xcelenergy/External/jobs,found,247 postings
Fifth Third Bancorp,fortune500,none,,,,,,none,"careers page not reachable; slug probes tried: fifththirdbancorp,fifth-third-bancorp,fifth,fifththirdbancorpinc,fifththirdbancorphq,fifththirdbancorpcareers"
Blackstone,fortune500,workday,blackstone,https://blackstone.wd1.myworkdayjobs.com,Blackstone_Careers,careers-page-link,https://blackstone.wd1.myworkdayjobs.com/wday/cxs/blackstone/Blackstone_Careers/jobs,found,172 postings
Sempra,fortune500,none,,,,,,none,"careers page: https://sempra.com/careers; slug probes tried: sempra,semprainc,semprahq,sempracareers"
Erie Insurance Group,fortune500,none,,,,,,none,"careers page: https://www.erieinsurance.com/careers; slug probes tried: erieinsurance,erie-insurance,erieinsurancegroup,erie,erieinsuranceinc,erieinsurancehq"
Corning,fortune500,none,,,,,,none,"careers page not reachable; slug probes tried: corning,corninginc,corninghq,corningcareers"
Lumen Technologies,fortune500,other-ats,,,,careers-page-link,https://careers.lumen.com/careers,not-crawlable,links to eightfold; careers page: https://careers.lumen.com/careers
FirstEnergy,fortune500,none,,,,,,none,"careers page not reachable; slug probes tried: firstenergy,firstenergyinc,firstenergyhq,firstenergycareers"
Hess,fortune500,none,,,,,,none,"careers page not reachable; slug probes tried: hess,hessinc,hesshq,hesscareers"
Labcorp Holdings,fortune500,workday,labcorp,https://labcorp.wd1.myworkdayjobs.com,External,workday-probe,https://labcorp.wd1.myworkdayjobs.com/wday/cxs/labcorp/External/jobs,found,"1784 postings; tenant guessed from employer name, company identity not verifiable via API"
Western Digital,fortune500,smartrecruiters,westerndigital,,,slug-probe,https://api.smartrecruiters.com/v1/companies/westerndigital/postings?limit=5,found,company 'Western Digital'; 346 postings
Unum Group,fortune500,workday,unum,https://unum.wd1.myworkdayjobs.com,External,careers-page-link,https://unum.wd1.myworkdayjobs.com/wday/cxs/unum/External/jobs,found,71 postings
DaVita,fortune500,workday,davita,https://davita.wd1.myworkdayjobs.com,DKC_External,careers-page-link,https://davita.wd1.myworkdayjobs.com/wday/cxs/davita/DKC_External/jobs,found,3349 postings; other-ats links: phenom
Kellanova,fortune500,none,,,,,,none,"careers page not reachable; slug probes tried: kellanova,kellanovainc,kellanovahq,kellanovacareers"
Henry Schein,fortune500,workday,henryschein,https://henryschein.wd1.myworkdayjobs.com,External_Careers,careers-page-link,https://henryschein.wd1.myworkdayjobs.com/wday/cxs/henryschein/External_Careers/jobs,found,258 postings; other-ats links: taleo
Ryder System,fortune500,workday,ryder,https://ryder.wd5.myworkdayjobs.com,rydercareers,workday-probe,https://ryder.wd5.myworkdayjobs.com/wday/cxs/ryder/rydercareers/jobs,found,"450 postings; tenant guessed from employer name, company identity not verifiable via API"
Community Health Systems,fortune500,none,,,,,,none,"careers page not reachable; slug probes tried: communityhealthsystems,community-health-systems,community,communityhealthsystemsinc,communityhealthsystemshq,communityhealthsystemscareers"
Delek US Holdings,fortune500,other-ats,,,,careers-page-link,https://jobs.delekus.com/,not-crawlable,links to successfactors; careers page: https://jobs.delekus.com/
DTE Energy,fortune500,other-ats,,,,careers-page-link,https://www.dteenergy.com/careers,not-crawlable,links to successfactors; careers page: https://www.dteenergy.com/careers
Equitable Holdings,fortune500,other-ats,,,,careers-page-link,https://equitable.com/careers-at-equitable,not-crawlable,links to taleo; careers page: https://equitable.com/careers-at-equitable
DuPont,fortune500,workday,dupont,https://dupont.wd5.myworkdayjobs.com,jobs,workday-probe,https://dupont.wd5.myworkdayjobs.com/wday/cxs/dupont/jobs/jobs,found,"196 postings; tenant guessed from employer name, company identity not verifiable via API"
LPL Financial Holdings,fortune500,workday,lplfinancial,https://lplfinancial.wd1.myworkdayjobs.com,External,workday-probe,https://lplfinancial.wd1.myworkdayjobs.com/wday/cxs/lplfinancial/External/jobs,found,"303 postings; tenant guessed from employer name, company identity not verifiable via API"
Citizens Financial Group,fortune500,none,,,,,,none,"careers page not reachable; slug probes tried: citizensfinancial,citizens-financial,citizensfinancialgroup,citizens,citizensfinancialinc,citizensfinancialhq"
MasTec,fortune500,other-ats,,,,careers-page-link,https://www.mastec.com/careers,not-crawlable,links to icims; careers page: https://www.mastec.com/careers
AES,fortune500,workday,aes,https://aes.wd1.myworkdayjobs.com,AES_US,careers-page-link,https://aes.wd1.myworkdayjobs.com/wday/cxs/aes/AES_US/jobs,found,150 postings
Berry Global Group,fortune500,none,,,,,,none,"careers page: https://www.amcor.com/careers; slug probes tried: berryglobal,berry-global,berryglobalgroup,berry,berryglobalinc,berryglobalhq"
Westlake,fortune500,workday,westlake,https://westlake.wd1.myworkdayjobs.com,westlake,workday-probe,https://westlake.wd1.myworkdayjobs.com/wday/cxs/westlake/westlake/jobs,found,"286 postings; tenant guessed from employer name, company identity not verifiable via API"
Norfolk Southern,fortune500,other-ats,,,,careers-page-link,https://www.norfolksouthern.com/careers,not-crawlable,links to successfactors; careers page: https://www.norfolksouthern.com/careers
Air Products & Chemicals,fortune500,none,,,,,,none,"careers page not reachable; slug probes tried: airproductschemicals,air-products-chemicals,airproductsandchemicals,airproductschemicalsinc,airproductschemicalshq,airproductschemicalscareers"
J.B. Hunt Transport Services,fortune500,smartrecruiters,jbhunttransportservicesinc,,,slug-probe,https://api.smartrecruiters.com/v1/companies/jbhunttransportservicesinc/postings?limit=5,found,"company 'JB Hunt Transport Services, Inc.'; 41 postings"
Ball,fortune500,other-ats,,,,careers-page-link,https://jobs.ball.com/,not-crawlable,links to successfactors; careers page: https://jobs.ball.com/
Conagra Brands,fortune500,workday,conagrabrands,https://conagrabrands.wd1.myworkdayjobs.com,Careers_US,careers-page-link,https://conagrabrands.wd1.myworkdayjobs.com/wday/cxs/conagrabrands/Careers_US/jobs,found,253 postings; other-ats links: phenom
Huntington Bancshares,fortune500,none,,,,,,none,"careers page not reachable; slug probes tried: huntingtonbancshares,huntington-bancshares,huntington,huntingtonbancsharesinc,huntingtonbancshareshq,huntingtonbancsharescareers"
Hormel Foods,fortune500,none,,,,,,none,"careers page: https://www.hormelfoods.com/careers/; slug probes tried: hormelfoods,hormel-foods,hormel,hormelfoodsinc,hormelfoodshq,hormelfoodscareers"
Eversource Energy,fortune500,none,,,,,,none,"careers page: https://eversourceenergy.com/careers; slug probes tried: eversourceenergy,eversource-energy,eversource,eversourceenergyinc,eversourceenergyhq,eversourceenergycareers"
Alcoa,fortune500,workday,alcoa,https://alcoa.wd5.myworkdayjobs.com,Careers,careers-page-link,https://alcoa.wd5.myworkdayjobs.com/wday/cxs/alcoa/Careers/jobs,found,105 postings
Entergy,fortune500,other-ats,,,,careers-page-link,https://jobs.entergy.com/,not-crawlable,links to successfactors; careers page: https://jobs.entergy.com/
Assurant,fortune500,workday,assurant,https://assurant.wd1.myworkdayjobs.com,Assurant_Careers,workday-probe,https://assurant.wd1.myworkdayjobs.com/wday/cxs/assurant/Assurant_Careers/jobs,found,"130 postings; tenant guessed from employer name, company identity not verifiable via API"
Chewy,fortune500,workday,chewy,https://wd5.myworkdaysite.com,External,careers-page-link,https://wd5.myworkdaysite.com/wday/cxs/chewy/External/jobs,found,258 postings; other-ats links: phenom
Wayfair,fortune500,smartrecruiters,wayfair,,,slug-probe,https://api.smartrecruiters.com/v1/companies/wayfair/postings?limit=5,found,company 'Wayfair'; 1 postings
Crown Holdings,fortune500,workday,crownholdings,https://crownholdings.wd501.myworkdayjobs.com,crownholdings,workday-probe,https://crownholdings.wd501.myworkdayjobs.com/wday/cxs/crownholdings/crownholdings/jobs,found,"289 postings; tenant guessed from employer name, company identity not verifiable via API"
Avis Budget Group,fortune500,workday,avisbudget,https://avisbudget.wd1.myworkdayjobs.com,ABG_Careers,careers-page-link,https://avisbudget.wd1.myworkdayjobs.com/wday/cxs/avisbudget/ABG_Careers/jobs,found,551 postings
Intercontinental Exchange,fortune500,none,,,,,,none,"careers page: https://www.ice.com/index; slug probes tried: intercontinentalexchange,intercontinental-exchange,intercontinental,intercontinentalexchangeinc,intercontinentalexchangehq,intercontinentalexchangecareers"
Alaska Air Group,fortune500,other-ats,,,,careers-page-link,https://careers.alaskaair.com/jobs/?lid=vanity-careers,not-crawlable,links to icims; careers page: https://careers.alaskaair.com/jobs/?lid=vanity-careers
GXO Logistics,fortune500,none,,,,,,none,"careers page not reachable; slug probes tried: gxologistics,gxo-logistics,gxologisticsinc,gxologisticshq,gxologisticscareers"
AGCO,fortune500,none,,,,,,none,"careers page: https://www.agco.com/careers/; slug probes tried: agco,agcoinc,agcohq,agcocareers"
Graybar Electric,fortune500,workday,graybar,https://graybar.wd1.myworkdayjobs.com,Careers,workday-probe,https://graybar.wd1.myworkdayjobs.com/wday/cxs/graybar/Careers/jobs,found,"453 postings; tenant guessed from employer name, company identity not verifiable via API"
Molson Coors Beverage,fortune500,none,,,,,,none,"careers page: https://molsoncoorsbeverage.com/careers; slug probes tried: molsoncoorsbeverage,molson-coors-beverage,molson,molsoncoorsbeverageinc,molsoncoorsbeveragehq,molsoncoorsbeveragecareers"
Arthur J. Gallagher,fortune500,none,,,,,,none,"careers page: https://www.ajg.com/; slug probes tried: arthurjgallagher,arthur-j-gallagher,arthur,arthurjgallagherinc,arthurjgallagherhq,arthurjgallaghercareers"
Huntington Ingalls Industries,fortune500,none,,,,,,none,"careers page not reachable; slug probes tried: huntingtoningallsindustries,huntington-ingalls-industries,huntington,huntingtoningallsindustriesinc,huntingtoningallsindustrieshq,huntingtoningallsindustriescareers"
International Flavors & Fragrances,fortune500,none,,,,,,none,"careers page: https://www.internationalflavorsfragrances.com/careers; slug probes tried: internationalflavorsfragrances,international-flavors-fragrances,internationalflavorsandfragrances,international,internationalflavorsfragrancesinc,internationalflavorsfragranceshq"
Darden Restaurants,fortune500,none,,,,,,none,"careers page not reachable; slug probes tried: dardenrestaurants,darden-restaurants,darden,dardenrestaurantsinc,dardenrestaurantshq,dardenrestaurantscareers"
Cincinnati Financial,fortune500,none,,,,,,none,"careers page not reachable; slug probes tried: cincinnatifinancial,cincinnati-financial,cincinnati,cincinnatifinancialinc,cincinnatifinancialhq,cincinnatifinancialcareers"
Chipotle Mexican Grill,fortune500,workday,chipotle,https://chipotle.wd5.myworkdayjobs.com,chipotlecareers,workday-probe,https://chipotle.wd5.myworkdayjobs.com/wday/cxs/chipotle/chipotlecareers/jobs,found,"216 postings; tenant guessed from employer name, company identity not verifiable via API"
Yum China Holdings,fortune500,none,,,,,,none,"careers page: https://yumchinaholdings.com/careers; slug probes tried: yumchina,yum-china,yumchinaholdings,yumchinainc,yumchinahq,yumchinacareers"
Las Vegas Sands,fortune500,none,,,,,,none,"careers page not reachable; slug probes tried: lasvegassands,las-vegas-sands,lasvegassandsinc,lasvegassandshq,lasvegassandscareers"
Ulta Beauty,fortune500,other-ats,,,,careers-page-link,https://www.ulta.com/,not-crawlable,links to icims; careers page: https://www.ulta.com/
Caesars Entertainment,fortune500,none,,,,,,none,"careers page not reachable; slug probes tried: caesarsentertainment,caesars-entertainment,caesars,caesarsentertainmentinc,caesarsentertainmenthq,caesarsentertainmentcareers"
BrightSpring Health Services,fortune500,none,,,,,,none,"careers page not reachable; slug probes tried: brightspringhealthservices,brightspring-health-services,brightspring,brightspringhealthservicesinc,brightspringhealthserviceshq,brightspringhealthservicescareers"
Andersons,fortune500,none,,,,,,none,"careers page: https://www.andersons.com/error; slug probes tried: andersons,andersonsinc,andersonshq,andersonscareers"
Hershey,fortune500,other-ats,,,,careers-page-link,https://www.hersheyland.com/,not-crawlable,links to successfactors; careers page: https://www.hersheyland.com/
Hilton Worldwide Holdings,fortune500,none,,,,,,none,"careers page: https://www.hiltonworldwideholdings.com/careers; slug probes tried: hiltonworldwide,hilton-worldwide,hiltonworldwideholdings,hilton,hiltonworldwideinc,hiltonworldwidehq"
Mosaic,fortune500,smartrecruiters,mosaic,,,slug-probe,https://api.smartrecruiters.com/v1/companies/mosaic/postings?limit=5,found,company 'MOSAIC'; 3 postings
Airbnb,fortune500,greenhouse,airbnb,,,slug-probe,https://boards-api.greenhouse.io/v1/boards/airbnb,found,board name 'Airbnb'
Diamondback Energy,fortune500,none,,,,,,none,"careers page not reachable; slug probes tried: diamondbackenergy,diamondback-energy,diamondback,diamondbackenergyinc,diamondbackenergyhq,diamondbackenergycareers"
American Tower,fortune500,none,,,,,,none,"careers page: https://careers.americantower.com; slug probes tried: americantower,american-tower,american,americantowerinc,americantowerhq,americantowercareers"
Vertex Pharmaceuticals,fortune500,none,,,,,,none,"careers page not reachable; slug probes tried: vertexpharmaceuticals,vertex-pharmaceuticals,vertex,vertexpharmaceuticalsinc,vertexpharmaceuticalshq,vertexpharmaceuticalscareers"
ServiceNow,fortune500,smartrecruiters,servicenow,,,slug-probe,https://api.smartrecruiters.com/v1/companies/servicenow/postings?limit=5,found,company 'ServiceNow'; 697 postings
Owens Corning,fortune500,other-ats,,,,careers-page-link,https://careers.owenscorning.com,not-crawlable,links to successfactors; careers page: https://careers.owenscorning.com
Thrivent Financial,fortune500,workday,thrivent,https://thrivent.wd5.myworkdayjobs.com,external,careers-page-link,https://thrivent.wd5.myworkdayjobs.com/wday/cxs/thrivent/external/jobs,found,321 postings
Advance Auto Parts,fortune500,none,,,,,,none,"careers page: https://www.advanceautoparts.com/careers; slug probes tried: advanceautoparts,advance-auto-parts,advance,advanceautopartsinc,advanceautopartshq,advanceautopartscareers"
Toll Brothers,fortune500,none,,,,,,none,"careers page not reachable; slug probes tried: tollbrothers,toll-brothers,toll,tollbrothersinc,tollbrothershq,tollbrotherscareers"
Mohawk Industries,fortune500,none,,,,,,none,"careers page not reachable; slug probes tried: mohawkindustries,mohawk-industries,mohawk,mohawkindustriesinc,mohawkindustrieshq,mohawkindustriescareers"
Motorola Solutions,fortune500,workday,motorolasolutions,https://motorolasolutions.wd5.myworkdayjobs.com,Careers,careers-page-link,https://motorolasolutions.wd5.myworkdayjobs.com/wday/cxs/motorolasolutions/Careers/jobs,found,903 postings
Oshkosh,fortune500,none,,,,,,none,"careers page not reachable; slug probes tried: oshkosh,oshkoshinc,oshkoshhq,oshkoshcareers"
DoorDash,fortune500,none,,,,,,none,"careers page: https://careersatdoordash.com/; slug probes tried: doordash,doordashinc,doordashhq,doordashcareers"
Accendra Health,fortune500,workday,accendra,https://accendra.wd504.myworkdayjobs.com,AccendraCareers,careers-page-link,https://accendra.wd504.myworkdayjobs.com/wday/cxs/accendra/AccendraCareers/jobs,found,280 postings
NVR,fortune500,none,,,,,,none,"careers page not reachable; slug probes tried: nvr,nvrinc,nvrhq,nvrcareers"
Interpublic Group,fortune500,none,,,,,,none,"careers page: https://www.omc.com/; slug probes tried: interpublic,interpublicgroup,interpublicinc,interpublichq,interpubliccareers"
Booz Allen Hamilton Holding,fortune500,none,,,,,,none,"careers page not reachable; slug probes tried: boozallenhamilton,booz-allen-hamilton,boozallenhamiltonholding,booz,boozallenhamiltoninc,boozallenhamiltonhq"
Burlington Stores,fortune500,workday,burlington,https://burlington.wd5.myworkdayjobs.com,burlingtoncareers,workday-probe,https://burlington.wd5.myworkdayjobs.com/wday/cxs/burlington/burlingtoncareers/jobs,found,"304 postings; tenant guessed from employer name, company identity not verifiable via API"
Expeditors Intl. of Washington,fortune500,none,,,,,,none,"careers page not reachable; slug probes tried: expeditorsintlwashington,expeditors-intl-washington,expeditorsintlofwashington,expeditors,expeditorsintlwashingtoninc,expeditorsintlwashingtonhq"
Lululemon athletica,fortune500,none,,,,,,none,"careers page not reachable; slug probes tried: lululemonathletica,lululemon-athletica,lululemon,lululemonathleticainc,lululemonathleticahq,lululemonathleticacareers"
Fidelity National Information (FIS),fortune500,none,,,,,,none,"careers page not reachable; slug probes tried: fidelitynationalinformationfis,fidelity-national-information-fis,fidelity,fidelitynationalinformationfisinc,fidelitynationalinformationfishq,fidelitynationalinformationfiscareers"
Jefferies Financial Group,fortune500,none,,,,,,none,"careers page not reachable; slug probes tried: jefferiesfinancial,jefferies-financial,jefferiesfinancialgroup,jefferies,jefferiesfinancialinc,jefferiesfinancialhq"
Williams,fortune500,workday,williams,https://williams.wd5.myworkdayjobs.com,External,careers-page-link,https://williams.wd5.myworkdayjobs.com/wday/cxs/williams/External/jobs,found,121 postings
VF,fortune500,workday,condenast,https://condenast.wd115.myworkdayjobs.com,CondeCareers,careers-page-link,https://condenast.wd115.myworkdayjobs.com/wday/cxs/condenast/CondeCareers/jobs,found,132 postings
FM,fortune500,other-ats,,,,careers-page-link,https://careers.fm.com/careers-home/,not-crawlable,links to icims; careers page: https://careers.fm.com/careers-home/
Autoliv,fortune500,none,,,,,,none,"careers page: https://www.autoliv.com/careers; slug probes tried: autoliv,autolivinc,autolivhq,autolivcareers"
Westinghouse Air Brake,fortune500,none,,,,,,none,"careers page not reachable; slug probes tried: westinghouseairbrake,westinghouse-air-brake,westinghouse,westinghouseairbrakeinc,westinghouseairbrakehq,westinghouseairbrakecareers"
Public Service Enterprise Group,fortune500,none,,,,,,none,"careers page: https://www.publicserviceenterprise.com/careers; slug probes tried: publicserviceenterprise,public-service-enterprise,publicserviceenterprisegroup,public,publicserviceenterpriseinc,publicserviceenterprisehq"
Dana,fortune500,other-ats,,,,careers-page-link,https://jobs.dana.com:443/,not-crawlable,links to successfactors; careers page: https://jobs.dana.com:443/
Ebay,fortune500,none,,,,,,none,"careers page: https://careers.ebayinc.com/; slug probes tried: ebay,ebayinc,ebayhq,ebaycareers"
Celanese,fortune500,smartrecruiters,celanese,,,slug-probe,https://api.smartrecruiters.com/v1/companies/celanese/postings?limit=5,found,company 'celanese'; 5 postings
Global Payments,fortune500,none,,,,,,none,"careers page: https://www.global-payments.com/careers; slug probes tried: globalpayments,global-payments,global,globalpaymentsinc,globalpaymentshq,globalpaymentscareers"
News Corp.,fortune500,smartrecruiters,newscorp,,,slug-probe,https://api.smartrecruiters.com/v1/companies/newscorp/postings?limit=5,found,company 'News Corp'; 1 postings
Thor Industries,fortune500,none,,,,,,none,"careers page: https://www.thorindustries.com/careers; slug probes tried: thorindustries,thor-industries,thor,thorindustriesinc,thorindustrieshq,thorindustriescareers"
QVC Group,fortune500,workday,qvc,https://qvc.wd5.myworkdayjobs.com,QRG,careers-page-link,https://qvc.wd5.myworkdayjobs.com/wday/cxs/qvc/QRG/jobs,found,133 postings
Icahn Enterprises,fortune500,none,,,,,,none,"careers page: https://www.icahn.com/careers; slug probes tried: icahn,icahnenterprises,icahninc,icahnhq,icahncareers"
Constellation Brands,fortune500,workday,cbrands,https://cbrands.wd5.myworkdayjobs.com,CBI_External_Careers,careers-page-link,https://cbrands.wd5.myworkdayjobs.com/wday/cxs/cbrands/CBI_External_Careers/jobs,found,75 postings
Quest Diagnostics,fortune500,none,,,,,,none,"careers page: https://careers.questdiagnostics.com/; slug probes tried: questdiagnostics,quest-diagnostics,quest,questdiagnosticsinc,questdiagnosticshq,questdiagnosticscareers"
KLA,fortune500,workday,kla,https://kla.wd1.myworkdayjobs.com,Search,careers-page-link,https://kla.wd1.myworkdayjobs.com/wday/cxs/kla/Search/jobs,found,1076 postings
QXO Building Products,fortune500,none,,,,,,none,"careers page: https://www.qxobuildingproducts.com/careers; slug probes tried: qxobuildingproducts,qxo-building-products,qxobuildingproductsinc,qxobuildingproductshq,qxobuildingproductscareers"
APA,fortune500,none,,,,,,none,"careers page not reachable; slug probes tried: apa,apainc,apahq,apacareers"
Gold.com,fortune500,none,,,,,,none,"careers page: https://www.goldcom.com/careers; slug probes tried: goldcom,gold-com,gold,goldcominc,goldcomhq,goldcomcareers"
Biogen,fortune500,workday,biibhr,https://biibhr.wd3.myworkdayjobs.com,external,careers-page-link,https://biibhr.wd3.myworkdayjobs.com/wday/cxs/biibhr/external/jobs,found,260 postings; also linked: workday:teamapellis
Campbell's,fortune500,none,,,,,,none,"careers page not reachable; slug probes tried: campbells,campbellsinc,campbellshq,campbellscareers"
Concentrix,fortune500,workday,cnx,https://cnx.wd1.myworkdayjobs.com,external_global,careers-page-link,https://cnx.wd1.myworkdayjobs.com/wday/cxs/cnx/external_global/jobs,found,1648 postings
Cintas,fortune500,other-ats,,,,careers-page-link,https://www.cintas.com/careers/,not-crawlable,links to successfactors; careers page: https://www.cintas.com/careers/
SpartanNash,fortune500,workday,spartannash,https://spartannash.wd1.myworkdayjobs.com,Spartannash_Careers,workday-probe,https://spartannash.wd1.myworkdayjobs.com/wday/cxs/spartannash/Spartannash_Careers/jobs,found,"1169 postings; tenant guessed from employer name, company identity not verifiable via API"
Ace Hardware,fortune500,workday,acehardware,https://acehardware.wd1.myworkdayjobs.com,External,workday-probe,https://acehardware.wd1.myworkdayjobs.com/wday/cxs/acehardware/External/jobs,found,"159 postings; tenant guessed from employer name, company identity not verifiable via API"
Analog Devices,fortune500,workday,analogdevices,https://analogdevices.wd1.myworkdayjobs.com,External,workday-probe,https://analogdevices.wd1.myworkdayjobs.com/wday/cxs/analogdevices/External/jobs,found,"843 postings; tenant guessed from employer name, company identity not verifiable via API"
Eastman Chemical,fortune500,other-ats,,,,careers-page-link,https://www.eastman.com/en,not-crawlable,links to successfactors; careers page: https://www.eastman.com/en
Interactive Brokers Group,fortune500,none,,,,,,none,"careers page: https://www.interactivebrokers.com/en/general/about/careers-splash.php; slug probes tried: interactivebrokers,interactive-brokers,interactivebrokersgroup,interactive,interactivebrokersinc,interactivebrokershq"
Regions Financial,fortune500,workday,regions,https://regions.wd5.myworkdayjobs.com,Regions_Careers,workday-probe,https://regions.wd5.myworkdayjobs.com/wday/cxs/regions/Regions_Careers/jobs,found,"476 postings; tenant guessed from employer name, company identity not verifiable via API"
JetBlue Airways,fortune500,none,,,,,,none,"careers page not reachable; slug probes tried: jetblueairways,jetblue-airways,jetblue,jetblueairwaysinc,jetblueairwayshq,jetblueairwayscareers"
Zoetis,fortune500,workday,zoetis,https://zoetis.wd5.myworkdayjobs.com,zoetis,careers-page-link,https://zoetis.wd5.myworkdayjobs.com/wday/cxs/zoetis/zoetis/jobs,found,143 postings
KeyCorp,fortune500,none,,,,,,none,"careers page not reachable; slug probes tried: keycorp,keycorpinc,keycorphq,keycorpcareers"
Oscar Health,fortune500,greenhouse,oscar,,,slug-probe,https://boards-api.greenhouse.io/v1/boards/oscar,found,board name 'Oscar Health'; other-ats links: eightfold
Ovintiv,fortune500,workday,ovintiv,https://ovintiv.wd3.myworkdayjobs.com,ovintivcareers,careers-page-link,https://ovintiv.wd3.myworkdayjobs.com/wday/cxs/ovintiv/ovintivcareers/jobs,found,5 postings
Seaboard,fortune500,none,,,,,,none,"careers page not reachable; slug probes tried: seaboard,seaboardinc,seaboardhq,seaboardcareers"
Hertz Global Holdings,fortune500,none,,,,,,none,"careers page not reachable; slug probes tried: hertzglobal,hertz-global,hertzglobalholdings,hertz,hertzglobalinc,hertzglobalhq"
Skechers U.S.A.,fortune500,none,,,,,,none,"careers page: https://www.skechersusa.com/careers; slug probes tried: skechersusa,skechers-u-s-a,skechers,skechersusainc,skechersusahq,skechersusacareers"
Optimum Communications,fortune500,none,,,,,,none,"careers page not reachable; slug probes tried: optimumcommunications,optimum-communications,optimum,optimumcommunicationsinc,optimumcommunicationshq,optimumcommunicationscareers"
NOV,fortune500,none,,,,,,none,"careers page: https://www.nov.com/careers; slug probes tried: nov,novinc,novhq,novcareers"
Graphic Packaging Holding,fortune500,none,,,,,,none,"careers page not reachable; slug probes tried: graphicpackaging,graphic-packaging,graphicpackagingholding,graphic,graphicpackaginginc,graphicpackaginghq"
Avery Dennison,fortune500,smartrecruiters,AveryDennison,,,careers-page-link,https://api.smartrecruiters.com/v1/companies/AveryDennison/postings?limit=5,found,company 'Avery Dennison'; 485 postings; also linked: smartrecruiters:external-referrals
Equinix,fortune500,workday,equinix,https://equinix.wd1.myworkdayjobs.com,External,careers-page-link,https://equinix.wd1.myworkdayjobs.com/wday/cxs/equinix/External/jobs,found,277 postings
Insight Enterprises,fortune500,smartrecruiters,insightinc,,,slug-probe,https://api.smartrecruiters.com/v1/companies/insightinc/postings?limit=5,found,company 'insightinc'; 3 postings; other-ats links: eightfold
Sirius XM Holdings,fortune500,other-ats,,,,careers-page-link,https://careers.siriusxm.com/careers/,not-crawlable,links to icims; careers page: https://careers.siriusxm.com/careers/
PVH,fortune500,workday,pvh,https://pvh.wd1.myworkdayjobs.com,PVH_Careers,careers-page-link,https://pvh.wd1.myworkdayjobs.com/wday/cxs/pvh/PVH_Careers/jobs,found,1526 postings; other-ats links: phenom
CenterPoint Energy,fortune500,other-ats,,,,careers-page-link,https://careers.centerpointenergy.com/,not-crawlable,links to successfactors; careers page: https://careers.centerpointenergy.com/
WEC Energy Group,fortune500,other-ats,,,,careers-page-link,https://www.wecenergygroup.com/careers/,not-crawlable,links to successfactors; careers page: https://www.wecenergygroup.com/careers/
Xylem,fortune500,workday,xylem,https://xylem.wd5.myworkdayjobs.com,xylem-careers,careers-page-link,https://xylem.wd5.myworkdayjobs.com/wday/cxs/xylem/xylem-careers/jobs,found,460 postings
Franklin Templeton,fortune500,workday,franklintempleton,https://franklintempleton.wd5.myworkdayjobs.com,Primary-External-1,careers-page-link,https://franklintempleton.wd5.myworkdayjobs.com/wday/cxs/franklintempleton/Primary-External-1/jobs,found,0 postings; other-ats links: phenom
PPL,fortune500,none,,,,,,none,"careers page not reachable; slug probes tried: ppl,pplinc,pplhq,pplcareers"
Workday,fortune500,workday,workday,https://workday.wd5.myworkdayjobs.com,Workday,careers-page-link,https://workday.wd5.myworkdayjobs.com/wday/cxs/workday/Workday/jobs,found,381 postings
Dover,fortune500,workday,dover,https://dover.wd103.myworkdayjobs.com,dover,workday-probe,https://dover.wd103.myworkdayjobs.com/wday/cxs/dover/dover/jobs,found,"667 postings; tenant guessed from employer name, company identity not verifiable via API"
Packaging Corp. of America,fortune500,none,,,,,,none,"careers page: https://www.packagingamerica.com/careers; slug probes tried: packagingamerica,packaging-america,packagingcorpofamerica,packaging,packagingamericainc,packagingamericahq"
ABM Industries,fortune500,none,,,,,,none,"careers page not reachable; slug probes tried: abmindustries,abm-industries,abmindustriesinc,abmindustrieshq,abmindustriescareers"
Intuitive Surgical,fortune500,none,,,,,,none,"careers page: https://www.intuitive.com:443/en-us/about-us/careers; slug probes tried: intuitivesurgical,intuitive-surgical,intuitive,intuitivesurgicalinc,intuitivesurgicalhq,intuitivesurgicalcareers"
American Financial Group,fortune500,none,,,,,,none,"careers page: https://www.americanfinancialgroup.com/careers; slug probes tried: americanfinancial,american-financial,americanfinancialgroup,american,americanfinancialinc,americanfinancialhq"
Rockwell Automation,fortune500,workday,rockwellautomation,https://rockwellautomation.wd1.myworkdayjobs.com,External_Rockwell_Automation,careers-page-link,https://rockwellautomation.wd1.myworkdayjobs.com/wday/cxs/rockwellautomation/External_Rockwell_Automation/jobs,found,388 postings
Solventum,fortune500,none,,,,,,none,"careers page not reachable; slug probes tried: solventum,solventuminc,solventumhq,solventumcareers"
Old Republic International,fortune500,none,,,,,,none,"careers page: https://www.oldrepublicinternational.com/careers; slug probes tried: oldrepublicinternational,old-republic-international,oldrepublicinternationalinc,oldrepublicinternationalhq,oldrepublicinternationalcareers"
Securian Financial Group,fortune500,workday,hq,https://hq.wd12.myworkdayjobs.com,Securian_External,careers-page-link,https://hq.wd12.myworkdayjobs.com/wday/cxs/hq/Securian_External/jobs,found,29 postings
Prologis,fortune500,workday,prologis,https://prologis.wd5.myworkdayjobs.com,Prologis_External_Careers,careers-page-link,https://prologis.wd5.myworkdayjobs.com/wday/cxs/prologis/Prologis_External_Careers/jobs,found,65 postings
J.M. Smucker,fortune500,workday,smucker,https://smucker.wd5.myworkdayjobs.com,US_External_Careers,careers-page-link,https://smucker.wd5.myworkdayjobs.com/wday/cxs/smucker/US_External_Careers/jobs,found,124 postings
Taylor Morrison Home,fortune500,workday,taylor,https://taylor.wd1.myworkdayjobs.com,External,workday-probe,https://taylor.wd1.myworkdayjobs.com/wday/cxs/taylor/External/jobs,found,"152 postings; tenant guessed from employer name, company identity not verifiable via API"
XPO,fortune500,none,,,,,,none,"careers page: https://www.xpo.com/work-with-us/; slug probes tried: xpo,xpoinc,xpohq,xpocareers"
Voya Financial,fortune500,workday,godirect,https://godirect.wd5.myworkdayjobs.com,voya_jobs,careers-page-link,https://godirect.wd5.myworkdayjobs.com/wday/cxs/godirect/voya_jobs/jobs,found,98 postings
Palo Alto Networks,fortune500,workday,paloaltonetworks,https://paloaltonetworks.wd5.myworkdayjobs.com,panwexternalcareers,careers-page-link,https://paloaltonetworks.wd5.myworkdayjobs.com/wday/cxs/paloaltonetworks/panwexternalcareers/jobs,found,1491 postings
Vertiv Holdings,fortune500,none,,,,,,none,"careers page: https://www.vertiv.com/en-us/about/career-center/?utm_source=careers+launch&utm_campaign=careers&utm_medium=print; slug probes tried: vertiv,vertivholdings,vertivinc,vertivhq,vertivcareers"
Welltower,fortune500,none,,,,,,none,"careers page: http://welltower.com/careers/; slug probes tried: welltower,welltowerinc,welltowerhq,welltowercareers"
Foot Locker,fortune500,other-ats,,,,careers-page-link,https://www.footlocker.eu/gdpr?c=DE&l=,not-crawlable,links to icims; careers page: https://www.footlocker.eu/gdpr?c=DE&l=
Par Pacific Holdings,fortune500,other-ats,,,,careers-page-link,https://www.parpacific.com/careers,not-crawlable,links to successfactors; careers page: https://www.parpacific.com/careers
TransDigm Group,fortune500,none,,,,,,none,"careers page: https://www.transdigm.com/; slug probes tried: transdigm,transdigmgroup,transdigminc,transdigmhq,transdigmcareers"
Commercial Metals,fortune500,none,,,,,,none,"careers page not reachable; slug probes tried: commercialmetals,commercial-metals,commercial,commercialmetalsinc,commercialmetalshq,commercialmetalscareers"
Post Holdings,fortune500,other-ats,,,,careers-page-link,https://jobs.postholdings.com/careers-home,not-crawlable,links to icims; careers page: https://jobs.postholdings.com/careers-home
Masco,fortune500,workday,masco,https://masco.wd1.myworkdayjobs.com,masco,workday-probe,https://masco.wd1.myworkdayjobs.com/wday/cxs/masco/masco/jobs,found,"165 postings; tenant guessed from employer name, company identity not verifiable via API"
Rush Enterprises,fortune500,other-ats,,,,careers-page-link,https://careers.rushenterprises.com,not-crawlable,links to icims; careers page: https://careers.rushenterprises.com
KBR,fortune500,workday,kbr,https://kbr.wd5.myworkdayjobs.com,Kbr_Careers,workday-probe,https://kbr.wd5.myworkdayjobs.com/wday/cxs/kbr/Kbr_Careers/jobs,found,"1814 postings; tenant guessed from employer name, company identity not verifiable via API"
Sprouts Farmers Market,fortune500,none,,,,,,none,"careers page not reachable; slug probes tried: sproutsfarmersmarket,sprouts-farmers-market,sprouts,sproutsfarmersmarketinc,sproutsfarmersmarkethq,sproutsfarmersmarketcareers"
Williams-Sonoma,fortune500,workday,williams,https://williams.wd5.myworkdayjobs.com,External,workday-probe,https://williams.wd5.myworkdayjobs.com/wday/cxs/williams/External/jobs,found,"121 postings; tenant guessed from employer name, company identity not verifiable via API"
Zimmer Biomet Holdings,fortune500,other-ats,,,,careers-page-link,https://careers.zimmerbiomet.com/us/en,not-crawlable,links to phenom; careers page: https://careers.zimmerbiomet.com/us/en
CACI International,fortune500,workday,caci,https://caci.wd1.myworkdayjobs.com,External,workday-probe,https://caci.wd1.myworkdayjobs.com/wday/cxs/caci/External/jobs,found,"1775 postings; tenant guessed from employer name, company identity not verifiable via API"
Microchip Technology,fortune500,smartrecruiters,microchip,,,slug-probe,https://api.smartrecruiters.com/v1/companies/microchip/postings?limit=5,found,company 'Microchip'; 9 postings
Watsco,fortune500,none,,,,,,none,"careers page: https://www.watsco.com/careers/; slug probes tried: watsco,watscoinc,watscohq,watscocareers"
Newell Brands,fortune500,other-ats,,,,careers-page-link,https://careers.newellbrands.com/,not-crawlable,links to successfactors; careers page: https://careers.newellbrands.com/
ARKO,fortune500,none,,,,,,none,"careers page not reachable; slug probes tried: arko,arkoinc,arkohq,arkocareers"
Sanmina,fortune500,none,,,,,,none,"careers page: https://www.sanmina.com/careers/; slug probes tried: sanmina,sanminainc,sanminahq,sanminacareers"
Electronic Arts,fortune500,none,,,,,,none,"careers page: https://www.ea.com/; slug probes tried: electronicarts,electronic-arts,electronic,electronicartsinc,electronicartshq,electronicartscareers"
Yum Brands,fortune500,none,,,,,,none,"careers page not reachable; slug probes tried: yumbrands,yum-brands,yumbrandsinc,yumbrandshq,yumbrandscareers"
Fastenal,fortune500,none,,,,,,none,"careers page: https://careers.fastenal.com; slug probes tried: fastenal,fastenalinc,fastenalhq,fastenalcareers"
CMS Energy,fortune500,other-ats,,,,careers-page-link,https://www.cmsenergy.com/careers/,not-crawlable,links to successfactors; careers page: https://www.cmsenergy.com/careers/
Monster Beverage,fortune500,none,,,,,,none,"careers page: https://www.monsterbeverage.com/careers; slug probes tried: monsterbeverage,monster-beverage,monster,monsterbeverageinc,monsterbeveragehq,monsterbeveragecareers"
Endeavor Group Holdings,fortune500,none,,,,,,none,"careers page not reachable; slug probes tried: endeavor,endeavorgroupholdings,endeavorinc,endeavorhq,endeavorcareers"
Science Applications International,fortune500,none,,,,,,none,"careers page not reachable; slug probes tried: scienceapplicationsinternational,science-applications-international,science,scienceapplicationsinternationalinc,scienceapplicationsinternationalhq,scienceapplicationsinternationalcareers"
Core & Main,fortune500,workday,coreandmain,https://coreandmain.wd1.myworkdayjobs.com,coreandmain,workday-probe,https://coreandmain.wd1.myworkdayjobs.com/wday/cxs/coreandmain/coreandmain/jobs,found,"256 postings; tenant guessed from employer name, company identity not verifiable via API"
Howmet Aerospace,fortune500,none,,,,,,none,"careers page: https://www.howmet.com/joinus/; slug probes tried: howmetaerospace,howmet-aerospace,howmet,howmetaerospaceinc,howmetaerospacehq,howmetaerospacecareers"
Ingredion,fortune500,workday,ingredion,https://ingredion.wd1.myworkdayjobs.com,ingredioncareers,workday-probe,https://ingredion.wd1.myworkdayjobs.com/wday/cxs/ingredion/ingredioncareers/jobs,found,"244 postings; tenant guessed from employer name, company identity not verifiable via API"
Vulcan Materials,fortune500,none,,,,,,none,"careers page: https://www.vulcanmaterials.com/careers; slug probes tried: vulcanmaterials,vulcan-materials,vulcan,vulcanmaterialsinc,vulcanmaterialshq,vulcanmaterialscareers"
OpenAI,venture-backed-software,none,,,,,,none,"careers page: https://openai.com/careers/; link ashby openai failed: http 200; slug probes tried: openai,openaiinc,openaihq,openaicareers"
Anthropic,venture-backed-software,greenhouse,anthropic,,,careers-page-link,https://boards-api.greenhouse.io/v1/boards/anthropic,found,board name 'Anthropic'
Stripe,venture-backed-software,greenhouse,stripe,,,slug-probe,https://boards-api.greenhouse.io/v1/boards/stripe,found,board name 'Stripe'
Databricks,venture-backed-software,greenhouse,databricks,,,slug-probe,https://boards-api.greenhouse.io/v1/boards/databricks,found,board name 'Databricks'
Canva,venture-backed-software,smartrecruiters,canva,,,slug-probe,https://api.smartrecruiters.com/v1/companies/canva/postings?limit=5,found,company 'Canva'; 125 postings
Ramp,venture-backed-software,ashby,ramp,,,careers-page-link,https://api.ashbyhq.com/posting-api/job-board/ramp,found,165 jobs
Navan,venture-backed-software,none,,,,,,none,"careers page: https://navan.com/careers; slug probes tried: navan,navaninc,navanhq,navancareers"
Anysphere,venture-backed-software,none,,,,,,none,"careers page not reachable; slug probes tried: anysphere,anysphereinc,anyspherehq,anyspherecareers"
Deel,venture-backed-software,none,,,,,,none,"careers page: https://www.deel.com/careers/; slug probes tried: deel,deelinc,deelhq,deelcareers"
Notion,venture-backed-software,ashby,notion,,,careers-page-link,https://api.ashbyhq.com/posting-api/job-board/notion,found,132 jobs
Grammarly,venture-backed-software,none,,,,,,none,"careers page: https://superhuman.com/company/careers; link greenhouse grammarly failed: http 404; slug probes tried: grammarly,grammarlyinc,grammarlyhq,grammarlycareers"
Celonis,venture-backed-software,greenhouse,celonis,,,slug-probe,https://boards-api.greenhouse.io/v1/boards/celonis,found,board name 'Celonis'
Grafana Labs,venture-backed-software,greenhouse,grafanalabs,,,careers-page-link,https://boards-api.greenhouse.io/v1/boards/grafanalabs,found,board name 'Grafana Labs'
Netskope,venture-backed-software,greenhouse,netskope,,,slug-probe,https://boards-api.greenhouse.io/v1/boards/netskope,found,board name 'Netskope'
Gusto,venture-backed-software,greenhouse,gusto,,,slug-probe,https://boards-api.greenhouse.io/v1/boards/gusto,found,"board name 'Gusto, Inc.'"
Rippling,venture-backed-software,none,,,,,,none,"careers page: https://www.rippling.com/careers; slug probes tried: rippling,ripplinginc,ripplinghq,ripplingcareers"
Tanium,venture-backed-software,greenhouse,tanium,,,careers-page-link,https://boards-api.greenhouse.io/v1/boards/tanium,found,board name 'Tanium'
Miro,venture-backed-software,ashby,miro,,,slug-probe,https://api.ashbyhq.com/posting-api/job-board/miro,found,employer name in 5/5 sampled postings; 24 jobs
Abnormal AI,venture-backed-software,none,,,,,,none,"careers page: https://www.abnormalai.com/careers; slug probes tried: abnormalai,abnormal-ai,abnormal,abnormalaiinc,abnormalaihq,abnormalaicareers"
Attentive,venture-backed-software,greenhouse,attentive,,,slug-probe,https://boards-api.greenhouse.io/v1/boards/attentive,found,board name 'Attentive'
Cohesity,venture-backed-software,workday,cohesity,https://cohesity.wd5.myworkdayjobs.com,Cohesity_Careers,workday-probe,https://cohesity.wd5.myworkdayjobs.com/wday/cxs/cohesity/Cohesity_Careers/jobs,found,"171 postings; tenant guessed from employer name, company identity not verifiable via API"
Arctic Wolf,venture-backed-software,workday,arcticwolf,https://arcticwolf.wd1.myworkdayjobs.com,External,careers-page-link,https://arcticwolf.wd1.myworkdayjobs.com/wday/cxs/arcticwolf/External/jobs,found,124 postings
Flock Safety,venture-backed-software,ashby,demo.flocksafety-sandbox.com,,,careers-page-link,https://api.ashbyhq.com/posting-api/job-board/demo.flocksafety-sandbox.com,found,11 jobs; also linked: ashby:Flock Safety
VAST Data,venture-backed-software,none,,,,,,none,"careers page: https://www.vastdata.com/careers; slug probes tried: vastdata,vast-data,vast,vastdatainc,vastdatahq,vastdatacareers"
AlphaSense,venture-backed-software,greenhouse,alphasense,,,slug-probe,https://boards-api.greenhouse.io/v1/boards/alphasense,found,board name 'AlphaSense'
Perplexity AI,venture-backed-software,none,,,,,,none,"careers page: https://www.perplexity-ai.com/careers; slug probes tried: perplexityai,perplexity-ai,perplexity,perplexityaiinc,perplexityaihq,perplexityaicareers"
Checkr,venture-backed-software,greenhouse,checkr,,,slug-probe,https://boards-api.greenhouse.io/v1/boards/checkr,found,board name 'Checkr'
OneTrust,venture-backed-software,greenhouse,onetrust,,,slug-probe,https://boards-api.greenhouse.io/v1/boards/onetrust,found,board name 'OneTrust'
Plaid,venture-backed-software,ashby,plaid,,,careers-page-link,https://api.ashbyhq.com/posting-api/job-board/plaid,found,121 jobs
Talkdesk,venture-backed-software,greenhouse,talkdesk2,,,careers-page-link,https://boards-api.greenhouse.io/v1/boards/talkdesk2,found,board name 'Talkdesk'
Carta,venture-backed-software,greenhouse,carta,,,careers-page-link,https://boards-api.greenhouse.io/v1/boards/carta,found,board name 'Carta'
Postman,venture-backed-software,none,,,,,,none,"careers page: https://www.postman.com/company/careers/; slug probes tried: postman,postmaninc,postmanhq,postmancareers"
Zoho,venture-backed-software,none,,,,,,none,"careers page: https://www.zoho.com/careers/; slug probes tried: zoho,zohoinc,zohohq,zohocareers"
Airtable,venture-backed-software,greenhouse,airtable,,,slug-probe,https://boards-api.greenhouse.io/v1/boards/airtable,found,board name 'Airtable'
Dataiku,venture-backed-software,greenhouse,dataiku,,,careers-page-link,https://boards-api.greenhouse.io/v1/boards/dataiku,found,board name 'Dataiku'
Fivetran,venture-backed-software,greenhouse,fivetran,,,slug-probe,https://boards-api.greenhouse.io/v1/boards/fivetran,found,board name 'Fivetran '
Cribl,venture-backed-software,greenhouse,cribl,,,slug-probe,https://boards-api.greenhouse.io/v1/boards/cribl,found,board name 'Cribl'
Dialpad,venture-backed-software,greenhouse,dialpad,,,careers-page-link,https://boards-api.greenhouse.io/v1/boards/dialpad,found,board name 'Dialpad'
1Password,venture-backed-software,ashby,1password,,,careers-page-link,https://api.ashbyhq.com/posting-api/job-board/1password,found,71 jobs
Checkout.com,venture-backed-software,none,,,,,,none,"careers page not reachable; slug probes tried: checkoutcom,checkout-com,checkout,checkoutcominc,checkoutcomhq,checkoutcomcareers"
Automation Anywhere,venture-backed-software,workday,automationanywhere,https://automationanywhere.wd5.myworkdayjobs.com,AutomationanywhereJobs,workday-probe,https://automationanywhere.wd5.myworkdayjobs.com/wday/cxs/automationanywhere/AutomationanywhereJobs/jobs,found,"35 postings; tenant guessed from employer name, company identity not verifiable via API"
Motive,venture-backed-software,workday,luminegrp,https://luminegrp.wd3.myworkdayjobs.com,motive,careers-page-link,https://luminegrp.wd3.myworkdayjobs.com/wday/cxs/luminegrp/motive/jobs,found,5 postings
Vercel,venture-backed-software,greenhouse,vercel,,,careers-page-link,https://boards-api.greenhouse.io/v1/boards/vercel,found,board name 'Vercel'
Glean,venture-backed-software,smartrecruiters,glean,,,slug-probe,https://api.smartrecruiters.com/v1/companies/glean/postings?limit=5,found,company 'Glean'; 1 postings
Airwallex,venture-backed-software,none,,,,,,none,"careers page: https://careers.airwallex.com/; link ashby airwallex failed: http 200; slug probes tried: airwallex,airwallexinc,airwallexhq,airwallexcareers"
Clio,venture-backed-software,workday,clio,https://clio.wd3.myworkdayjobs.com,ClioCareerSite,workday-probe,https://clio.wd3.myworkdayjobs.com/wday/cxs/clio/ClioCareerSite/jobs,found,"141 postings; tenant guessed from employer name, company identity not verifiable via API"
NinjaOne,venture-backed-software,none,,,,,,none,"careers page: https://www.ninjaone.com/careers/; slug probes tried: ninjaone,ninjaoneinc,ninjaonehq,ninjaonecareers"
Zapier,venture-backed-software,ashby,zapier,,,careers-page-link,https://api.ashbyhq.com/posting-api/job-board/zapier,found,11 jobs
Lambda,venture-backed-software,ashby,lambda,,,slug-probe,https://api.ashbyhq.com/posting-api/job-board/lambda,found,employer name in 5/5 sampled postings; 91 jobs
Brex,venture-backed-software,greenhouse,brex,,,slug-probe,https://boards-api.greenhouse.io/v1/boards/brex,found,board name 'Brex'
