accession,cik,company,form,filed,phrases,n_passages,sections
0000004962-25-000083,0000004962,AMERICAN EXPRESS CO  (AXP),10-Q,2025-07-18,agentic,1,mdna:1
0000004962-25-000222,0000004962,AMERICAN EXPRESS CO  (AXP),10-Q,2025-10-17,agentic,1,mdna:1
0000004962-26-000080,0000004962,AMERICAN EXPRESS CO  (AXP),10-K,2026-02-06,AI agents;agentic,13,business:3;mdna:3;risk_factors:7
0000004962-26-000192,0000004962,AMERICAN EXPRESS CO  (AXP),10-Q,2026-04-23,agentic,4,mdna:4
0000004962-26-000322,0000004962,AMERICAN EXPRESS CO  (AXP),10-Q,2026-07-24,agentic,4,mdna:4
0000008670-25-000037,0000008670,AUTOMATIC DATA PROCESSING INC  (ADP),10-K,2025-08-06,AI agents;agentic,3,business:3
0000008670-26-000022,0000008670,AUTOMATIC DATA PROCESSING INC  (ADP),10-Q,2026-04-30,AI agents,1,mdna:1
0000008670-26-000030,0000008670,AUTOMATIC DATA PROCESSING INC  (ADP),10-K,2026-08-05,AI agent;AI agents;agentic,10,business:3;mdna:1;risk_factors:6
0000010795-25-000099,0000010795,BECTON DICKINSON & CO  (BDX),10-K,2025-11-25,agentic,1,risk_factors:1
0000016918-26-000011,0000016918,"CONSTELLATION BRANDS, INC.  (STZ)",10-K,2026-04-22,agentic,1,risk_factors:1
0000027419-26-000016,0000027419,TARGET CORP  (TGT),10-K,2026-03-11,agentic,1,risk_factors:1
0000027996-26-000037,0000027996,DELUXE CORP  (DLX),10-K,2026-02-13,agentic,2,business:1;risk_factors:1
0000029989-25-000026,0000029989,OMNICOM GROUP INC.  (OMC),10-Q,2025-07-16,agentic,1,mdna:1
0000029989-25-000037,0000029989,OMNICOM GROUP INC.  (OMC),10-Q,2025-10-22,agentic,1,mdna:1
0000029989-26-000006,0000029989,OMNICOM GROUP INC.  (OMC),10-K,2026-02-20,agentic,5,business:1;mdna:1;risk_factors:3
0000029989-26-000011,0000029989,OMNICOM GROUP INC.  (OMC),10-Q,2026-04-29,agentic,1,mdna:1
0000029989-26-000019,0000029989,OMNICOM GROUP INC.  (OMC),10-Q,2026-07-29,agentic,1,mdna:1
0000033185-26-000010,0000033185,EQUIFAX INC  (EFX),10-K,2026-02-19,agentic,1,business:1
0000035527-26-000124,0000035527,"FIFTH THIRD BANCORP  (FITB, FITBI, FITBM, FITBO, FITBP)",10-K,2026-02-24,agentic,0,
0000040729-26-000005,0000040729,Ally Financial Inc.  (ALLY),10-K,2026-02-25,AI agents,1,risk_factors:1
0000047217-26-000011,0000047217,HP INC  (HPQ),10-Q,2026-02-25,AI agents,1,mdna:1
0000047217-26-000029,0000047217,HP INC  (HPQ),10-Q,2026-05-28,AI agents,1,mdna:1
0000047217-26-000051,0000047217,HP INC  (HPQ),10-Q,2026-08-27,AI agents,1,mdna:1
0000050863-26-000011,0000050863,INTEL CORP  (INTC),10-K,2026-01-23,agentic,5,other:5
0000051143-23-000021,0000051143,INTERNATIONAL BUSINESS MACHINES CORP  (IBM),10-Q,2023-07-25,digital labor,1,mdna:1
0000051143-25-000052,0000051143,INTERNATIONAL BUSINESS MACHINES CORP  (IBM),10-Q,2025-07-24,AI agents,1,mdna:1
0000051143-25-000064,0000051143,INTERNATIONAL BUSINESS MACHINES CORP  (IBM),10-Q,2025-10-23,AI agents,1,mdna:1
0000051143-26-000038,0000051143,INTERNATIONAL BUSINESS MACHINES CORP  (IBM),10-Q,2026-04-23,AI agents;agentic,4,mdna:3;other:1
0000051143-26-000078,0000051143,INTERNATIONAL BUSINESS MACHINES CORP  (IBM),10-Q,2026-07-23,AI agents;agentic,3,mdna:2;other:1
0000056679-26-000021,0000056679,KORN FERRY  (KFY),10-K,2026-06-26,agentic,2,risk_factors:2
0000062709-26-000022,0000062709,"MARSH & MCLENNAN COMPANIES, INC.  (MRSH)",10-K,2026-02-09,AI agents,1,risk_factors:1
0000066382-26-000092,0000066382,"MILLERKNOLL, INC.  (MLKN)",10-K,2026-07-20,agentic,2,risk_factors:2
0000068505-26-000021,0000068505,"Motorola Solutions, Inc.  (MSI)",10-Q,2026-05-07,agentic,5,mdna:1;other:4
0000068505-26-000028,0000068505,"Motorola Solutions, Inc.  (MSI)",10-Q,2026-08-05,agentic,5,mdna:1;other:4
0000070858-26-000157,0000070858,"BANK OF AMERICA CORP /DE/  (BAC, BAC-PB, BAC-PE, BAC-PK, BAC-PL, BAC-PM, BAC-PN, BAC-PO, BAC-PP, BML-PG, BML-PH, BML-PJ, BML-PL)",10-K,2026-02-25,AI agents,1,risk_factors:1
0000080661-26-000086,0000080661,PROGRESSIVE CORP/OH/  (PGR),10-K,2026-03-02,agentic,2,risk_factors:2
0000093751-26-000124,0000093751,"STATE STREET CORP  (STT, STT-PG)",10-K,2026-02-19,agentic,1,risk_factors:1
0000103595-26-000018,0000103595,VILLAGE SUPER MARKET INC  (VLGEA),10-K,2026-10-08,agentic,1,risk_factors:1
0000104169-26-000055,0000104169,Walmart Inc.  (WMT),10-K,2026-03-13,agentic,6,risk_factors:6
0000106640-26-000009,0000106640,WHIRLPOOL CORP /DE/  (WHR),10-K,2026-02-11,agentic,1,risk_factors:1
0000216228-26-000012,0000216228,ITT INC.  (ITT),10-K,2026-02-09,agentic,4,other:1;risk_factors:3
0000230557-26-000006,0000230557,"SELECTIVE INSURANCE GROUP INC  (SIGI, SIGIP)",10-K,2026-02-09,agentic,1,mdna:1
0000230557-26-000011,0000230557,"SELECTIVE INSURANCE GROUP INC  (SIGI, SIGIP)",10-Q,2026-04-24,agentic,1,mdna:1
0000230557-26-000020,0000230557,"SELECTIVE INSURANCE GROUP INC  (SIGI, SIGIP)",10-Q,2026-07-24,agentic,1,mdna:1
0000310522-25-000466,0000310522,"FEDERAL NATIONAL MORTGAGE ASSOCIATION FANNIE MAE  (FNMA, FNMAG, FNMAH, FNMAI, FNMAJ, FNMAK, FNMAL, FNMAM, FNMAN, FNMAO, FNMAS, FNMAT, FNMFM, FNMFN)",10-Q,2025-07-30,agentic,1,mdna:1
0000310522-25-000512,0000310522,"FEDERAL NATIONAL MORTGAGE ASSOCIATION FANNIE MAE  (FNMA, FNMAG, FNMAH, FNMAI, FNMAJ, FNMAK, FNMAL, FNMAM, FNMAN, FNMAO, FNMAS, FNMAT, FNMFM, FNMFN)",10-Q,2025-10-29,agentic,1,mdna:1
0000310522-26-000015,0000310522,"FEDERAL NATIONAL MORTGAGE ASSOCIATION FANNIE MAE  (FNMA, FNMAG, FNMAH, FNMAI, FNMAJ, FNMAK, FNMAL, FNMAM, FNMAN, FNMAO, FNMAS, FNMAT, FNMFM, FNMFN)",10-K,2026-02-11,agentic,1,business:1
0000310522-26-000040,0000310522,"FEDERAL NATIONAL MORTGAGE ASSOCIATION FANNIE MAE  (FNMA, FNMAG, FNMAH, FNMAI, FNMAJ, FNMAK, FNMAL, FNMAM, FNMAN, FNMAO, FNMAS, FNMAT, FNMFM, FNMFN)",10-Q,2026-04-29,agentic,1,mdna:1
0000310522-26-000064,0000310522,"FEDERAL NATIONAL MORTGAGE ASSOCIATION FANNIE MAE  (FNMA, FNMAG, FNMAH, FNMAI, FNMAJ, FNMAK, FNMAL, FNMAM, FNMAN, FNMAO, FNMAT, FNMFM, FNMFN, FNMFO)",10-Q,2026-07-29,agentic,1,mdna:1
0000318154-26-000010,0000318154,AMGEN INC  (AMGN),10-K,2026-02-13,AI agent,1,risk_factors:1
0000318154-26-000057,0000318154,AMGEN INC  (AMGN),10-Q,2026-05-01,AI agent,1,risk_factors:1
0000318154-26-000126,0000318154,AMGEN INC  (AMGN),10-Q,2026-08-05,AI agent,1,risk_factors:1
0000320121-26-000010,0000320121,TELOS CORP  (TLS),10-K,2026-03-16,agentic,1,mdna:1
0000320187-26-000088,0000320187,"NIKE, Inc.  (NKE)",10-K,2026-07-15,agentic,1,risk_factors:1
0000356171-26-000010,0000356171,TRICO BANCSHARES /  (TCBK),10-K,2026-03-02,AI agents,2,risk_factors:2
0000705432-26-000034,0000705432,SOUTHSIDE BANCSHARES INC  (SBSI),10-K,2026-02-27,agentic,1,risk_factors:1
0000707549-26-000037,0000707549,LAM RESEARCH CORP  (LRCX),10-K,2026-08-07,AI agents;agentic,3,risk_factors:3
0000708955-26-000028,0000708955,FIRST FINANCIAL BANCORP /OH/  (FFBC),10-K,2026-02-19,AI agents,7,risk_factors:7
0000714310-26-000017,0000714310,"VALLEY NATIONAL BANCORP  (VLY, VLYPN, VLYPO, VLYPP)",10-K,2026-02-27,agentic,2,risk_factors:2
0000715072-26-000017,0000715072,RENASANT CORP  (RNST),10-K,2026-03-02,agentic,1,risk_factors:1
0000719955-26-000059,0000719955,WILLIAMS SONOMA INC  (WSM),10-K,2026-03-26,agentic,1,risk_factors:1
0000726601-26-000007,0000726601,CAPITAL CITY BANK GROUP INC  (CCBG),10-K,2026-02-27,agentic,2,risk_factors:2
0000733269-26-000025,0000733269,"LiveRamp Holdings, Inc.  (RAMP)",10-K,2026-05-21,AI agent;AI agents;agentic,10,business:6;other:4
0000733269-26-000047,0000733269,"LiveRamp Holdings, Inc.  (RAMP)",10-Q,2026-08-05,AI agent;AI agents,2,mdna:2
0000746838-25-000008,0000746838,UNISYS CORP  (UIS),10-K,2025-02-21,AI agents,1,business:1
0000746838-26-000006,0000746838,UNISYS CORP  (UIS),10-K,2026-02-25,AI agents;agentic,10,business:8;risk_factors:2
0000764478-26-000009,0000764478,BEST BUY CO INC  (BBY),10-K,2026-03-18,agentic,2,mdna:1;risk_factors:1
0000766704-25-000009,0000766704,WELLTOWER INC.  (WELL),10-K,2025-02-12,agentic,1,risk_factors:1
0000766704-26-000010,0000766704,WELLTOWER INC.  (WELL),10-K,2026-02-12,agentic,1,risk_factors:1
0000769397-26-000044,0000769397,"Autodesk, Inc.  (ADSK)",10-Q,2026-05-29,agentic,1,mdna:1
0000769397-26-000061,0000769397,"Autodesk, Inc.  (ADSK)",10-Q,2026-08-28,agentic,1,mdna:1
0000773840-26-000013,0000773840,HONEYWELL INTERNATIONAL INC  (HON),10-K,2026-02-17,agentic,1,other:1
0000773840-26-000124,0000773840,HONEYWELL INTERNATIONAL INC  (HON),10-Q,2026-07-23,agentic,1,risk_factors:1
0000777917-26-000036,0000777917,PRUCO LIFE INSURANCE CO,10-K,2026-03-06,agentic,2,risk_factors:2
0000796343-25-000073,0000796343,ADOBE INC.  (ADBE),10-Q,2025-06-25,agentic,2,risk_factors:2
0000796343-25-000107,0000796343,ADOBE INC.  (ADBE),10-Q,2025-09-24,agentic,2,risk_factors:2
0000796343-26-000003,0000796343,ADOBE INC.  (ADBE),10-K,2026-01-15,AI agents;agentic,18,business:12;mdna:1;risk_factors:5
0000796343-26-000056,0000796343,ADOBE INC.  (ADBE),10-Q,2026-03-25,AI agents;agentic,7,mdna:2;risk_factors:5
0000796343-26-000112,0000796343,ADOBE INC.  (ADBE),10-Q,2026-06-15,AI agents;agentic,8,mdna:2;other:1;risk_factors:5
0000796343-26-000156,0000796343,ADOBE INC.  (ADBE),10-Q,2026-09-22,AI agents;agentic,10,mdna:4;other:1;risk_factors:5
0000798354-25-000171,0000798354,FISERV INC  (FI),10-Q,2025-10-30,agentic,1,mdna:1
0000804328-25-000085,0000804328,QUALCOMM INC/DE  (QCOM),10-K,2025-11-05,AI agent;agentic,4,business:4
0000804328-26-000086,0000804328,QUALCOMM INC/DE  (QCOM),10-Q,2026-07-29,agentic,1,other:1
0000813672-25-000024,0000813672,CADENCE DESIGN SYSTEMS INC  (CDNS),10-K,2025-02-21,AI agents,1,business:1
0000813672-26-000016,0000813672,CADENCE DESIGN SYSTEMS INC  (CDNS),10-K,2026-02-19,agentic,6,business:5;mdna:1
0000816761-25-000027,0000816761,TERADATA CORP /DE/  (TDC),10-K,2025-02-21,agentic,4,business:4
0000816761-25-000108,0000816761,TERADATA CORP /DE/  (TDC),10-Q,2025-05-07,agentic,1,other:1
0000816761-25-000182,0000816761,TERADATA CORP /DE/  (TDC),10-Q,2025-08-06,agentic,1,other:1
0000831001-26-000011,0000831001,"CITIGROUP INC  (C, C-PN, C-PR)",10-K,2026-02-20,autonomous agents,1,other:1
0000832988-26-000229,0000832988,SIGNET JEWELERS LTD  (SIG),10-Q,2026-09-09,agentic,1,mdna:1
0000849399-26-000017,0000849399,"Gen Digital Inc.  (GEN, GENVR)",10-K,2026-05-21,AI agents;agentic,13,business:10;risk_factors:3
0000849399-26-000031,0000849399,"Gen Digital Inc.  (GEN, GENVR)",10-Q,2026-08-07,agentic,3,risk_factors:3
0000854775-26-000026,0000854775,DIGI INTERNATIONAL INC  (DGII),10-Q,2026-08-05,agentic,1,risk_factors:1
0000858877-25-000111,0000858877,"CISCO SYSTEMS, INC.  (CSCO)",10-K,2025-09-03,AI agents,1,business:1
0000858877-26-000132,0000858877,"CISCO SYSTEMS, INC.  (CSCO)",10-K,2026-09-02,AI agent;AI agents;agentic,10,business:6;mdna:1;other:1;risk_factors:2
0000862668-24-000030,0000862668,ESCALON MEDICAL CORP  (ESMC),10-Q,2024-11-14,digital labor,2,mdna:2
0000864749-26-000015,0000864749,TRIMBLE INC.  (TRMB),10-K,2026-02-25,AI agents;agentic,2,business:2
0000872589-26-000025,0000872589,"REGENERON PHARMACEUTICALS, INC.  (REGN)",10-Q,2026-07-30,agentic,1,risk_factors:1
0000876167-25-000143,0000876167,PROGRESS SOFTWARE CORP /MA  (PRGS),10-Q,2025-09-29,agentic,1,other:1
0000876167-26-000008,0000876167,PROGRESS SOFTWARE CORP /MA  (PRGS),10-K,2026-01-20,AI agents;agentic,3,business:2;other:1
0000876167-26-000051,0000876167,PROGRESS SOFTWARE CORP /MA  (PRGS),10-Q,2026-03-31,agentic,1,other:1
0000876167-26-000078,0000876167,PROGRESS SOFTWARE CORP /MA  (PRGS),10-Q,2026-06-30,agentic,1,other:1
0000876167-26-000111,0000876167,PROGRESS SOFTWARE CORP /MA  (PRGS),10-Q,2026-09-30,agentic,1,other:1
0000876883-26-000010,0000876883,Stagwell Inc  (STGW),10-K,2026-03-13,agentic,1,business:1
0000877860-26-000053,0000877860,NATIONAL HEALTH INVESTORS INC  (NHI),10-K,2026-02-26,agentic,1,risk_factors:1
0000883948-26-000021,0000883948,"Atlantic Union Bankshares Corp  (AUB, AUB-PA)",10-K,2026-02-26,agentic,1,risk_factors:1
0000884144-22-000004,0000884144,ASURE SOFTWARE INC  (ASUR),10-K,2022-03-14,digital workers,1,business:1
0000884144-23-000012,0000884144,ASURE SOFTWARE INC  (ASUR),10-K,2023-02-27,digital workers,1,business:1
0000884144-24-000022,0000884144,ASURE SOFTWARE INC  (ASUR),10-K,2024-02-26,digital workers,1,business:1
0000884144-25-000012,0000884144,ASURE SOFTWARE INC  (ASUR),10-K,2025-03-06,digital workers,1,business:1
0000885550-26-000080,0000885550,CREDIT ACCEPTANCE CORP  (CACC),10-Q,2026-05-05,AI agent,1,mdna:1
0000885550-26-000182,0000885550,CREDIT ACCEPTANCE CORP  (CACC),10-Q,2026-08-04,AI agent,1,mdna:1
0000886206-25-000085,0000886206,FRANKLIN COVEY CO  (FC),10-K,2025-11-12,agentic,1,business:1
0000891103-26-000025,0000891103,"Match Group, Inc.  (MTCH)",10-K,2026-02-26,agentic,1,risk_factors:1
0000896878-25-000035,0000896878,INTUIT INC.  (INTU),10-K,2025-09-03,AI agents;agentic,7,business:6;mdna:1
0000896878-25-000048,0000896878,INTUIT INC.  (INTU),10-Q,2025-11-20,AI agents;agentic,4,mdna:4
0000896878-26-000014,0000896878,INTUIT INC.  (INTU),10-Q,2026-02-26,AI agents;agentic,4,mdna:4
0000896878-26-000025,0000896878,INTUIT INC.  (INTU),10-Q,2026-05-20,AI agents;agentic,4,mdna:4
0000896878-26-000037,0000896878,INTUIT INC.  (INTU),10-K,2026-09-09,AI agents;agentic,11,business:10;risk_factors:1
0000899051-26-000031,0000899051,"ALLSTATE CORP  (ALL, ALL-PB, ALL-PH, ALL-PI, ALL-PJ)",10-K,2026-02-20,agentic,1,business:1
0000907471-25-000116,0000907471,"PATHWARD FINANCIAL, INC.  (CASH)",10-K,2025-11-25,agentic,1,risk_factors:1
0000913341-26-000010,0000913341,C & F FINANCIAL CORP  (CFFI),10-K,2026-03-03,agentic,1,mdna:1
0000926326-26-000006,0000926326,"OMNICELL, INC.  (OMCL)",10-K,2026-02-26,agentic,1,risk_factors:1
0000927628-26-000024,0000927628,"CAPITAL ONE FINANCIAL CORP  (COF, COF-PI, COF-PJ, COF-PK, COF-PL, COF-PN)",10-K,2026-02-19,AI agents;agentic;autonomous agents,4,risk_factors:4
0000929008-26-000008,0000929008,WESCO INTERNATIONAL INC  (WCC),10-K,2026-02-13,agentic,1,risk_factors:1
0000930420-25-000197,0000930420,KFORCE INC  (KFRC),10-Q,2025-11-06,agentic,1,other:1
0000930420-26-000007,0000930420,KFORCE INC  (KFRC),10-K,2026-02-20,agentic,2,other:1;risk_factors:1
0000930420-26-000041,0000930420,KFORCE INC  (KFRC),10-Q,2026-04-29,agentic,1,other:1
0000930420-26-000063,0000930420,KFORCE INC  (KFRC),10-Q,2026-07-29,agentic,1,other:1
0000932696-26-000007,0000932696,INSIGHT ENTERPRISES INC  (NSIT),10-K,2026-02-12,agentic,5,other:2;risk_factors:3
0000932696-26-000050,0000932696,INSIGHT ENTERPRISES INC  (NSIT),10-Q,2026-05-07,agentic,2,other:2
0000932696-26-000070,0000932696,INSIGHT ENTERPRISES INC  (NSIT),10-Q,2026-08-06,agentic,2,other:2
0000933036-26-000008,0000933036,"UPBOUND GROUP, INC.  (UPBD)",10-K,2026-02-23,agentic,1,risk_factors:1
0000935036-26-000011,0000935036,"ACI WORLDWIDE, INC.  (ACIW)",10-K,2026-02-26,AI agents,1,mdna:1
0000935036-26-000021,0000935036,"ACI WORLDWIDE, INC.  (ACIW)",10-Q,2026-05-07,AI agents,1,mdna:1
0000935036-26-000028,0000935036,"ACI WORLDWIDE, INC.  (ACIW)",10-Q,2026-08-06,AI agents,1,mdna:1
0000936528-25-000117,0000936528,"WAFD INC  (WAFD, WAFDP)",10-K,2025-11-18,agentic,2,risk_factors:2
0000939767-26-000021,0000939767,"EXELIXIS, INC.  (EXEL)",10-K,2026-02-10,agentic,1,risk_factors:1
0000946673-26-000009,0000946673,BANNER CORP  (BANR),10-K,2026-02-25,agentic,2,business:1;risk_factors:1
0000950170-23-005072,0001402436,SS&C Technologies Holdings Inc  (SSNC),10-K,2023-02-28,digital workers,1,business:1
0000950170-24-022080,0001402436,SS&C Technologies Holdings Inc  (SSNC),10-K,2024-02-28,digital workers,2,business:2
0000950170-24-125412,0001580864,"Vroom, Inc.  (VRM)",10-Q,2024-11-12,AI agent,1,mdna:1
0000950170-24-133239,0001372612,"BOX INC  (BOX, BXNCP)",10-Q,2024-12-04,AI agents,1,mdna:1
0000950170-25-011087,0001078271,EXTREME NETWORKS INC  (EXTR),10-Q,2025-01-30,AI agents,2,mdna:2
0000950170-25-022369,0001699838,"Confluent, Inc.  (CFLT)",10-K,2025-02-18,agentic;autonomous agents,5,business:4;risk_factors:1
0000950170-25-024135,0001866692,"Amplitude, Inc.  (AMPL)",10-K,2025-02-20,agentic,1,business:1
0000950170-25-029980,0001725057,"Dayforce, Inc.  (DAY)",10-K,2025-02-28,AI agents,2,business:1;risk_factors:1
0000950170-25-030037,0001057379,"HACKETT GROUP, INC.  (HCKT)",10-K,2025-02-28,AI agents;agentic,4,business:4
0000950170-25-030421,0001402436,SS&C Technologies Holdings Inc  (SSNC),10-K,2025-03-03,digital workers,2,business:2
0000950170-25-036261,0001372612,"BOX INC  (BOX, BXNCP)",10-K,2025-03-10,AI agents,4,business:2;mdna:2
0000950170-25-037265,0001580864,"Vroom, Inc.  (VRM)",10-K,2025-03-11,AI agent,2,business:1;mdna:1
0000950170-25-042721,0001887944,Shimmick Corp  (SHIM),10-K,2025-03-20,digital labor,1,business:1
0000950170-25-048724,0001823466,"FiscalNote Holdings, Inc.  (NOTE, NOTE-WT)",10-K,2025-04-01,agentic,3,business:3
0000950170-25-061046,0000789019,MICROSOFT CORP  (MSFT),10-Q,2025-04-30,agentic,1,risk_factors:1
0000950170-25-061127,0001699838,"Confluent, Inc.  (CFLT)",10-Q,2025-04-30,autonomous agents,1,risk_factors:1
0000950170-25-061827,0001078271,EXTREME NETWORKS INC  (EXTR),10-Q,2025-05-01,AI agents,2,mdna:2
0000950170-25-071481,0001580864,"Vroom, Inc.  (VRM)",10-Q,2025-05-14,AI agent,1,mdna:1
0000950170-25-078934,0001372612,"BOX INC  (BOX, BXNCP)",10-Q,2025-05-29,AI agents,1,mdna:1
0000950170-25-087926,0001341439,ORACLE CORP  (ORCL),10-K,2025-06-18,agentic,2,business:1;risk_factors:1
0000950170-25-098656,0001056696,MANHATTAN ASSOCIATES INC  (MANH),10-Q,2025-07-25,agentic,1,mdna:1
0000950170-25-100235,0000789019,MICROSOFT CORP  (MSFT),10-K,2025-07-30,agentic,3,business:2;risk_factors:1
0000950170-25-100557,0001626450,"Commerce.com, Inc.  (BIGC)",10-Q,2025-07-31,agentic,2,mdna:2
0000950170-25-104357,0001866692,"Amplitude, Inc.  (AMPL)",10-Q,2025-08-07,AI agents,2,mdna:2
0000950170-25-105110,0001580864,"Vroom, Inc.  (VRM, VRMWW)",10-Q,2025-08-07,AI agent,1,mdna:1
0000950170-25-105867,0001800667,JFrog Ltd  (FROG),10-Q,2025-08-08,agentic,1,risk_factors:1
0000950170-25-105877,0001665300,"Phunware, Inc.  (PHUN)",10-Q,2025-08-08,agentic,3,mdna:3
0000950170-25-108949,0001785056,"Interactive Strength, Inc.  (TRNR)",10-Q,2025-08-14,AI agents,1,risk_factors:1
0000950170-25-109742,0001078271,EXTREME NETWORKS INC  (EXTR),10-K,2025-08-18,AI agents;agentic,9,business:8;mdna:1
0000950170-25-111701,0001372612,BOX INC  (BOX),10-Q,2025-08-27,AI agent;AI agents,2,mdna:2
0001002638-25-000096,0001002638,OPEN TEXT CORP  (OTEX),10-Q,2025-11-05,agentic,1,mdna:1
0001002638-26-000021,0001002638,OPEN TEXT CORP  (OTEX),10-Q,2026-02-05,agentic,1,mdna:1
0001002638-26-000046,0001002638,OPEN TEXT CORP  (OTEX),10-Q,2026-05-07,agentic,1,mdna:1
0001002638-26-000068,0001002638,OPEN TEXT CORP  (OTEX),10-K,2026-08-06,AI agents;agentic,8,business:6;mdna:1;risk_factors:1
0001002910-26-000009,0001002910,AMEREN CORP  (AEE),10-K,2026-02-18,agentic,4,business:1;other:1;risk_factors:2
0001002910-26-000015,0001002910,AMEREN CORP  (AEE),10-Q,2026-05-08,agentic,1,other:1
0001002910-26-000023,0001002910,AMEREN CORP  (AEE),10-Q,2026-08-03,agentic,1,other:1
0001013857-26-000017,0001013857,PEGASYSTEMS INC  (PEGA),10-K,2026-02-10,agentic,1,business:1
0001018840-26-000012,0001018840,ABERCROMBIE & FITCH CO /DE/  (ANF),10-K,2026-03-26,agentic,1,risk_factors:1
0001020569-26-000013,0001020569,IRON MOUNTAIN INC  (IRM),10-K,2026-02-12,AI agents,1,business:1
0001023731-26-000041,0001023731,8X8 INC /DE/  (EGHT),10-K,2026-05-22,AI agents;agentic,4,business:3;mdna:1
0001023731-26-000114,0001023731,8X8 INC /DE/  (EGHT),10-Q,2026-08-05,agentic,1,mdna:1
0001031308-25-000002,0001031308,BENTLEY SYSTEMS INC  (BSY),10-K,2025-02-26,AI agents,1,business:1
0001031308-26-000007,0001031308,BENTLEY SYSTEMS INC  (BSY),10-K,2026-02-26,AI agents,2,business:2
0001032975-26-000021,0001032975,LOGITECH INTERNATIONAL S.A.  (LOGI),10-K,2026-05-21,AI agents,1,risk_factors:1
0001038509-26-000008,0001038509,PRUCO LIFE INSURANCE OF NEW JERSEY,10-K,2026-03-06,agentic,2,risk_factors:2
0001043000-25-000010,0001043000,"SONIDA SENIOR LIVING, INC.  (SNDA)",10-K,2025-03-17,agentic,1,risk_factors:1
0001043000-26-000009,0001043000,"SONIDA SENIOR LIVING, INC.  (SNDA)",10-K,2026-03-12,agentic,1,risk_factors:1
0001043277-26-000009,0001043277,"C. H. ROBINSON WORLDWIDE, INC.  (CHRW)",10-K,2026-02-13,AI agents;agentic,4,business:4
0001044777-26-000008,0001044777,OneSpan Inc.  (OSPN),10-K,2026-02-26,agentic,1,business:1
0001045810-25-000023,0001045810,NVIDIA CORP  (NVDA),10-K,2025-02-26,AI agents;agentic,2,business:2
0001045810-25-000116,0001045810,NVIDIA CORP  (NVDA),10-Q,2025-05-28,agentic,2,mdna:2
0001045810-25-000209,0001045810,NVIDIA CORP  (NVDA),10-Q,2025-08-27,agentic,2,mdna:2
0001045810-25-000230,0001045810,NVIDIA CORP  (NVDA),10-Q,2025-11-19,agentic,2,mdna:2
0001045810-26-000021,0001045810,NVIDIA CORP  (NVDA),10-K,2026-02-25,AI agents;agentic,10,business:10
0001045810-26-000052,0001045810,NVIDIA CORP  (NVDA),10-Q,2026-05-20,agentic,1,mdna:1
0001048695-25-000157,0001048695,"F5, INC.  (FFIV)",10-K,2025-11-25,agentic,1,other:1
0001048695-26-000023,0001048695,"F5, INC.  (FFIV)",10-Q,2026-02-05,agentic,1,other:1
0001048695-26-000051,0001048695,"F5, INC.  (FFIV)",10-Q,2026-05-05,agentic,1,other:1
0001048695-26-000067,0001048695,"F5, INC.  (FFIV)",10-Q,2026-08-06,agentic,1,other:1
0001049521-26-000024,0001049521,MERCURY SYSTEMS INC  (MRCY),10-Q,2026-05-05,agentic,1,mdna:1
0001049521-26-000045,0001049521,MERCURY SYSTEMS INC  (MRCY),10-K,2026-08-18,agentic,3,mdna:1;risk_factors:2
0001050446-26-000020,0001050446,"Strategy Inc  (MSTR, STRC, STRD, STRF, STRK)",10-K,2026-02-19,AI agents,1,business:1
0001058290-26-000008,0001058290,COGNIZANT TECHNOLOGY SOLUTIONS CORP  (CTSH),10-K,2026-02-12,agentic,2,business:2
0001065088-26-000027,0001065088,EBAY INC  (EBAY),10-K,2026-02-19,AI agents,2,risk_factors:2
0001075531-25-000010,0001075531,Booking Holdings Inc.  (BKNG),10-K,2025-02-20,AI agents,2,business:1;risk_factors:1
0001075531-26-000009,0001075531,Booking Holdings Inc.  (BKNG),10-K,2026-02-18,AI agents;agentic,3,risk_factors:3
0001079973-25-001836,0001843714,"Zapata Quantum, Inc.",10-K,2025-12-09,agentic,1,other:1
0001079973-26-000401,0001843714,"Zapata Quantum, Inc.  (ZPTA, ZPTAW)",10-K,2026-03-31,agentic,1,other:1
0001079973-26-000408,0001745078,"Vynleads, Inc.  (VYND)",10-K,2026-03-31,AI agent;AI agents;agentic,23,business:14;other:2;risk_factors:7
0001079973-26-000844,0001745078,"Vynleads, Inc.  (VYND)",10-Q,2026-06-16,agentic,1,other:1
0001079973-26-001129,0001745078,"Vynleads, Inc.  (VYND)",10-Q,2026-08-14,agentic,1,other:1
0001084765-26-000051,0001084765,"RESOURCES CONNECTION, INC.  (RGP)",10-K,2026-07-24,agentic,1,risk_factors:1
0001086222-26-000022,0001086222,AKAMAI TECHNOLOGIES INC  (AKAM),10-K,2026-02-20,AI agent;AI agents;agentic,4,business:4
0001091818-25-000017,0000894501,"GOLD ROCK HOLDINGS, INC.  (GRHI)",10-K,2025-03-25,AI agent,2,other:2
0001091818-25-000050,0000894501,"GOLD ROCK HOLDINGS, INC.  (GRHI)",10-Q,2025-05-06,AI agent,1,mdna:1
0001091818-25-000083,0000894501,"GOLD ROCK HOLDINGS, INC.  (GRHI)",10-Q,2025-08-01,AI agent,2,mdna:1;other:1
0001091818-25-000144,0000894501,"GOLD ROCK HOLDINGS, INC.  (GRHI)",10-Q,2025-11-04,AI agent,2,mdna:1;other:1
0001091818-26-000026,0000894501,"GOLD ROCK HOLDINGS, INC.  (GRHI)",10-K,2026-03-27,AI agent,1,other:1
0001091818-26-000055,0000894501,"GOLD ROCK HOLDINGS, INC.  (GRHI)",10-Q,2026-05-06,AI agent,1,mdna:1
0001091818-26-000111,0000894501,"GOLD ROCK HOLDINGS, INC.  (GRHI)",10-Q,2026-08-10,AI agent,1,mdna:1
0001096906-25-000593,0001848672,Glidelogic Corp.  (GDLG),10-K,2025-04-25,AI agent;AI agents;agentic,4,business:4
0001097149-25-000064,0001097149,ALIGN TECHNOLOGY INC  (ALGN),10-Q,2025-08-06,agentic,1,risk_factors:1
0001097149-25-000079,0001097149,ALIGN TECHNOLOGY INC  (ALGN),10-Q,2025-11-05,agentic,1,risk_factors:1
0001097149-26-000060,0001097149,ALIGN TECHNOLOGY INC  (ALGN),10-Q,2026-08-05,agentic,2,risk_factors:2
0001099590-26-000006,0001099590,MERCADOLIBRE INC  (MELI),10-K,2026-02-25,AI agents;agentic;autonomous agents,5,business:2;other:1;risk_factors:2
0001101215-25-000135,0001101215,"BREAD FINANCIAL HOLDINGS, INC.  (BFH)",10-Q,2025-07-29,agentic,1,other:1
0001101215-25-000173,0001101215,"BREAD FINANCIAL HOLDINGS, INC.  (BFH)",10-Q,2025-10-28,agentic,1,other:1
0001101215-26-000016,0001101215,"BREAD FINANCIAL HOLDINGS, INC.  (BFH, BFH-PA)",10-K,2026-02-13,AI agents;agentic;autonomous agents,10,business:2;other:1;risk_factors:7
0001101215-26-000040,0001101215,"BREAD FINANCIAL HOLDINGS, INC.  (BFH, BFH-PA)",10-Q,2026-04-28,agentic,1,other:1
0001101215-26-000074,0001101215,"BREAD FINANCIAL HOLDINGS, INC.  (BFH, BFH-PA, BFH-PB)",10-Q,2026-07-28,agentic,1,other:1
0001101239-26-000032,0001101239,EQUINIX INC  (EQIX),10-K,2026-02-11,agentic,1,business:1
0001102993-26-000014,0001102993,LIVEPERSON INC  (LPSN),10-K,2026-03-16,AI agents,1,business:1
0001104659-25-089540,0001066194,EGAIN Corp  (EGAN),10-K,2025-09-12,AI agent;agentic,5,business:5
0001104659-25-112637,0001682149,Datavault AI Inc.  (DVLT),10-Q,2025-11-14,AI agents,1,mdna:1
0001104659-25-112648,0001839530,"XBP Global Holdings, Inc.  (XBP, XBPEW)",10-Q,2025-11-14,agentic,2,other:2
0001104659-26-020655,0000903651,INNODATA INC  (INOD),10-K,2026-02-26,AI agents;agentic;autonomous agents,22,business:15;other:7
0001104659-26-021479,0001130144,SIERRA BANCORP  (BSRR),10-K,2026-02-27,agentic,3,business:3
0001104659-26-024573,0001371489,Information Services Group Inc.  (III),10-K,2026-03-06,agentic,1,mdna:1
0001104659-26-031270,0000707605,AMERISERV FINANCIAL INC /PA/  (ASRV),10-K,2026-03-18,agentic,1,business:1
0001104659-26-031280,0001682149,Datavault AI Inc.  (DVLT),10-K,2026-03-18,AI agent;AI agents;agentic,7,business:6;other:1
0001104659-26-031621,0001533998,DarioHealth Corp.  (DRIO),10-K,2026-03-19,AI agents;agentic,5,business:5
0001104659-26-035243,0001403568,"Ulta Beauty, Inc.  (ULTA)",10-K,2026-03-26,agentic,1,risk_factors:1
0001104659-26-036884,0001780201,"Lulu's Fashion Lounge Holdings, Inc.  (LVLU)",10-K,2026-03-30,agentic,1,risk_factors:1
0001104659-26-037421,0001839530,"XBP Global Holdings, Inc.  (XBP, XBPEW)",10-K,2026-03-31,agentic,14,business:9;mdna:1;other:1;risk_factors:3
0001104659-26-037723,0000056873,KROGER CO  (KR),10-K,2026-03-31,AI agents;agentic,4,risk_factors:4
0001104659-26-043782,0001479419,"KALA BIO, Inc.  (KALA)",10-K,2026-04-15,AI agents;agentic,12,business:7;other:3;risk_factors:2
0001104659-26-057270,0000903651,INNODATA INC  (INOD),10-Q,2026-05-07,AI agents;agentic;autonomous agents,7,mdna:7
0001104659-26-061184,0001066194,EGAIN Corp  (EGAN),10-Q,2026-05-14,AI agents,2,mdna:1;other:1
0001104659-26-062397,0001479419,"KALA BIO, Inc.  (KALA)",10-Q,2026-05-15,agentic,5,mdna:1;other:4
0001104659-26-062511,0001839530,"XBP Global Holdings, Inc.  (XBP, XBPEW)",10-Q,2026-05-15,agentic,4,mdna:3;other:1
0001104659-26-067881,0001867072,"Kyndryl Holdings, Inc.  (KD)",10-K,2026-05-29,AI agents;agentic,16,business:12;risk_factors:4
0001104659-26-085459,0000001750,AAR CORP  (AIR),10-K,2026-07-22,agentic,2,business:1;mdna:1
0001104659-26-091158,0000103145,VEECO INSTRUMENTS INC  (VECO),10-Q,2026-08-05,agentic,1,mdna:1
0001104659-26-092021,0000903651,INNODATA INC  (INOD),10-Q,2026-08-06,AI agents;agentic;autonomous agents,7,mdna:7
0001104659-26-097350,0001839530,"XBP Global Holdings, Inc.  (XBP, XBPEW)",10-Q,2026-08-14,agentic,4,mdna:3;other:1
0001104659-26-098783,0001479419,"KALA BIO, Inc.  (KALA)",10-Q,2026-08-19,agentic,5,mdna:1;other:4
0001104659-26-106739,0001066194,EGAIN Corp  (EGAN),10-K,2026-09-10,AI agent;AI agents;agentic,15,business:12;mdna:1;other:1;risk_factors:1
0001104659-26-111786,0000001750,AAR CORP  (AIR),10-Q,2026-09-29,agentic,1,mdna:1
0001108524-24-000034,0001108524,"Salesforce, Inc.  (CRM)",10-Q,2024-12-04,AI agents;agentic,5,mdna:2;other:1;risk_factors:2
0001108524-25-000006,0001108524,"Salesforce, Inc.  (CRM)",10-K,2025-03-05,AI agent;AI agents;agentic;digital labor,40,business:33;mdna:3;other:1;risk_factors:3
0001108524-25-000030,0001108524,"Salesforce, Inc.  (CRM)",10-Q,2025-05-29,AI agents;agentic,7,mdna:3;other:1;risk_factors:3
0001108524-25-000088,0001108524,"Salesforce, Inc.  (CRM)",10-Q,2025-09-04,AI agents;agentic,9,mdna:5;other:1;risk_factors:3
0001108524-25-000238,0001108524,"Salesforce, Inc.  (CRM)",10-Q,2025-12-04,AI agents;agentic,8,mdna:4;other:1;risk_factors:3
0001108524-26-000060,0001108524,"Salesforce, Inc.  (CRM)",10-K,2026-03-02,AI agent;AI agents;agentic;autonomous agents;digital labor,42,business:32;mdna:5;other:1;risk_factors:4
0001108524-26-000127,0001108524,"Salesforce, Inc.  (CRM)",10-Q,2026-05-28,AI agent;AI agents;agentic;autonomous agents,16,mdna:7;other:2;risk_factors:7
0001108524-26-000190,0001108524,"Salesforce, Inc.  (CRM)",10-Q,2026-08-27,AI agent;AI agents;agentic;autonomous agents,16,mdna:7;other:2;risk_factors:7
0001116132-26-000018,0001116132,"TAPESTRY, INC.  (TPR)",10-K,2026-08-13,agentic,1,business:1
0001127703-26-000013,0001127703,PROASSURANCE CORP  (PRA),10-K/A,2026-04-08,AI agents,1,other:1
0001136893-26-000013,0001136893,"Fidelity National Information Services, Inc.  (FIS)",10-K,2026-02-24,agentic,1,business:1
0001137774-26-000048,0001137774,"PRUDENTIAL FINANCIAL INC  (PFH, PRH, PRS, PRU)",10-K,2026-02-12,agentic,2,risk_factors:2
0001138118-26-000005,0001138118,"CBRE GROUP, INC.  (CBRE)",10-K,2026-02-12,agentic,1,risk_factors:1
0001140361-25-020204,0001022408,EPLUS INC  (PLUS),10-K,2025-05-22,agentic,1,risk_factors:1
0001140361-26-023171,0001022408,EPLUS INC  (PLUS),10-K,2026-05-28,agentic,1,risk_factors:1
0001141391-26-000013,0001141391,Mastercard Inc  (MA),10-K,2026-02-11,agentic,6,business:5;risk_factors:1
0001163370-26-000007,0001163370,NORTHRIM BANCORP INC  (NRIM),10-K,2026-03-06,agentic,1,risk_factors:1
0001170010-25-000118,0001170010,CARMAX INC  (KMX),10-Q,2025-09-26,agentic,1,mdna:1
0001170010-26-000104,0001170010,CARMAX INC  (KMX),10-Q,2026-09-30,agentic,1,mdna:1
0001171843-26-003454,0001376321,ZW Data Action Technologies Inc.  (CNET),10-Q,2026-05-15,AI agent;AI agents,2,mdna:1;other:1
0001171843-26-005526,0001376321,ZW Data Action Technologies Inc.  (CNET),10-Q,2026-08-14,AI agent;AI agents,2,mdna:1;other:1
0001172052-26-000005,0001172052,SAFETY INSURANCE GROUP INC  (SAFT),10-K,2026-02-27,agentic,1,business:1
0001185185-26-001885,0001326205,"IGC Pharma, Inc.  (IGC)",10-Q,2026-05-15,agentic,3,other:3
0001185185-26-003544,0001326205,"IGC Pharma, Inc.  (IGC)",10-Q,2026-08-14,agentic,6,mdna:3;other:3
0001185185-26-003553,0001314196,"OLB GROUP, INC.  (OLB)",10-Q,2026-08-14,AI agents;agentic,18,other:18
0001193125-25-118506,0001356570,WNS (HOLDINGS) LTD  (WNS),10-K,2025-05-13,agentic,6,business:5;risk_factors:1
0001193125-25-213801,0001618732,"Nutanix, Inc.  (NTNX)",10-K,2025-09-24,agentic,6,business:2;mdna:1;other:1;risk_factors:2
0001193125-25-249633,0001056696,MANHATTAN ASSOCIATES INC  (MANH),10-Q,2025-10-24,agentic,1,mdna:1
0001193125-25-256321,0000789019,MICROSOFT CORP  (MSFT),10-Q,2025-10-29,agentic,1,risk_factors:1
0001193125-25-258554,0001078271,EXTREME NETWORKS INC  (EXTR),10-Q,2025-10-30,AI agents;agentic,6,mdna:6
0001193125-25-267492,0001866692,"Amplitude, Inc.  (AMPL)",10-Q,2025-11-06,AI agents,2,mdna:2
0001193125-25-268071,0001626450,"Commerce.com, Inc.  (CMRC)",10-Q,2025-11-06,agentic,2,mdna:2
0001193125-25-272362,0001800667,JFrog Ltd  (FROG),10-Q,2025-11-07,agentic,1,risk_factors:1
0001193125-25-272407,0001665300,"Phunware, Inc.  (PHUN)",10-Q,2025-11-07,agentic,3,mdna:3
0001193125-25-274273,0001580864,"Vroom, Inc.  (VRM, VRMWW)",10-Q,2025-11-10,AI agent,1,mdna:1
0001193125-25-277264,0002044820,"VistaOne, L.P.",10-Q,2025-11-12,agentic,1,mdna:1
0001193125-25-280122,0001368458,"Sally Beauty Holdings, Inc.  (SBH)",10-K,2025-11-13,agentic,1,risk_factors:1
0001193125-25-283081,0001785056,"Interactive Strength, Inc.  (TRNR)",10-Q,2025-11-14,AI agents,1,risk_factors:1
0001193125-25-306665,0001372612,BOX INC  (BOX),10-Q,2025-12-03,AI agent;AI agents;agentic,4,mdna:4
0001193125-25-308095,0001618732,"Nutanix, Inc.  (NTNX)",10-Q,2025-12-04,agentic,2,mdna:1;other:1
0001193125-25-316190,0002063196,Netskope Inc  (NTSK),10-Q,2025-12-11,AI agents,1,mdna:1
0001193125-26-021017,0000087347,SLB LIMITED/NV  (SLB),10-K,2026-01-23,agentic,1,business:1
0001193125-26-027207,0000789019,MICROSOFT CORP  (MSFT),10-Q,2026-01-28,agentic,1,risk_factors:1
0001193125-26-029334,0001078271,EXTREME NETWORKS INC  (EXTR),10-Q,2026-01-29,AI agents;agentic,6,mdna:6
0001193125-26-037138,0001056696,MANHATTAN ASSOCIATES INC  (MANH),10-K,2026-02-04,agentic,23,business:3;other:1;risk_factors:19
0001193125-26-046646,0001404655,HUBSPOT INC  (HUBS),10-K,2026-02-11,AI agent;AI agents;agentic,12,business:4;mdna:2;other:1;risk_factors:5
0001193125-26-051382,0001800667,JFrog Ltd  (FROG),10-K,2026-02-13,AI agent;AI agents;agentic,18,business:15;risk_factors:3
0001193125-26-051433,0000906107,EQUITY RESIDENTIAL  (EQR),10-K,2026-02-13,agentic,1,risk_factors:1
0001193125-26-056015,0001385280,"Cinemark Holdings, Inc.  (CNK)",10-K,2026-02-18,agentic,1,risk_factors:1
0001193125-26-057847,0001866692,"Amplitude, Inc.  (AMPL)",10-K,2026-02-19,AI agent;AI agents;agentic,9,business:7;mdna:1;risk_factors:1
0001193125-26-059435,0001494259,"CarGurus, Inc.  (CARG)",10-K,2026-02-19,agentic,1,business:1
0001193125-26-059632,0001005757,CSG SYSTEMS INTERNATIONAL INC  (CSGS),10-K,2026-02-19,agentic,1,risk_factors:1
0001193125-26-062456,0001758488,ONESPAWORLD HOLDINGS Ltd  (OSW),10-K,2026-02-23,agentic,2,business:1;mdna:1
0001193125-26-064756,0000853816,LANDSTAR SYSTEM INC  (LSTR),10-K,2026-02-24,agentic,1,business:1
0001193125-26-066959,0001657573,"Xometry, Inc.  (XMTR)",10-K,2026-02-24,agentic,3,risk_factors:3
0001193125-26-066961,0001717115,"Tempus AI, Inc.  (TEM)",10-K,2026-02-24,agentic,3,business:1;risk_factors:2
0001193125-26-067009,0001278021,MARKETAXESS HOLDINGS INC  (MKTX),10-K,2026-02-24,agentic,3,risk_factors:3
0001193125-26-067448,0001818201,CCC Intelligent Solutions Holdings Inc.  (CCC),10-K,2026-02-24,agentic,2,risk_factors:2
0001193125-26-069307,0001140536,WILLIS TOWERS WATSON PLC  (WTW),10-K,2026-02-25,agentic,7,risk_factors:7
0001193125-26-076546,0001683606,Cars.com Inc.  (CARS),10-K,2026-02-26,agentic,1,risk_factors:1
0001193125-26-076615,0001527753,"Personalis, Inc.  (PSNL)",10-K,2026-02-26,agentic,1,risk_factors:1
0001193125-26-076632,0001782524,Morgan Stanley Direct Lending Fund  (MSDL),10-K,2026-02-26,agentic,1,risk_factors:1
0001193125-26-076745,0001402436,SS&C Technologies Holdings Inc  (SSNC),10-K,2026-02-26,AI agent;AI agents;agentic;digital workers,24,business:24
0001193125-26-076771,0001889956,"OneStream, Inc.  (OS)",10-K,2026-02-26,agentic,2,business:2
0001193125-26-077057,0001570827,"Victory Capital Holdings, Inc.  (VCTR)",10-K,2026-02-26,agentic,3,risk_factors:3
0001193125-26-082642,0001913577,"Semnur Pharmaceuticals, Inc.  (SMNR, SMNRW)",10-K,2026-02-27,agentic,1,risk_factors:1
0001193125-26-082824,0001673358,"Yum China Holdings, Inc.  (YUMC)",10-K,2026-02-27,agentic,1,business:1
0001193125-26-082863,0001057379,"HACKETT GROUP, INC.  (HCKT)",10-K,2026-02-27,agentic,7,business:7
0001193125-26-083194,0001702750,"BYLINE BANCORP, INC.  (BY)",10-K,2026-02-27,agentic,1,risk_factors:1
0001193125-26-085397,0001618732,"Nutanix, Inc.  (NTNX)",10-Q,2026-03-02,agentic,2,mdna:1;other:1
0001193125-26-085572,0001885968,T Series Middle Market Loan Fund LLC,10-K,2026-03-02,agentic,1,risk_factors:1
0001193125-26-085687,0001626450,"Commerce.com, Inc.  (CMRC)",10-K,2026-03-02,agentic,9,business:2;mdna:7
0001193125-26-088351,0001973476,North Haven Private Income Fund A LLC,10-K,2026-03-03,agentic,1,risk_factors:1
0001193125-26-088367,0001851322,North Haven Private Income Fund LLC,10-K,2026-03-03,agentic,1,risk_factors:1
0001193125-26-088391,0001768224,Arcturus Therapeutics Holdings Inc.  (ARCT),10-K,2026-03-03,AI agents,1,risk_factors:1
0001193125-26-091583,0001983514,LGAM Private Credit LLC,10-K,2026-03-04,agentic,1,risk_factors:1
0001193125-26-091861,0002028686,SL Investment Fund II LLC,10-K,2026-03-04,agentic,1,risk_factors:1
0001193125-26-093917,0001314102,"EyePoint, Inc.  (EYPT)",10-K,2026-03-05,agentic,1,risk_factors:1
0001193125-26-098466,0001372612,BOX INC  (BOX),10-K,2026-03-09,AI agent;AI agents;agentic,6,business:3;mdna:3
0001193125-26-098616,0000712034,ACCO BRANDS Corp  (ACCO),10-K,2026-03-09,agentic,1,risk_factors:1
0001193125-26-099362,0001789972,"Cullinan Therapeutics, Inc.  (CGEM)",10-K,2026-03-10,AI agents,1,risk_factors:1
0001193125-26-100121,0001000209,"MEDALLION FINANCIAL CORP  (MFIN, MBNKO)",10-K,2026-03-10,agentic,2,risk_factors:2
0001193125-26-103276,0001609809,"Seres Therapeutics, Inc.  (MCRB)",10-K,2026-03-12,agentic,3,business:1;mdna:1;other:1
0001193125-26-105064,0001887944,Shimmick Corp  (SHIM),10-K,2026-03-13,digital labor,1,business:1
0001193125-26-107169,0001750284,"Olema Pharmaceuticals, Inc.  (OLMA)",10-K,2026-03-16,agentic,1,risk_factors:1
0001193125-26-108887,0001788451,Ethos Technologies Inc.  (LIFE),10-K,2026-03-17,AI agents,1,risk_factors:1
0001193125-26-119321,0001280263,AMBARELLA INC  (AMBA),10-K,2026-03-23,AI agent;AI agents;agentic,14,business:14
0001193125-26-120769,0001823466,"FiscalNote Holdings, Inc.  (NOTE, NOTE-WT)",10-K,2026-03-24,agentic,19,business:15;mdna:2;other:2
0001193125-26-124538,0001849894,MSD Investment Corp.,10-K,2026-03-26,AI agents,1,risk_factors:1
0001193125-26-126253,0001580864,"Vroom, Inc.  (VRM, VRMWW)",10-K,2026-03-26,AI agent,2,business:1;mdna:1
0001193125-26-126850,0001665300,"Phunware, Inc.  (PHUN)",10-K,2026-03-27,agentic,8,business:4;mdna:4
0001193125-26-134714,0001826011,"Banzai International, Inc.  (BNZI, BNZIW)",10-K,2026-03-31,agentic,3,business:1;mdna:2
0001193125-26-135011,0002063196,Netskope Inc  (NTSK),10-K,2026-03-31,AI agent;AI agents;agentic,9,business:8;mdna:1
0001193125-26-144057,0001738177,"Cambium Networks Corp  (CMBM, CMBMF)",10-K,2026-04-07,AI agent,1,business:1
0001193125-26-156999,0002069785,"Gloo Holdings, Inc.  (GLOO)",10-K,2026-04-15,AI agents;agentic,12,business:8;mdna:4
0001193125-26-175715,0001056696,MANHATTAN ASSOCIATES INC  (MANH),10-Q,2026-04-24,agentic,2,mdna:2
0001193125-26-191507,0000789019,MICROSOFT CORP  (MSFT),10-Q,2026-04-29,agentic;autonomous agents,2,risk_factors:2
0001193125-26-197200,0001078271,EXTREME NETWORKS INC  (EXTR),10-Q,2026-04-30,AI agents;agentic,6,mdna:6
0001193125-26-199522,0001758488,ONESPAWORLD HOLDINGS Ltd  (OSW),10-Q,2026-05-01,agentic,1,mdna:1
0001193125-26-201759,0001738177,Cambium Networks Corp  (CMBMF),10-K,2026-05-01,AI agent,1,business:1
0001193125-26-205434,0001609809,"Seres Therapeutics, Inc.  (MCRB)",10-Q,2026-05-05,agentic,2,mdna:1;other:1
0001193125-26-209631,0001866692,"Amplitude, Inc.  (AMPL)",10-Q,2026-05-07,AI agents,4,mdna:3;risk_factors:1
0001193125-26-210321,0001626450,"Commerce.com, Inc.  (CMRC)",10-Q,2026-05-07,agentic,4,mdna:4
0001193125-26-211864,0001683606,Cars.com Inc.  (CARS),10-Q,2026-05-07,agentic,1,other:1
0001193125-26-211896,0001527753,"Personalis, Inc.  (PSNL)",10-Q,2026-05-07,agentic,1,risk_factors:1
0001193125-26-212122,0001404655,HUBSPOT INC  (HUBS),10-Q,2026-05-07,AI agents;agentic,8,mdna:2;other:1;risk_factors:5
0001193125-26-214620,0001788451,Ethos Technologies Inc.  (LIFE),10-Q,2026-05-08,AI agents;agentic,3,risk_factors:3
0001193125-26-214647,0001800667,JFrog Ltd  (FROG),10-Q,2026-05-08,AI agents;agentic,3,risk_factors:3
0001193125-26-216740,0001665300,"Phunware, Inc.  (PHUN)",10-Q,2026-05-11,agentic,5,mdna:5
0001193125-26-217061,0001823466,"FiscalNote Holdings, Inc.  (NOTE, NOTEW)",10-Q,2026-05-11,agentic,4,mdna:2;other:2
0001193125-26-218156,0001750284,"Olema Pharmaceuticals, Inc.  (OLMA)",10-Q,2026-05-12,agentic,1,risk_factors:1
0001193125-26-221896,0001913577,"Semnur Pharmaceuticals, Inc.  (SMNR, SMNRW)",10-Q,2026-05-13,agentic,1,risk_factors:1
0001193125-26-224748,0001580864,"Vroom, Inc.  (VRM, VRMWW)",10-Q,2026-05-15,AI agent,1,mdna:1
0001193125-26-241872,0001372612,"BOX INC  (BOX, BXCAP)",10-Q,2026-05-27,AI agents;agentic,2,mdna:2
0001193125-26-248282,0001618732,"Nutanix, Inc.  (NTNX)",10-Q,2026-05-29,agentic,2,mdna:1;other:1
0001193125-26-255732,0002063196,Netskope Inc  (NTSK),10-Q,2026-06-03,AI agents,1,mdna:1
0001193125-26-259683,0001002047,"NetApp, Inc.  (NTAP)",10-K,2026-06-05,agentic,3,business:2;risk_factors:1
0001193125-26-263889,0002069785,"Gloo Holdings, Inc.  (GLOO)",10-Q,2026-06-09,AI agents;agentic,5,mdna:5
0001193125-26-277521,0001341439,"ORACLE CORP  (ORCL, ORCL-PD)",10-K,2026-06-22,AI agent;agentic,3,business:2;risk_factors:1
0001193125-26-307785,0000723531,PAYCHEX INC  (PAYX),10-K,2026-07-17,agentic,3,business:1;mdna:1;risk_factors:1
0001193125-26-323660,0000789019,MICROSOFT CORP  (MSFT),10-K,2026-07-29,agentic;autonomous agents,6,business:2;risk_factors:4
0001193125-26-326259,0001758488,ONESPAWORLD HOLDINGS Ltd  (OSW),10-Q,2026-07-30,agentic,1,mdna:1
0001193125-26-327591,0001056696,MANHATTAN ASSOCIATES INC  (MANH),10-Q,2026-07-31,agentic,2,mdna:2
0001193125-26-332817,0001527753,"Personalis, Inc.  (PSNL)",10-Q,2026-08-04,agentic,1,risk_factors:1
0001193125-26-332834,0001580864,"Vroom, Inc.  (VRM, VRMWW)",10-Q,2026-08-04,AI agent,1,mdna:1
0001193125-26-332938,0001746618,"Revolve Group, Inc.  (RVLV)",10-Q,2026-08-04,agentic,1,risk_factors:1
0001193125-26-333902,0001851003,Zeta Global Holdings Corp.  (ZETA),10-Q,2026-08-05,agentic,1,other:1
0001193125-26-334174,0001609809,"Seres Therapeutics, Inc.  (MCRB)",10-Q,2026-08-05,agentic,2,mdna:1;other:1
0001193125-26-335209,0001788451,Ethos Technologies Inc.  (LIFE),10-Q,2026-08-05,AI agents;agentic,3,risk_factors:3
0001193125-26-335232,0001404655,HUBSPOT INC  (HUBS),10-Q,2026-08-05,AI agent;agentic,9,mdna:3;other:1;risk_factors:5
0001193125-26-335706,0001866692,"Amplitude, Inc.  (AMPL)",10-Q,2026-08-06,AI agents,5,mdna:4;risk_factors:1
0001193125-26-336710,0001626450,"Commerce.com, Inc.  (CMRC)",10-Q,2026-08-06,agentic,1,mdna:1
0001193125-26-337949,0001683606,Cars.com Inc.  (CARS),10-Q,2026-08-06,agentic,1,other:1
0001193125-26-340267,0001873951,"Exzeo Group, Inc.  (XZO)",10-Q,2026-08-07,agentic,1,other:1
0001193125-26-340294,0001800667,JFrog Ltd  (FROG),10-Q,2026-08-07,AI agents;agentic,4,risk_factors:4
0001193125-26-342349,0001665300,"Phunware, Inc.  (PHUN)",10-Q,2026-08-10,agentic,5,mdna:5
0001193125-26-342383,0001750284,"Olema Pharmaceuticals, Inc.  (OLMA)",10-Q,2026-08-10,agentic,1,risk_factors:1
0001193125-26-342489,0000005981,AMERICAN VANGUARD CORP  (AVD),10-Q,2026-08-10,agentic,5,risk_factors:5
0001193125-26-342594,0001913577,"Semnur Pharmaceuticals, Inc.  (SMNR, SMNRW)",10-Q,2026-08-10,agentic,1,risk_factors:1
0001193125-26-342638,0001823466,"FiscalNote Holdings, Inc.  (NOTE, NOTEW)",10-Q,2026-08-10,agentic,4,mdna:2;other:2
0001193125-26-352872,0001078271,EXTREME NETWORKS INC  (EXTR),10-K,2026-08-17,AI agents;agentic,13,business:11;mdna:1;risk_factors:1
0001193125-26-368289,0001372612,"BOX INC  (BOX, BXCAP)",10-Q,2026-08-26,AI agents;agentic,4,mdna:3;risk_factors:1
0001193125-26-380428,0002063196,Netskope Inc  (NTSK),10-Q,2026-09-02,AI agents;agentic,3,mdna:1;risk_factors:2
0001193125-26-390768,0001171155,"RADIANT LOGISTICS, INC  (RLGT)",10-K,2026-09-14,AI agents,3,business:2;risk_factors:1
0001193125-26-394793,0001618732,"Nutanix, Inc.  (NTNX)",10-K,2026-09-18,agentic,27,business:11;mdna:7;other:3;risk_factors:6
0001193125-26-402806,0001512228,"NIOCORP DEVELOPMENTS LTD  (NB, NIOBW)",10-K,2026-09-25,agentic,1,risk_factors:1
0001193125-26-405328,0001262104,"Lite Strategy, Inc.  (LITS)",10-K,2026-09-28,AI agents,1,risk_factors:1
0001210708-26-000038,0001210708,"Star Equity Holdings, Inc.  (STRR, STRRP)",10-K,2026-03-20,agentic,1,mdna:1
0001213900-22-067760,0001706509,Cosmos Group Holdings Inc.,10-Q,2022-11-01,AI agent;AI agents,5,mdna:2;other:3
0001213900-23-030219,0001706509,Cosmos Group Holdings Inc.,10-K,2023-04-17,AI agent,2,other:2
0001213900-23-093999,0001706509,Cosmos Group Holdings Inc.,10-K/A,2023-12-07,AI agent,1,other:1
0001213900-25-027581,0001859199,reAlpha Tech Corp.  (AIRE),10-K,2025-04-02,AI agents;agentic,5,business:5
0001213900-25-032215,0001840317,"VEEA INC.  (VEEA, VEEAW)",10-K,2025-04-15,agentic,4,other:4
0001213900-25-046124,0001840317,"VEEA INC.  (VEEA, VEEAW)",10-Q,2025-05-21,agentic,1,mdna:1
0001213900-25-078177,0001840317,"VEEA INC.  (VEEA, VEEAW)",10-Q,2025-08-19,agentic,2,mdna:1;other:1
0001213900-25-087632,0001948455,Ispire Technology Inc.  (ISPR),10-K,2025-09-15,agentic,1,other:1
0001213900-25-108695,0001859199,reAlpha Tech Corp.  (AIRE),10-Q,2025-11-12,AI agent,1,mdna:1
0001213900-25-111013,0001840317,"VEEA INC.  (VEEA, VEEAW)",10-Q,2025-11-14,agentic,2,mdna:1;other:1
0001213900-26-024099,0001830081,"Rumble Inc.  (RUM, RUMBW)",10-K,2026-03-05,agentic,1,risk_factors:1
0001213900-26-024280,0001259429,"Oxford Square Capital Corp.  (OXSQ, OXSQG, OXSQH)",10-K,2026-03-06,agentic,1,risk_factors:1
0001213900-26-026653,0001859199,reAlpha Tech Corp.  (AIRE),10-K,2026-03-12,AI agents;agentic,10,business:5;mdna:5
0001213900-26-034538,0002017758,Linkhome Holdings Inc.  (LHAI),10-K,2026-03-26,AI agents,1,business:1
0001213900-26-036474,0001630212,Avalon GloboCare Corp.  (ALBT),10-K,2026-03-30,agentic,4,mdna:2;other:2
0001213900-26-037410,0002025401,"Fifth Era Acquisition Corp I  (FERA, FERAR, FERAU)",10-K,2026-03-31,AI agent,1,other:1
0001213900-26-037459,0001534154,authID Inc.  (AUID),10-K,2026-03-31,AI agents;agentic,10,other:10
0001213900-26-037499,0001680139,HealthLynked Corp  (HLYK),10-K,2026-03-31,AI agent,1,business:1
0001213900-26-043667,0001840317,"VEEA INC.  (VEEA, VEEAW)",10-K,2026-04-15,AI agents;agentic,6,other:6
0001213900-26-048242,0001859199,reAlpha Tech Corp.  (AIRE),10-Q,2026-04-28,AI agents;agentic,5,mdna:5
0001213900-26-052176,0001377936,"SARATOGA INVESTMENT CORP.  (SAJ, SAR, SAT, SAV, SAY, SAZ)",10-K,2026-05-05,AI agents,1,risk_factors:1
0001213900-26-054548,0001630212,Avalon GloboCare Corp.  (ALBT),10-Q,2026-05-11,agentic,7,other:7
0001213900-26-056079,0001514183,"Silo Pharma, Inc.  (SILO)",10-Q,2026-05-14,AI agent,3,mdna:1;other:2
0001213900-26-056639,0001534154,authID Inc.  (AUID),10-Q,2026-05-14,AI agents;agentic,5,other:5
0001213900-26-057059,0001840317,"VEEA INC.  (VEEA, VEEAW)",10-Q,2026-05-15,agentic,2,mdna:1;other:1
0001213900-26-057778,0001648960,"Myseum.AI, Inc.  (MYSE, MYSEW)",10-Q,2026-05-15,AI agents;agentic,3,mdna:3
0001213900-26-059081,0002017758,Linkhome Holdings Inc.  (LHAI),10-K/A,2026-05-19,AI agents,1,business:1
0001213900-26-087946,0001840317,"VEEA INC.  (VEEA, VEEAW)",10-Q,2026-08-12,AI agents;agentic,12,mdna:6;other:6
0001213900-26-089085,0001514183,"Silo Pharma, Inc.  (SILO)",10-Q,2026-08-13,AI agent;AI agents,3,mdna:1;other:2
0001213900-26-090015,0001648960,"Myseum.AI, Inc.  (MYSE, MYSEW)",10-Q,2026-08-14,AI agents;agentic,3,mdna:3
0001213900-26-090106,0001859199,reAlpha Tech Corp.  (AIRE),10-Q,2026-08-14,AI agents;agentic,5,mdna:5
0001213900-26-090229,0001630212,Change Agents Corporation.  (CHGA),10-Q,2026-08-14,agentic,15,other:15
0001213900-26-100146,0001948455,Ispire Technology Inc.  (ISPR),10-K,2026-09-15,agentic,1,business:1
0001214659-26-004697,0000896493,"Hyperscale Data, Inc.  (GPUS, GPUS-PD)",10-K,2026-04-15,AI agent;AI agents,5,business:5
0001261333-26-000021,0001261333,"DOCUSIGN, INC.  (DOCU)",10-K,2026-03-18,agentic;autonomous agents,4,risk_factors:4
0001261333-26-000074,0001261333,"DOCUSIGN, INC.  (DOCU)",10-Q,2026-06-05,agentic;autonomous agents,5,risk_factors:5
0001261333-26-000099,0001261333,"DOCUSIGN, INC.  (DOCU)",10-Q,2026-09-04,agentic;autonomous agents,5,risk_factors:5
0001262039-25-000017,0001262039,"Fortinet, Inc.  (FTNT)",10-Q,2025-05-08,agentic,1,mdna:1
0001262039-25-000028,0001262039,"Fortinet, Inc.  (FTNT)",10-Q,2025-08-08,agentic,1,mdna:1
0001262039-25-000039,0001262039,"Fortinet, Inc.  (FTNT)",10-Q,2025-11-07,agentic,1,mdna:1
0001262039-26-000007,0001262039,"Fortinet, Inc.  (FTNT)",10-K,2026-02-25,agentic,2,business:1;mdna:1
0001262039-26-000013,0001262039,"Fortinet, Inc.  (FTNT)",10-Q,2026-05-08,agentic,1,mdna:1
0001262039-26-000021,0001262039,"Fortinet, Inc.  (FTNT)",10-Q,2026-07-30,agentic,2,mdna:2
0001262976-26-000027,0001262976,CIMPRESS plc  (CMPR),10-K,2026-08-07,agentic,3,risk_factors:3
0001280058-25-000042,0001280058,BLACKBAUD INC  (BLKB),10-Q,2025-07-30,agentic,5,risk_factors:5
0001280058-25-000050,0001280058,BLACKBAUD INC  (BLKB),10-Q,2025-11-03,agentic,1,mdna:1
0001280058-26-000006,0001280058,BLACKBAUD INC  (BLKB),10-K,2026-02-18,AI agents;agentic,10,business:4;mdna:1;risk_factors:5
0001280058-26-000016,0001280058,BLACKBAUD INC  (BLKB),10-Q,2026-04-29,agentic,1,mdna:1
0001280058-26-000025,0001280058,BLACKBAUD INC  (BLKB),10-Q,2026-07-29,agentic,2,mdna:2
0001286043-26-000009,0001286043,KITE REALTY GROUP TRUST  (KRG),10-K,2026-02-17,agentic,1,risk_factors:1
0001288847-25-000028,0001288847,"Five9, Inc.  (FIVN)",10-K,2025-02-21,AI agent;AI agents,4,business:4
0001288847-26-000023,0001288847,"Five9, Inc.  (FIVN)",10-K,2026-02-20,AI agent;AI agents;agentic,12,business:9;mdna:3
0001288847-26-000079,0001288847,"Five9, Inc.  (FIVN)",10-Q,2026-04-30,AI agent;AI agents;agentic,3,mdna:3
0001288847-26-000123,0001288847,"Five9, Inc.  (FIVN)",10-Q,2026-08-06,AI agent;AI agents;agentic,3,mdna:3
0001297989-26-000008,0001297989,"ExlService Holdings, Inc.  (EXLS)",10-K,2026-02-24,agentic,13,business:8;mdna:3;risk_factors:2
0001297989-26-000016,0001297989,"ExlService Holdings, Inc.  (EXLS)",10-Q,2026-04-28,agentic,3,mdna:3
0001297989-26-000023,0001297989,"ExlService Holdings, Inc.  (EXLS)",10-Q,2026-07-28,agentic,3,mdna:3
0001299709-25-000125,0001299709,"Axos Financial, Inc.  (AX)",10-K,2025-08-21,agentic,1,risk_factors:1
0001299709-26-000060,0001299709,"Axos Financial, Inc.  (AX)",10-K,2026-08-20,agentic,1,risk_factors:1
0001311370-26-000008,0001311370,"Lazard, Inc.  (LAZ)",10-K,2026-02-23,AI agents,1,risk_factors:1
0001320461-26-000012,0001320461,Cooper-Standard Holdings Inc.  (CPS),10-K,2026-02-13,agentic,1,business:1
0001321655-24-000022,0001321655,Palantir Technologies Inc.  (PLTR),10-K,2024-02-20,AI agents,1,business:1
0001321655-25-000022,0001321655,Palantir Technologies Inc.  (PLTR),10-K,2025-02-18,AI agents,1,business:1
0001321655-25-000131,0001321655,Palantir Technologies Inc.  (PLTR),10-Q,2025-11-04,agentic,4,mdna:1;risk_factors:3
0001321655-26-000011,0001321655,Palantir Technologies Inc.  (PLTR),10-K,2026-02-17,AI agents;agentic,4,business:1;risk_factors:3
0001321655-26-000028,0001321655,Palantir Technologies Inc.  (PLTR),10-Q,2026-05-05,agentic,3,risk_factors:3
0001321655-26-000041,0001321655,Palantir Technologies Inc.  (PLTR),10-Q,2026-08-04,agentic,3,risk_factors:3
0001324424-26-000008,0001324424,"Expedia Group, Inc.  (EXPE)",10-K,2026-02-13,AI agents;agentic,5,other:5
0001326160-26-000014,0001326160,"Duke Energy CORP  (DUK, DUKB, DUK-PA)",10-K,2026-02-26,agentic,1,mdna:1
0001327567-25-000027,0001327567,Palo Alto Networks Inc  (PANW),10-K,2025-08-29,AI agent;AI agents,4,business:3;mdna:1
0001327567-25-000035,0001327567,Palo Alto Networks Inc  (PANW),10-Q,2025-11-20,AI agent,1,mdna:1
0001327567-26-000005,0001327567,Palo Alto Networks Inc  (PANW),10-Q,2026-02-18,AI agent,1,mdna:1
0001327567-26-000015,0001327567,Palo Alto Networks Inc  (PANW),10-Q,2026-06-03,AI agent;AI agents;agentic,8,mdna:7;other:1
0001327567-26-000023,0001327567,Palo Alto Networks Inc  (PANW),10-K,2026-09-10,AI agents;agentic;autonomous agents,36,business:20;mdna:8;other:3;risk_factors:5
0001327688-26-000020,0001327688,OOMA INC  (OOMA),10-Q,2026-09-04,AI agents,2,risk_factors:2
0001327811-25-000056,0001327811,"Workday, Inc.  (WDAY)",10-K,2025-03-11,AI agents;agentic,7,business:5;risk_factors:2
0001327811-25-000107,0001327811,"Workday, Inc.  (WDAY)",10-Q,2025-05-23,agentic,5,risk_factors:5
0001327811-25-000184,0001327811,"Workday, Inc.  (WDAY)",10-Q,2025-08-22,agentic,6,risk_factors:6
0001327811-25-000198,0001327811,"Workday, Inc.  (WDAY)",10-Q,2025-11-26,AI agents;agentic,9,other:1;risk_factors:8
0001327811-26-000014,0001327811,"Workday, Inc.  (WDAY)",10-K,2026-03-06,AI agents;agentic,24,business:10;risk_factors:14
0001327811-26-000026,0001327811,"Workday, Inc.  (WDAY)",10-Q,2026-05-22,AI agents;agentic,13,risk_factors:13
0001327811-26-000044,0001327811,"Workday, Inc.  (WDAY)",10-Q,2026-08-27,AI agents;agentic,14,risk_factors:14
0001333493-26-000010,0001333493,"eHealth, Inc.  (EHTH)",10-K,2026-02-26,AI agent,1,business:1
0001345016-26-000019,0001345016,YELP INC  (YELP),10-K,2026-02-27,AI agents,1,business:1
0001352010-26-000015,0001352010,"EPAM Systems, Inc.  (EPAM)",10-K,2026-02-26,agentic,3,business:1;risk_factors:2
0001370637-25-000100,0001370637,ETSY INC  (ETSY),10-Q,2025-10-29,agentic,2,risk_factors:2
0001370637-26-000019,0001370637,ETSY INC  (ETSY),10-K,2026-02-19,agentic,8,business:3;risk_factors:5
0001370637-26-000044,0001370637,ETSY INC  (ETSY),10-Q,2026-04-29,agentic,5,risk_factors:5
0001370637-26-000080,0001370637,ETSY INC  (ETSY),10-Q,2026-08-05,agentic,5,risk_factors:5
0001373715-25-000010,0001373715,"ServiceNow, Inc.  (NOW)",10-K,2025-01-30,AI agents;agentic,11,business:11
0001373715-25-000126,0001373715,"ServiceNow, Inc.  (NOW)",10-Q,2025-04-23,agentic,1,other:1
0001373715-25-000276,0001373715,"ServiceNow, Inc.  (NOW)",10-Q,2025-07-24,AI agents;agentic,2,other:2
0001373715-25-000309,0001373715,"ServiceNow, Inc.  (NOW)",10-Q,2025-10-30,AI agents;agentic,2,other:2
0001373715-26-000007,0001373715,"ServiceNow, Inc.  (NOW)",10-K,2026-01-29,AI agent;AI agents;agentic,32,business:31;other:1
0001375365-26-000022,0001375365,"Super Micro Computer, Inc.  (SMCI, SMCIP)",10-K,2026-08-31,agentic,1,business:1
0001384905-25-000014,0001384905,"RingCentral, Inc.  (RNG)",10-K,2025-02-26,AI agent;AI agents,2,business:2
0001384905-25-000053,0001384905,"RingCentral, Inc.  (RNG)",10-Q,2025-11-05,AI agent;agentic,4,mdna:3;other:1
0001384905-26-000021,0001384905,"RingCentral, Inc.  (RNG)",10-K,2026-02-27,AI agent;AI agents;agentic,8,business:7;other:1
0001384905-26-000037,0001384905,"RingCentral, Inc.  (RNG)",10-Q,2026-05-11,AI agent;AI agents;agentic,13,mdna:2;risk_factors:11
0001384905-26-000046,0001384905,"RingCentral, Inc.  (RNG)",10-Q,2026-07-23,AI agents;agentic,11,risk_factors:11
0001393052-26-000014,0001393052,VEEVA SYSTEMS INC  (VEEV),10-K,2026-03-20,AI agents;agentic,5,business:5
0001393052-26-000026,0001393052,VEEVA SYSTEMS INC  (VEEV),10-Q,2026-06-05,agentic,1,other:1
0001393052-26-000036,0001393052,VEEVA SYSTEMS INC  (VEEV),10-Q,2026-08-27,agentic,1,other:1
0001398659-25-000035,0001398659,Genpact LTD  (G),10-K,2025-03-03,AI agents;agentic,10,business:3;risk_factors:7
0001398659-25-000059,0001398659,Genpact LTD  (G),10-Q,2025-05-12,agentic,1,other:1
0001398659-25-000098,0001398659,Genpact LTD  (G),10-Q,2025-08-11,agentic,2,other:2
0001398659-25-000109,0001398659,Genpact LTD  (G),10-Q,2025-11-07,agentic,5,mdna:2;other:3
0001398659-26-000004,0001398659,Genpact LTD  (G),10-K,2026-02-26,AI agents;agentic;digital labor,39,business:26;mdna:1;other:4;risk_factors:8
0001398659-26-000010,0001398659,Genpact LTD  (G),10-Q,2026-05-08,agentic,7,mdna:5;other:2
0001398659-26-000014,0001398659,Genpact LTD  (G),10-Q,2026-08-07,agentic,8,mdna:5;other:3
0001403161-25-000089,0001403161,VISA INC.  (V),10-K,2025-11-06,AI agents;agentic;autonomous agents,15,business:6;risk_factors:9
0001403161-26-000079,0001403161,VISA INC.  (V),10-Q,2026-04-29,agentic,1,other:1
0001403161-26-000104,0001403161,VISA INC.  (V),10-Q,2026-07-29,agentic,1,other:1
0001403475-26-000018,0001403475,Bank of Marin Bancorp  (BMRC),10-K,2026-03-13,agentic,3,risk_factors:3
0001406666-25-000035,0001406666,"CALIX, INC  (CALX)",10-Q,2025-07-22,agentic,2,risk_factors:2
0001406666-25-000045,0001406666,"CALIX, INC  (CALX)",10-Q,2025-10-30,agentic,2,risk_factors:2
0001406666-26-000005,0001406666,"CALIX, INC  (CALX)",10-K,2026-02-20,AI agents;agentic,14,business:5;mdna:1;other:2;risk_factors:6
0001406666-26-000019,0001406666,"CALIX, INC  (CALX)",10-Q,2026-04-22,agentic,8,mdna:1;other:1;risk_factors:6
0001406666-26-000034,0001406666,"CALIX, INC  (CALX)",10-Q,2026-07-21,agentic,8,mdna:1;other:1;risk_factors:6
0001410384-26-000006,0001410384,"Q2 Holdings, Inc.  (QTWO)",10-K,2026-02-11,agentic,1,business:1
0001410384-26-000053,0001410384,"Q2 Holdings, Inc.  (QTWO)",10-Q,2026-07-29,AI agent,1,other:1
0001410578-25-000600,0001682149,Datavault AI Inc.  (DVLT),10-K,2025-03-31,AI agent;AI agents,6,business:6
0001410578-25-001857,0001682149,Datavault AI Inc.  (DVLT),10-Q,2025-08-19,AI agents,1,mdna:1
0001422930-26-000010,0001422930,"PubMatic, Inc.  (PUBM)",10-K,2026-02-26,AI agents;agentic,8,business:2;risk_factors:6
0001422930-26-000024,0001422930,"PubMatic, Inc.  (PUBM)",10-Q,2026-05-07,AI agents;agentic,2,risk_factors:2
0001433195-26-000011,0001433195,APPFOLIO INC  (APPF),10-K,2026-02-05,agentic,5,risk_factors:5
0001433642-26-000019,0001433642,Hamilton Lane INC  (HLNE),10-K,2026-05-21,agentic,1,risk_factors:1
0001437749-25-008527,0001107280,OCULUS INC.  (OVTZ),10-K,2025-03-20,AI agents;agentic,3,business:3
0001437749-25-025492,0001777921,"AvePoint, Inc.  (AVPT)",10-Q,2025-08-07,agentic,1,mdna:1
0001437749-25-033607,0000700841,"RCM TECHNOLOGIES, INC.  (RCMT)",10-Q,2025-11-06,agentic,1,other:1
0001437749-25-038337,0001378590,"Bridgeline Digital, Inc.  (BLIN)",10-K,2025-12-19,AI agent;AI agents;agentic,6,business:6
0001437749-26-004452,0001442145,"Verisk Analytics, Inc.  (VRSK)",10-K,2026-02-18,agentic,1,risk_factors:1
0001437749-26-005366,0001120914,PDF SOLUTIONS INC  (PDFS),10-K,2026-02-24,agentic,1,business:1
0001437749-26-005907,0001777921,"AvePoint, Inc.  (AVPT)",10-K,2026-02-26,AI agent;AI agents;agentic;autonomous agents,7,business:7
0001437749-26-005916,0001095565,HEALTHSTREAM INC  (HSTM),10-K,2026-02-27,agentic,3,risk_factors:3
0001437749-26-007972,0001464343,"Atlanticus Holdings Corp  (ATLC, ATLCL, ATLCP, ATLCZ)",10-K,2026-03-12,agentic,1,risk_factors:1
0001437749-26-008833,0001088034,"Usio, Inc.  (USIO)",10-K,2026-03-18,AI agents,1,risk_factors:1
0001437749-26-009285,0001757715,"Aterian, Inc.  (ATER)",10-K,2026-03-23,AI agents,2,risk_factors:2
0001437749-26-011236,0000700841,"RCM TECHNOLOGIES, INC.  (RCMT)",10-K,2026-04-03,agentic,1,mdna:1
0001437749-26-012501,0001113809,BUILD-A-BEAR WORKSHOP INC  (BBW),10-K,2026-04-16,agentic,2,risk_factors:2
0001437749-26-015588,0001777921,"AvePoint, Inc.  (AVPT)",10-Q,2026-05-07,AI agents,1,mdna:1
0001437749-26-015592,0001464343,"Atlanticus Holdings Corp  (ATLC, ATLCL, ATLCP, ATLCZ)",10-Q,2026-05-07,agentic,1,risk_factors:1
0001437749-26-017057,0000700841,"RCM TECHNOLOGIES, INC.  (RCMT)",10-Q,2026-05-14,agentic,1,other:1
0001437749-26-019975,0001005731,IDT CORP  (IDT),10-Q,2026-06-09,AI agent;agentic,7,mdna:3;other:3;risk_factors:1
0001437749-26-026267,0001777921,"AvePoint, Inc.  (AVPT)",10-Q,2026-08-06,agentic,1,mdna:1
0001437749-26-026279,0001464343,"Atlanticus Holdings Corp  (ATLC, ATLCL, ATLCP, ATLCZ)",10-Q,2026-08-06,agentic,1,risk_factors:1
0001437749-26-027653,0000700841,"RCM TECHNOLOGIES, INC.  (RCMT)",10-Q,2026-08-13,agentic,1,other:1
0001437749-26-029578,0000896156,ETHAN ALLEN INTERIORS INC  (ETD),10-K,2026-09-03,agentic,3,risk_factors:3
0001437749-26-031469,0001005731,IDT CORP  (IDT),10-K,2026-09-29,AI agent;AI agents;agentic,27,business:17;mdna:4;other:4;risk_factors:2
0001441683-22-000023,0001441683,APPIAN CORP  (APPN),10-K,2022-02-17,digital workers,1,business:1
0001441683-25-000017,0001441683,APPIAN CORP  (APPN),10-K,2025-02-19,AI agents,2,business:2
0001441683-25-000041,0001441683,APPIAN CORP  (APPN),10-Q,2025-05-08,AI agents,2,mdna:2
0001441683-25-000053,0001441683,APPIAN CORP  (APPN),10-Q,2025-08-07,AI agents,2,mdna:2
0001441683-25-000068,0001441683,APPIAN CORP  (APPN),10-Q,2025-11-06,AI agents,2,mdna:2
0001441683-26-000013,0001441683,APPIAN CORP  (APPN),10-K,2026-02-19,autonomous agents,1,business:1
0001445305-26-000060,0001445305,WORKIVA INC  (WK),10-Q,2026-08-04,agentic,1,mdna:1
0001447669-25-000151,0001447669,TWILIO INC  (TWLO),10-Q,2025-10-31,AI agents,1,mdna:1
0001447669-26-000021,0001447669,TWILIO INC  (TWLO),10-K,2026-02-24,AI agents,2,business:1;other:1
0001447669-26-000049,0001447669,TWILIO INC  (TWLO),10-Q,2026-05-01,AI agents;agentic,3,risk_factors:3
0001447669-26-000092,0001447669,TWILIO INC  (TWLO),10-Q,2026-08-07,AI agents;agentic,3,risk_factors:3
0001448431-26-000005,0001448431,OptimizeRx Corp  (OPRX),10-K,2026-03-12,agentic,1,risk_factors:1
0001467373-25-000217,0001467373,Accenture plc  (ACN),10-K,2025-10-10,agentic,2,business:1;risk_factors:1
0001467623-26-000031,0001467623,"DROPBOX, INC.  (DBX)",10-Q,2026-05-08,AI agents,1,risk_factors:1
0001467623-26-000049,0001467623,"DROPBOX, INC.  (DBX)",10-Q,2026-08-07,AI agents,1,risk_factors:1
0001468174-26-000007,0001468174,Hyatt Hotels Corp  (H),10-K,2026-02-13,agentic,1,risk_factors:1
0001468327-26-000020,0001468327,"Rent the Runway, Inc.  (RENT)",10-K,2026-04-14,AI agents;agentic,6,risk_factors:6
0001468327-26-000031,0001468327,"Rent the Runway, Inc.  (RENT)",10-Q,2026-06-03,AI agents;agentic,6,risk_factors:6
0001468327-26-000088,0001468327,"Rent the Runway, Inc.  (RENT)",10-Q,2026-09-11,AI agents;agentic;autonomous agents,8,risk_factors:8
0001472375-26-000109,0000930245,Agassi Sports Entertainment Corp.  (AASP),10-K,2026-03-31,AI agent,1,business:1
0001472375-26-000143,0000930245,Agassi Sports Entertainment Corp.  (AASP),10-Q,2026-05-13,AI agent,1,other:1
0001477333-26-000016,0001477333,"Cloudflare, Inc.  (NET)",10-K,2026-02-26,AI agents,1,business:1
0001477333-26-000038,0001477333,"Cloudflare, Inc.  (NET)",10-Q,2026-05-08,agentic,6,mdna:1;other:3;risk_factors:2
0001477333-26-000054,0001477333,"Cloudflare, Inc.  (NET)",10-Q,2026-08-06,agentic,6,mdna:1;other:3;risk_factors:2
0001477720-25-000045,0001477720,"Asana, Inc.  (ASAN)",10-K,2025-03-18,AI agents,1,business:1
0001477720-26-000021,0001477720,"Asana, Inc.  (ASAN)",10-K,2026-03-13,AI agent;AI agents;agentic,17,business:13;mdna:4
0001477720-26-000039,0001477720,"Asana, Inc.  (ASAN)",10-Q,2026-05-28,AI agent;AI agents;agentic,6,mdna:5;other:1
0001477720-26-000060,0001477720,"Asana, Inc.  (ASAN)",10-Q,2026-09-03,AI agent;AI agents;agentic,5,mdna:5
0001477932-25-006996,0001775194,"UPEXI, INC.  (UPXI)",10-K,2025-09-24,AI agents,2,business:2
0001477932-25-008025,0001775194,"UPEXI, INC.  (UPXI)",10-Q,2025-11-12,AI agents,2,mdna:2
0001477932-26-000736,0001775194,"UPEXI, INC.  (UPXI)",10-Q,2026-02-10,AI agents,2,mdna:2
0001477932-26-001994,0000846377,"Totaligent, Inc.  (TGNT)",10-K,2026-04-03,AI agents;agentic;autonomous agents,4,business:3;risk_factors:1
0001477932-26-002110,0001134982,"Apple iSports Group, Inc.  (AAPI)",10-K,2026-04-10,agentic,1,other:1
0001477932-26-003393,0001134982,"Apple iSports Group, Inc.  (AAPI)",10-Q,2026-05-21,agentic,1,other:1
0001477932-26-003805,0001682265,Onar Holding Corp  (ONAR),10-K,2026-06-11,agentic,3,business:1;mdna:2
0001477932-26-005668,0001775194,"UPEXI, INC.  (UPXI)",10-K,2026-09-17,AI agents,2,business:2
0001481792-26-000042,0001481792,"Quad/Graphics, Inc.  (QUAD)",10-K,2026-02-18,AI agents,1,business:1
0001490978-26-000068,0001490978,"Schrodinger, Inc.  (SDGR)",10-Q,2026-08-05,agentic,4,mdna:2;other:1;risk_factors:1
0001493152-24-032820,0001932244,"AI Unlimited Group, Inc.  (AIUG, LVER)",10-Q,2024-08-16,AI agents,0,
0001493152-24-048437,0001932244,"AI Unlimited Group, Inc.  (AIUG)",10-Q,2024-12-03,AI agents,0,
0001493152-25-016043,0001832161,"VIP Play, Inc.  (VIPZ)",10-K,2025-09-29,AI agent,1,other:1
0001493152-25-016071,0001005731,IDT CORP  (IDT),10-K,2025-09-29,AI agent;agentic,11,other:11
0001493152-25-017844,0001838163,"Brand Engagement Network Inc.  (BNAI, BNAIW)",10-Q,2025-10-14,AI agent,2,other:2
0001493152-25-017895,0001838163,"Brand Engagement Network Inc.  (BNAI, BNAIW)",10-Q/A,2025-10-14,AI agent,2,other:2
0001493152-25-022373,0001896212,"CDT Equity Inc.  (CDT, CDTTW)",10-Q,2025-11-13,AI agent,1,other:1
0001493152-25-022425,0001879001,Verses AI Inc.  (VRSSF),10-Q,2025-11-14,agentic,2,other:2
0001493152-25-022583,0001868640,"Roadzen Inc.  (RDZN, RDZNW)",10-Q,2025-11-14,AI agents,1,other:1
0001493152-25-023275,0001473490,"Global AI, Inc.  (GLAI)",10-Q,2025-11-14,agentic,2,other:2
0001493152-25-025022,0001838163,"Brand Engagement Network Inc.  (BNAI, BNAIW)",10-Q,2025-11-25,AI agent,4,other:4
0001493152-25-027060,0001005731,IDT CORP  (IDT),10-Q,2025-12-10,AI agent;agentic,3,other:3
0001493152-26-006450,0001868640,"Roadzen Inc.  (RDZN, RDZNW)",10-Q,2026-02-12,AI agents,1,other:1
0001493152-26-007352,0002076163,"ProCap Financial, Inc.  (BRR, BRRWW)",10-K,2026-02-18,AI agents;agentic;autonomous agents,8,other:8
0001493152-26-007628,0001879001,Verses AI Inc.  (VRSSF),10-Q,2026-02-20,agentic,4,other:4
0001493152-26-009165,0001861622,Jet.AI Inc.  (JTAI),10-K,2026-03-06,agentic,5,other:5
0001493152-26-009641,0001509470,"SURO CAPITAL CORP.  (SSSS, SSSSL)",10-K,2026-03-11,AI agents,1,business:1
0001493152-26-009820,0001005731,IDT CORP  (IDT),10-Q,2026-03-12,AI agent;agentic,3,other:3
0001493152-26-009872,0001582982,"CareCloud, Inc.  (CCLD, CCLDO)",10-K,2026-03-12,agentic,1,other:1
0001493152-26-010305,0001983736,Eva Live Inc  (GOAI),10-K,2026-03-16,AI agents;agentic;autonomous agents,4,risk_factors:4
0001493152-26-010626,0001674440,AIRWA INC.  (YYAI),10-Q,2026-03-17,AI agent,2,other:2
0001493152-26-013285,0002033383,"Fusemachines Inc.  (FUSE, FUSEW)",10-K,2026-03-27,AI agent;AI agents;agentic,10,other:10
0001493152-26-013434,0001460702,"AIxCrypto Holdings, Inc.  (AIXC)",10-K,2026-03-30,AI agent;AI agents,2,other:2
0001493152-26-013612,0001763950,Lantern Pharma Inc.  (LTRN),10-K,2026-03-30,agentic,3,other:3
0001493152-26-013792,0001453593,"Xtant Medical Holdings, Inc.  (XTNT)",10-K,2026-03-31,agentic,1,risk_factors:1
0001493152-26-013966,0001119190,"TAP REAL ESTATE TECHNOLOGIES, INC.  (RWAX)",10-K,2026-03-31,AI agent;agentic,2,other:2
0001493152-26-014015,0001760903,"BONK, INC.  (BNKK)",10-K,2026-03-31,agentic,1,other:1
0001493152-26-014068,0002068385,SharonAI Holdings Inc.  (SHAZ),10-K,2026-03-31,agentic,1,other:1
0001493152-26-014131,0001757499,"Shuttle Pharmaceuticals Holdings, Inc.  (SHPH)",10-K,2026-03-31,AI agent;agentic,10,other:10
0001493152-26-014230,0001862463,"ALPHA MODUS HOLDINGS, INC.  (AMOD, AMODW)",10-K,2026-03-31,AI agents,1,other:1
0001493152-26-014261,0001737995,"Sharps Technology Inc.  (STSS, STSSW)",10-K,2026-03-31,AI agents,1,other:1
0001493152-26-014368,0000034285,RELIABILITY INC  (RLBY),10-K,2026-03-31,autonomous agents,1,other:1
0001493152-26-014431,0001880343,"AMAZE HOLDINGS, INC.  (AMZE)",10-K,2026-04-01,agentic,1,other:1
0001493152-26-016828,0001473334,XMax Inc.  (XWIN),10-K,2026-04-15,AI agent;AI agents,5,other:5
0001493152-26-016858,0001896212,"CDT Equity Inc.  (CDT, CDTTW)",10-K,2026-04-15,AI agent,3,other:3
0001493152-26-016954,0001838163,"Brand Engagement Network Inc.  (BNAI, BNAIW)",10-K,2026-04-16,AI agent;AI agents;agentic,31,other:31
0001493152-26-021730,0001582982,"CareCloud, Inc.  (CCLD, CCLDO)",10-Q,2026-05-07,agentic,1,other:1
0001493152-26-022716,0001119190,"TAP REAL ESTATE TECHNOLOGIES, INC.  (RWAX)",10-Q,2026-05-13,AI agent;agentic,1,other:1
0001493152-26-023070,0002076163,"ProCap Financial, Inc.  (BRR, BRRWW)",10-Q,2026-05-14,agentic,2,other:2
0001493152-26-023101,0001861622,Jet.AI Inc.  (JTAI),10-Q,2026-05-14,agentic,1,other:1
0001493152-26-023238,0001853070,"Volato Group, Inc.  (SOAR, SOARW)",10-Q,2026-05-15,autonomous agents,1,other:1
0001493152-26-023740,0001763950,Lantern Pharma Inc.  (LTRN),10-Q,2026-05-15,agentic,1,other:1
0001493152-26-023859,0001757499,"Shuttle Pharmaceuticals Holdings, Inc.  (SHPH)",10-Q,2026-05-15,AI agent;agentic,5,other:5
0001493152-26-023861,0001473334,XMax Inc.  (XWIN),10-Q,2026-05-15,AI agent,1,other:1
0001493152-26-023864,0002033383,"Fusemachines Inc.  (FUSE, FUSEW)",10-Q,2026-05-15,agentic,2,other:2
0001493152-26-025669,0001473490,"Global AI, Inc.  (GLAI)",10-K,2026-05-28,AI agents;agentic;autonomous agents,65,other:65
0001493152-26-026334,0000788611,"NextTrip, Inc.  (NTRP)",10-K,2026-05-29,agentic,9,mdna:3;other:6
0001493152-26-027134,0001473490,"Global AI, Inc.  (GLAI)",10-Q,2026-06-03,agentic,36,other:36
0001493152-26-027796,0001498148,Artificial Intelligence Technology Solutions Inc.  (AITX),10-K,2026-06-09,agentic,18,business:1;other:17
0001493152-26-029927,0001688126,Crypto Co  (CRCW),10-K,2026-06-24,autonomous agents,1,other:1
0001493152-26-030343,0001973062,VIDA Global Inc.  (VIDA),10-Q,2026-06-26,AI agent;AI agents;agentic,52,other:52
0001493152-26-031069,0001868640,"Roadzen Inc.  (RDZN, RDZNW)",10-K,2026-06-29,AI agents,2,other:2
0001493152-26-033385,0000788611,"NextTrip, Inc.  (NTRP)",10-Q,2026-07-15,agentic,6,other:6
0001493152-26-033600,0001498148,Artificial Intelligence Technology Solutions Inc.  (AITX),10-K/A,2026-07-17,agentic,18,business:1;other:17
0001493152-26-036363,0001582982,"CareCloud, Inc.  (CCLD)",10-Q,2026-08-06,agentic,1,other:1
0001493152-26-036377,0002068385,"SharonAI Holdings Inc.  (SHAZ, SHAZW)",10-Q,2026-08-06,agentic,1,other:1
0001493152-26-036513,0001737995,"SkyAI, Inc.  (SKYA, SKYAW)",10-Q,2026-08-07,agentic,4,other:4
0001493152-26-036603,0002033383,"Fusemachines Inc.  (FUSE, FUSEW)",10-Q,2026-08-07,agentic,2,other:2
0001493152-26-036620,0001981535,"Sharplink, Inc.  (SBET)",10-Q,2026-08-07,agentic,6,other:6
0001493152-26-036658,0001460702,"AIxCrypto Holdings, Inc.  (AIXC)",10-Q,2026-08-07,AI agent,1,other:1
0001493152-26-037332,0001119190,"TAP REAL ESTATE TECHNOLOGIES, INC.  (RWAX)",10-Q,2026-08-12,AI agent;agentic,2,other:2
0001493152-26-037672,0001599117,"Mentor Capital, Inc.  (MNTR)",10-Q,2026-08-13,agentic,3,other:3
0001493152-26-037756,0002076163,"ProCap Financial, Inc.  (BRR, BRRWW)",10-Q,2026-08-13,AI agent;agentic,2,other:2
0001493152-26-037812,0001868640,"Roadzen Inc.  (RDZN, RDZNW)",10-Q,2026-08-13,AI agents,1,other:1
0001493152-26-037875,0001473490,"Global AI, Inc.  (GLAI)",10-Q,2026-08-13,agentic,36,other:36
0001493152-26-037971,0001763950,Lantern Pharma Inc.  (LTRN),10-Q,2026-08-14,agentic,5,other:5
0001493152-26-038333,0001861622,Jet.AI Inc.  (JTAI),10-Q,2026-08-14,agentic,1,other:1
0001493152-26-038335,0001973062,VIDA Global Inc.  (VIDA),10-Q,2026-08-14,AI agent;AI agents;agentic,53,other:53
0001493152-26-038338,0001534708,"Beeline Holdings, Inc.  (BLNE)",10-Q,2026-08-14,AI agent,2,other:2
0001493152-26-038396,0000930245,Agassi Sports Entertainment Corp.  (AASP),10-Q,2026-08-14,AI agent;AI agents,2,other:2
0001493152-26-038444,0001473334,XMax Inc.  (XMAX),10-Q,2026-08-14,AI agent;AI agents,3,other:3
0001493152-26-038477,0001512922,"PetVivo Holdings, Inc.  (PETV, PETVW)",10-Q,2026-08-14,agentic,1,other:1
0001493152-26-039013,0001961847,INNO HOLDINGS INC.  (INHD),10-Q,2026-08-18,AI agent,1,other:1
0001493152-26-044107,0001757499,"Shuttle Pharmaceuticals Holdings, Inc.  (SHPH)",10-Q,2026-09-24,AI agent;agentic,5,other:5
0001493152-26-044688,0001832161,"VIP Play, Inc.  (VIPZ)",10-K,2026-09-29,AI agent,1,other:1
0001504008-25-000005,0001504008,"BankUnited, Inc.  (BKU)",10-K,2025-02-28,agentic,1,risk_factors:1
0001504008-26-000011,0001504008,"BankUnited, Inc.  (BKU)",10-K,2026-02-26,agentic,1,risk_factors:1
0001505952-25-000045,0001505952,"DOMO, INC.  (DOMO)",10-K,2025-04-04,AI agents;agentic,3,business:3
0001507605-26-000016,0001507605,"MARA Holdings, Inc.  (MARA)",10-Q,2026-05-11,agentic,1,mdna:1
0001507605-26-000022,0001507605,"MARA Holdings, Inc.  (MARA)",10-Q,2026-08-06,agentic,1,mdna:1
0001514416-26-000057,0001514416,Bandwidth Inc.  (BAND),10-Q,2026-07-29,agentic,2,risk_factors:2
0001517375-26-000015,0001517375,"Sprout Social, Inc.  (SPT)",10-K,2026-02-27,AI agent;AI agents;agentic,4,business:3;risk_factors:1
0001517375-26-000061,0001517375,"Sprout Social, Inc.  (SPT)",10-Q,2026-08-07,AI agent,0,
0001517413-26-000053,0001517413,"Fastly, Inc.  (FSLY)",10-K,2026-02-25,AI agents;agentic,10,business:7;mdna:3
0001517413-26-000132,0001517413,"Fastly, Inc.  (FSLY)",10-Q,2026-05-06,AI agents;agentic,3,mdna:3
0001517413-26-000213,0001517413,"Fastly, Inc.  (FSLY)",10-Q,2026-08-05,AI agents;agentic,3,mdna:3
0001520138-25-000183,0001840102,"SPECIFICITY, INC.  (SPTY)",10-K,2025-06-24,AI agents,1,risk_factors:1
0001520138-26-000090,0001840102,"SPECIFICITY, INC.  (SPTY)",10-K,2026-03-31,AI agents,1,risk_factors:1
0001520138-26-000207,0001840102,"SPECIFICITY, INC.  (SPTY)",10-K/A,2026-06-05,AI agents,1,risk_factors:1
0001522540-26-000017,0001522540,"Marqeta, Inc.  (MQ)",10-K,2026-02-24,agentic,2,risk_factors:2
0001528396-26-000046,0001528396,"Guidewire Software, Inc.  (GWRE)",10-K,2026-09-11,agentic,2,business:2
0001531152-26-000007,0001531152,"BJ's Wholesale Club Holdings, Inc.  (BJ)",10-K,2026-03-12,agentic,1,risk_factors:1
0001535527-25-000009,0001535527,"CrowdStrike Holdings, Inc.  (CRWD)",10-K,2025-03-10,agentic,2,business:2
0001535527-26-000010,0001535527,"CrowdStrike Holdings, Inc.  (CRWD)",10-K,2026-03-05,AI agents;agentic,6,business:5;other:1
0001535527-26-000025,0001535527,"CrowdStrike Holdings, Inc.  (CRWD)",10-Q,2026-06-04,agentic,2,mdna:1;other:1
0001535527-26-000031,0001535527,"CrowdStrike Holdings, Inc.  (CRWD)",10-Q,2026-08-27,agentic,5,mdna:1;other:1;risk_factors:3
0001544522-24-000057,0001544522,Freshworks Inc.  (FRSH),10-Q,2024-11-06,AI agent,1,mdna:1
0001544522-25-000010,0001544522,Freshworks Inc.  (FRSH),10-K,2025-02-20,AI agent;AI agents,8,business:6;mdna:2
0001544522-25-000029,0001544522,Freshworks Inc.  (FRSH),10-Q,2025-04-29,AI agent,2,mdna:2
0001544522-25-000051,0001544522,Freshworks Inc.  (FRSH),10-Q,2025-07-29,AI agent,2,mdna:2
0001544522-25-000107,0001544522,Freshworks Inc.  (FRSH),10-Q,2025-11-05,AI agent,2,mdna:2
0001544522-26-000036,0001544522,Freshworks Inc.  (FRSH),10-K,2026-02-26,AI agent;AI agents;agentic,17,business:4;mdna:1;risk_factors:12
0001544522-26-000090,0001544522,Freshworks Inc.  (FRSH),10-Q,2026-05-05,AI agent,1,mdna:1
0001544522-26-000137,0001544522,Freshworks Inc.  (FRSH),10-Q,2026-08-04,AI agent,1,mdna:1
0001549346-26-000008,0001549346,"Shutterstock, Inc.  (SSTK)",10-K,2026-02-17,agentic,1,risk_factors:1
0001552033-26-000012,0001552033,TransUnion  (TRU),10-K,2026-02-27,agentic,2,business:2
0001558370-23-006656,0000051143,INTERNATIONAL BUSINESS MACHINES CORP  (IBM),10-Q,2023-04-25,digital labor,1,mdna:1
0001560327-26-000008,0001560327,"Rapid7, Inc.  (RPD)",10-K,2026-02-19,agentic,2,business:2
0001560327-26-000033,0001560327,"Rapid7, Inc.  (RPD)",10-Q,2026-05-05,agentic,3,mdna:2;other:1
0001560327-26-000044,0001560327,"Rapid7, Inc.  (RPD)",10-Q,2026-08-10,agentic,2,mdna:1;other:1
0001562762-26-000027,0001901637,"USCB FINANCIAL HOLDINGS, INC.  (USCB)",10-K,2026-03-13,agentic,1,risk_factors:1
0001564408-25-000065,0001564408,Snap Inc  (SNAP),10-Q,2025-11-06,agentic,1,risk_factors:1
0001564408-26-000013,0001564408,Snap Inc  (SNAP),10-K,2026-02-05,agentic,1,risk_factors:1
0001564408-26-000027,0001564408,Snap Inc  (SNAP),10-Q,2026-05-07,agentic,1,risk_factors:1
0001564408-26-000052,0001564408,Snap Inc  (SNAP),10-Q,2026-08-04,AI agents;agentic,5,risk_factors:5
0001565687-26-000073,0001565687,"Intapp, Inc.  (INTA)",10-K,2026-08-14,AI agents;agentic,29,business:6;mdna:1;risk_factors:22
0001566044-26-000002,0001566044,VYNE Therapeutics Inc.  (VYNE),10-K,2026-02-27,agentic,1,risk_factors:1
0001567925-26-000008,0001567925,"Sila Realty Trust, Inc.  (SILA)",10-K,2026-02-25,agentic,1,risk_factors:1
0001568100-25-000023,0001568100,"PagerDuty, Inc.  (PD)",10-K,2025-03-17,agentic,1,risk_factors:1
0001568100-26-000012,0001568100,"PagerDuty, Inc.  (PD)",10-K,2026-03-12,AI agents;agentic,16,business:9;mdna:2;risk_factors:5
0001568100-26-000031,0001568100,"PagerDuty, Inc.  (PD)",10-Q,2026-05-28,AI agents;agentic,2,mdna:2
0001568100-26-000045,0001568100,"PagerDuty, Inc.  (PD)",10-Q,2026-08-27,AI agents;agentic,2,mdna:2
0001568651-26-000011,0001568651,"Oscar Health, Inc.  (OSCR)",10-K,2026-02-13,AI agent,1,risk_factors:1
0001569345-25-000019,0001569345,"Sprinklr, Inc.  (CXM)",10-K,2025-03-21,AI agent,1,business:1
0001569345-25-000059,0001569345,"Sprinklr, Inc.  (CXM)",10-Q,2025-12-04,agentic,1,risk_factors:1
0001569345-26-000015,0001569345,"Sprinklr, Inc.  (CXM)",10-K,2026-03-19,AI agent;AI agents;agentic;autonomous agents,15,business:10;risk_factors:5
0001569345-26-000028,0001569345,"Sprinklr, Inc.  (CXM)",10-Q,2026-06-04,agentic,6,other:1;risk_factors:5
0001569345-26-000038,0001569345,"Sprinklr, Inc.  (CXM)",10-Q,2026-09-03,agentic,7,other:1;risk_factors:6
0001571996-26-000008,0001571996,Dell Technologies Inc.  (DELL),10-K,2026-03-16,agentic,1,risk_factors:1
0001573221-26-000010,0001573221,"TheRealReal, Inc.  (REAL)",10-K,2026-02-26,agentic,1,risk_factors:1
0001573221-26-000046,0001573221,"TheRealReal, Inc.  (REAL)",10-Q,2026-05-07,agentic,1,risk_factors:1
0001573221-26-000053,0001573221,"TheRealReal, Inc.  (REAL)",10-Q,2026-08-06,agentic,1,risk_factors:1
0001576427-26-000014,0001576427,Criteo S.A.  (CRTO),10-K,2026-02-26,AI agents;agentic,9,business:8;risk_factors:1
0001576427-26-000048,0001576427,Criteo S.A.  (CRTO),10-Q,2026-05-06,agentic,1,other:1
0001576427-26-000092,0001576427,Criteo S.A.  (CRTO),10-Q,2026-08-05,agentic,2,other:1;risk_factors:1
0001577526-25-000033,0001577526,"C3.ai, Inc.  (AI)",10-Q,2025-09-09,AI agents;agentic,35,mdna:28;other:3;risk_factors:4
0001577526-25-000055,0001577526,"C3.ai, Inc.  (AI)",10-Q,2025-12-09,AI agent;AI agents;agentic,45,mdna:34;other:3;risk_factors:8
0001577526-26-000024,0001577526,"C3.ai, Inc.  (AI)",10-Q,2026-03-11,AI agent;AI agents;agentic,46,mdna:35;other:3;risk_factors:8
0001577526-26-000078,0001577526,"C3.ai, Inc.  (AI)",10-K,2026-06-24,AI agent;AI agents;agentic;autonomous agents,128,business:72;mdna:27;other:21;risk_factors:8
0001577526-26-000126,0001577526,"C3.ai, Inc.  (AI)",10-Q,2026-09-09,AI agent;AI agents;agentic;autonomous agents,35,mdna:24;other:3;risk_factors:8
0001580560-26-000016,0001580560,Flywire Corp  (FLYW),10-Q,2026-08-05,agentic,1,risk_factors:1
0001580808-26-000045,0001580808,"A10 Networks, Inc.  (ATEN)",10-Q,2026-08-06,agentic,2,mdna:1;other:1
0001581068-26-000007,0001581068,Brixmor Property Group Inc.  (BRX),10-K,2026-02-09,agentic,1,risk_factors:1
0001582961-25-000138,0001582961,"DigitalOcean Holdings, Inc.  (DOCN)",10-Q,2025-08-05,AI agents;agentic,6,mdna:4;other:2
0001582961-25-000150,0001582961,"DigitalOcean Holdings, Inc.  (DOCN)",10-Q,2025-11-05,AI agents;agentic,6,mdna:4;other:2
0001582961-26-000019,0001582961,"DigitalOcean Holdings, Inc.  (DOCN)",10-K,2026-02-24,AI agents;agentic,23,business:14;mdna:9
0001582961-26-000049,0001582961,"DigitalOcean Holdings, Inc.  (DOCN)",10-Q,2026-05-05,AI agents;agentic,11,mdna:7;other:4
0001583708-25-000106,0001583708,"SentinelOne, Inc.  (S)",10-Q,2025-05-28,agentic,1,risk_factors:1
0001583708-25-000148,0001583708,"SentinelOne, Inc.  (S)",10-Q,2025-08-28,agentic,1,risk_factors:1
0001583708-25-000159,0001583708,"SentinelOne, Inc.  (S)",10-Q,2025-12-04,agentic,4,other:1;risk_factors:3
0001583708-26-000020,0001583708,"SentinelOne, Inc.  (S)",10-K,2026-03-19,agentic,5,other:1;risk_factors:4
0001583708-26-000041,0001583708,"SentinelOne, Inc.  (S)",10-Q,2026-05-28,agentic,5,other:1;risk_factors:4
0001583708-26-000055,0001583708,"SentinelOne, Inc.  (S)",10-Q,2026-08-28,agentic,4,other:1;risk_factors:3
0001585521-25-000042,0001585521,"Zoom Communications, Inc.  (ZM)",10-K,2025-02-28,agentic,3,business:1;risk_factors:2
0001585521-25-000090,0001585521,"Zoom Communications, Inc.  (ZM)",10-Q,2025-05-23,agentic,4,mdna:2;risk_factors:2
0001585521-25-000141,0001585521,"Zoom Communications, Inc.  (ZM)",10-Q,2025-08-22,agentic,6,mdna:4;risk_factors:2
0001585521-25-000202,0001585521,"Zoom Communications, Inc.  (ZM)",10-Q,2025-11-25,agentic,6,mdna:4;risk_factors:2
0001585521-26-000030,0001585521,"Zoom Communications, Inc.  (ZM)",10-K,2026-02-27,agentic,8,business:2;mdna:4;risk_factors:2
0001585521-26-000071,0001585521,"Zoom Communications, Inc.  (ZM)",10-Q,2026-05-22,agentic,5,mdna:3;risk_factors:2
0001585521-26-000121,0001585521,"Zoom Communications, Inc.  (ZM)",10-Q,2026-08-26,AI agents;agentic,10,mdna:7;other:1;risk_factors:2
0001585689-26-000007,0001585689,Hilton Worldwide Holdings Inc.  (HLT),10-K,2026-02-11,agentic,2,risk_factors:2
0001590895-25-000068,0001590895,"Caesars Entertainment, Inc.  (CZR)",10-K,2025-02-25,digital labor,0,
0001590895-25-000110,0001590895,"Caesars Entertainment, Inc.  (CZR)",10-Q,2025-04-29,digital labor,0,
0001590895-25-000126,0001590895,"Caesars Entertainment, Inc.  (CZR)",10-Q,2025-07-29,digital labor,0,
0001590895-25-000130,0001590895,"Caesars Entertainment, Inc.  (CZR)",10-Q,2025-10-28,digital labor,0,
0001590895-26-000011,0001590895,"Caesars Entertainment, Inc.  (CZR)",10-K,2026-02-17,digital labor,0,
0001590895-26-000016,0001590895,"Caesars Entertainment, Inc.  (CZR)",10-Q,2026-04-28,digital labor,0,
0001590895-26-000028,0001590895,"Caesars Entertainment, Inc.  (CZR)",10-Q,2026-07-28,digital labor,0,
0001593275-26-000021,0001593275,"Hamilton Insurance Group, Ltd.  (HG)",10-K,2026-02-25,agentic,2,other:2
0001594805-26-000007,0001594805,SHOPIFY INC.  (SHOP),10-K,2026-02-11,agentic,2,business:1;risk_factors:1
0001594805-26-000011,0001594805,SHOPIFY INC.  (SHOP),10-K/A,2026-04-29,agentic,2,other:2
0001596532-25-000028,0001596532,"Arista Networks, Inc.  (ANET)",10-K,2025-02-19,AI agent,1,business:1
0001596532-26-000013,0001596532,"Arista Networks, Inc.  (ANET)",10-K,2026-02-17,agentic,6,business:3;mdna:1;risk_factors:2
0001596532-26-000078,0001596532,"Arista Networks, Inc.  (ANET)",10-Q,2026-05-06,agentic,3,mdna:1;risk_factors:2
0001596532-26-000175,0001596532,"Arista Networks, Inc.  (ANET)",10-Q,2026-08-05,agentic,3,mdna:1;risk_factors:2
0001601712-26-000006,0001601712,"Synchrony Financial  (SYF, SYF-PA, SYF-PB)",10-K,2026-02-06,agentic,1,other:1
0001601830-23-000069,0001601830,"RECURSION PHARMACEUTICALS, INC.  (RXRX)",10-Q,2023-11-09,autonomous agents,1,mdna:1
0001601830-24-000019,0001601830,"RECURSION PHARMACEUTICALS, INC.  (RXRX)",10-K,2024-02-29,AI agents,1,business:1
0001601830-25-000035,0001601830,"RECURSION PHARMACEUTICALS, INC.  (RXRX)",10-K,2025-02-28,agentic,2,business:2
0001601830-26-000039,0001601830,"RECURSION PHARMACEUTICALS, INC.  (RXRX)",10-K,2026-02-25,AI agents;agentic,5,business:4;risk_factors:1
0001601830-26-000098,0001601830,"RECURSION PHARMACEUTICALS, INC.  (RXRX)",10-Q,2026-08-05,agentic,1,mdna:1
0001606498-26-000004,0001606498,"AVANOS MEDICAL, INC.  (AVNS)",10-K,2026-02-24,AI agents,1,risk_factors:1
0001609151-26-000016,0001609151,"Weave Communications, Inc.  (WEAV)",10-K,2026-03-05,agentic,2,business:2
0001609151-26-000049,0001609151,"Weave Communications, Inc.  (WEAV)",10-Q,2026-05-05,AI agents;agentic,2,mdna:2
0001609151-26-000074,0001609151,"Weave Communications, Inc.  (WEAV)",10-Q,2026-08-06,AI agents;agentic,2,mdna:2
0001609711-25-000023,0001609711,GoDaddy Inc.  (GDDY),10-K,2025-02-20,agentic,1,other:1
0001609711-25-000077,0001609711,GoDaddy Inc.  (GDDY),10-Q,2025-05-02,agentic,1,other:1
0001609711-25-000154,0001609711,GoDaddy Inc.  (GDDY),10-Q,2025-08-08,agentic,1,other:1
0001609711-25-000209,0001609711,GoDaddy Inc.  (GDDY),10-Q,2025-10-31,agentic,1,other:1
0001609711-26-000010,0001609711,GoDaddy Inc.  (GDDY),10-K,2026-02-25,agentic,18,business:12;mdna:2;risk_factors:4
0001609711-26-000037,0001609711,GoDaddy Inc.  (GDDY),10-Q,2026-05-01,agentic,6,risk_factors:6
0001609711-26-000088,0001609711,GoDaddy Inc.  (GDDY),10-Q,2026-07-31,agentic,7,risk_factors:7
0001611052-25-000007,0001611052,"PROCORE TECHNOLOGIES, INC.  (PCOR)",10-Q,2025-08-01,agentic,1,risk_factors:1
0001624322-26-000028,0001624322,"Business First Bancshares, Inc.  (BFST)",10-Q,2026-05-01,agentic,1,mdna:1
0001624322-26-000037,0001624322,"Business First Bancshares, Inc.  (BFST)",10-Q,2026-07-31,agentic,1,mdna:1
0001625278-26-000014,0001625278,"NERDWALLET, INC.  (NRDS)",10-K,2026-02-25,agentic,1,risk_factors:1
0001625641-26-000108,0001625641,"CS Disco, Inc.  (LAW)",10-Q,2026-05-06,agentic,1,risk_factors:1
0001625641-26-000162,0001625641,"CS Disco, Inc.  (LAW)",10-Q,2026-08-05,agentic,1,risk_factors:1
0001627475-26-000034,0001627475,"UPWORK, INC  (UPWK)",10-Q,2026-05-07,AI agents,1,risk_factors:1
0001627475-26-000047,0001627475,"UPWORK, INC  (UPWK)",10-Q,2026-08-10,AI agents,1,risk_factors:1
0001628280-24-028786,0001577526,"C3.ai, Inc.  (AI)",10-K,2024-06-18,AI agents,1,business:1
0001628280-24-050538,0001577526,"C3.ai, Inc.  (AI)",10-Q,2024-12-10,AI agents;agentic,7,mdna:7
0001628280-25-004187,0001361113,VARONIS SYSTEMS INC  (VRNS),10-K,2025-02-06,AI agents,1,business:1
0001628280-25-008232,0001522540,"Marqeta, Inc.  (MQ)",10-K,2025-02-26,agentic,1,risk_factors:1
0001628280-25-011069,0001577526,"C3.ai, Inc.  (AI)",10-Q,2025-03-07,AI agents;agentic,8,mdna:8
0001628280-25-014344,0001653482,Gitlab Inc.  (GTLB),10-K,2025-03-21,agentic,2,business:2
0001628280-25-021538,0001512673,"Block, Inc.  (XYZ, BSQKZ)",10-Q,2025-05-01,AI agents,1,risk_factors:1
0001628280-25-023196,0001361113,VARONIS SYSTEMS INC  (VRNS),10-Q,2025-05-07,agentic,1,mdna:1
0001628280-25-029438,0001838163,"Brand Engagement Network Inc.  (BNAI, BNAIW)",10-Q,2025-06-05,AI agent,2,mdna:2
0001628280-25-032604,0001577526,"C3.ai, Inc.  (AI)",10-K,2025-06-23,AI agents;agentic;autonomous agents,110,business:56;mdna:29;other:21;risk_factors:4
0001628280-25-036728,0001361113,VARONIS SYSTEMS INC  (VRNS),10-Q,2025-07-30,agentic,1,mdna:1
0001628280-25-037656,0001383312,"BROADRIDGE FINANCIAL SOLUTIONS, INC.  (BR)",10-K,2025-08-05,agentic,1,business:1
0001628280-25-038920,0001512673,"Block, Inc.  (XYZ, BSQKZ)",10-Q,2025-08-07,AI agents,1,risk_factors:1
0001628280-25-039200,0001262976,CIMPRESS plc  (CMPR),10-K,2025-08-08,agentic,3,risk_factors:3
0001628280-25-045769,0001013237,FACTSET RESEARCH SYSTEMS INC  (FDS),10-K,2025-10-22,agentic,6,risk_factors:6
0001628280-25-047145,0001361113,VARONIS SYSTEMS INC  (VRNS),10-Q,2025-10-29,agentic,1,mdna:1
0001628280-25-049225,0001773383,"Dynatrace, Inc.  (DT)",10-Q,2025-11-05,agentic,2,mdna:1;risk_factors:1
0001628280-25-049313,0000816761,TERADATA CORP /DE/  (TDC),10-Q,2025-11-05,agentic,1,other:1
0001628280-25-050187,0001490281,"Groupon, Inc.  (GRPN)",10-Q,2025-11-06,AI agents,1,mdna:1
0001628280-25-050234,0001512673,"Block, Inc.  (XYZ, BSQKZ)",10-Q,2025-11-06,AI agents,2,risk_factors:2
0001628280-25-050328,0001786352,"BILL Holdings, Inc.  (BILL)",10-Q,2025-11-07,AI agents;agentic,7,mdna:2;risk_factors:5
0001628280-25-050628,0001666134,"BLACKLINE, INC.  (BL)",10-Q,2025-11-07,AI agents,4,risk_factors:4
0001628280-25-051180,0001820302,"Bakkt Holdings, Inc.  (BKKT, BKKT-WT)",10-Q,2025-11-12,agentic,1,other:1
0001628280-25-051619,0001806952,"Lyell Immunopharma, Inc.  (LYEL)",10-Q,2025-11-12,AI agents,1,risk_factors:1
0001628280-25-053372,0001768267,Cerence Inc.  (CRNC),10-K,2025-11-20,AI agents;agentic,4,business:3;mdna:1
0001628280-25-054840,0001653482,Gitlab Inc.  (GTLB),10-Q,2025-12-03,agentic,1,risk_factors:1
0001628280-26-003942,0001326801,"Meta Platforms, Inc.  (META)",10-K,2026-01-29,AI agents,1,risk_factors:1
0001628280-26-005450,0001361113,VARONIS SYSTEMS INC  (VRNS),10-K,2026-02-04,AI agents;agentic,4,business:3;mdna:1
0001628280-26-005569,0001768267,Cerence Inc.  (CRNC),10-Q,2026-02-05,agentic,1,mdna:1
0001628280-26-005879,0001786352,"BILL Holdings, Inc.  (BILL)",10-Q,2026-02-06,AI agents;agentic,7,mdna:2;risk_factors:5
0001628280-26-007668,0000877212,ZEBRA TECHNOLOGIES CORP  (ZBRA),10-K,2026-02-12,AI agents,2,business:1;mdna:1
0001628280-26-007703,0001120193,"NASDAQ, INC.  (NDAQ)",10-K,2026-02-12,agentic,4,business:1;risk_factors:3
0001628280-26-008116,0000315293,Aon plc  (AON),10-K,2026-02-13,agentic,1,risk_factors:1
0001628280-26-008131,0000019617,"JPMORGAN CHASE & CO  (JPM, AMJB, VYLD, JPM-PC, JPM-PD, JPM-PJ, JPM-PK, JPM-PL, JPM-PM)",10-K,2026-02-13,AI agents;agentic,3,risk_factors:3
0001628280-26-008322,0001478242,IQVIA HOLDINGS INC.  (IQV),10-K,2026-02-17,AI agents;agentic,3,business:1;risk_factors:2
0001628280-26-008800,0001597033,Sabre Corp  (SABR),10-K,2026-02-18,agentic,2,business:1;other:1
0001628280-26-009136,0001059556,MOODYS CORP /DE/  (MCO),10-K,2026-02-18,agentic,10,business:6;risk_factors:4
0001628280-26-009228,0001579878,"Figma, Inc.  (FIG)",10-K,2026-02-18,AI agents;agentic,2,business:1;risk_factors:1
0001628280-26-010336,0001212545,"WESTERN ALLIANCE BANCORPORATION  (WAL, WAL-PA)",10-K,2026-02-23,agentic,1,risk_factors:1
0001628280-26-011055,0001611052,"PROCORE TECHNOLOGIES, INC.  (PCOR)",10-K,2026-02-24,AI agents;agentic,8,business:4;mdna:1;other:1;risk_factors:2
0001628280-26-011405,0000104889,Graham Holdings Co  (GHC),10-K,2026-02-25,agentic,1,business:1
0001628280-26-011618,0000090498,SIMMONS FIRST NATIONAL CORP  (SFNC),10-K,2026-02-25,agentic,1,risk_factors:1
0001628280-26-011634,0001530979,"Honest Company, Inc.  (HNST)",10-K,2026-02-25,agentic,2,risk_factors:2
0001628280-26-011709,0000717423,MURPHY OIL CORP  (MUR),10-K,2026-02-25,AI agents,1,risk_factors:1
0001628280-26-011915,0001666134,"BLACKLINE, INC.  (BL)",10-K,2026-02-26,AI agents;agentic,6,business:1;other:1;risk_factors:4
0001628280-26-012254,0001512673,"Block, Inc.  (XYZ, BSQKZ)",10-K,2026-02-26,AI agents,3,business:1;risk_factors:2
0001628280-26-012270,0000884144,ASURE SOFTWARE INC  (ASUR),10-K,2026-02-26,digital workers,1,business:1
0001628280-26-012313,0000791963,OPPENHEIMER HOLDINGS INC  (OPY),10-K,2026-02-26,agentic,1,risk_factors:1
0001628280-26-012671,0000816761,TERADATA CORP /DE/  (TDC),10-K,2026-02-27,AI agents;agentic;autonomous agents,22,business:20;mdna:1;other:1
0001628280-26-013126,0001810546,"Eastern Bankshares, Inc.  (EBC)",10-K,2026-03-02,agentic,2,risk_factors:2
0001628280-26-013588,0001897762,Ingram Micro Holding Corp  (INGM),10-K,2026-03-03,agentic,1,business:1
0001628280-26-014379,0001710155,"National Vision Holdings, Inc.  (EYE)",10-K,2026-03-04,agentic,1,other:1
0001628280-26-015252,0001847590,Bowman Consulting Group Ltd.  (BWMN),10-K,2026-03-05,agentic,1,business:1
0001628280-26-015637,0001611115,"Omada Health, Inc.  (OMDA)",10-K,2026-03-06,AI agent,1,business:1
0001628280-26-015791,0001141103,CROSS COUNTRY HEALTHCARE INC  (CCRN),10-K,2026-03-09,agentic,2,risk_factors:2
0001628280-26-015817,0001820872,"Global Business Travel Group, Inc.  (GBTG)",10-K,2026-03-09,agentic,2,business:2
0001628280-26-016429,0001490281,"Groupon, Inc.  (GRPN)",10-K,2026-03-10,AI agents,1,business:1
0001628280-26-016799,0001441816,"MongoDB, Inc.  (MDB)",10-K,2026-03-11,agentic,2,risk_factors:2
0001628280-26-017253,0001806952,"Lyell Immunopharma, Inc.  (LYEL)",10-K,2026-03-12,AI agents,1,risk_factors:1
0001628280-26-017343,0001853070,"Volato Group, Inc.  (SOAR, SOARW)",10-K,2026-03-12,autonomous agents,2,business:1;mdna:1
0001628280-26-018167,0001642896,Samsara Inc.  (IOT),10-K,2026-03-16,AI agents,1,business:1
0001628280-26-018182,0001432133,KALTURA INC  (KLTR),10-K,2026-03-16,agentic,45,business:31;mdna:9;other:1;risk_factors:4
0001628280-26-018731,0001653482,Gitlab Inc.  (GTLB),10-K,2026-03-17,AI agent;AI agents;agentic,16,business:12;mdna:2;risk_factors:2
0001628280-26-019436,0000354950,"HOME DEPOT, INC.  (HD)",10-K,2026-03-18,agentic,1,risk_factors:1
0001628280-26-019870,0001820302,"Bakkt, Inc.  (BKKT, BKKT-WT)",10-K,2026-03-19,AI agents;agentic,6,business:3;mdna:2;other:1
0001628280-26-021721,0000794367,"Macy's, Inc.  (M)",10-K,2026-03-27,agentic,3,risk_factors:3
0001628280-26-022508,0001098146,PATRIOT NATIONAL BANCORP INC  (PNBK),10-K,2026-03-31,agentic,1,risk_factors:1
0001628280-26-023250,0001639723,"Navan, Inc.  (NAVN)",10-K,2026-04-02,agentic,4,business:1;risk_factors:3
0001628280-26-025356,0001505952,"DOMO, INC.  (DOMO)",10-K,2026-04-16,AI agents,2,business:2
0001628280-26-028411,0001361113,VARONIS SYSTEMS INC  (VRNS),10-Q,2026-04-29,AI agents;agentic,5,mdna:4;other:1
0001628280-26-028526,0001326801,"Meta Platforms, Inc.  (META)",10-Q,2026-04-30,AI agent;AI agents;agentic,6,risk_factors:6
0001628280-26-028904,0001315098,Roblox Corp  (RBLX),10-Q,2026-04-30,AI agent;agentic,4,risk_factors:4
0001628280-26-028926,0000912093,VIAVI SOLUTIONS INC.  (VIAV),10-Q,2026-04-30,agentic,2,risk_factors:2
0001628280-26-030867,0001651308,"BeOne Medicines Ltd.  (ONC, BEIGF)",10-Q,2026-05-06,AI agents;autonomous agents,3,risk_factors:3
0001628280-26-031053,0000816761,TERADATA CORP /DE/  (TDC),10-Q,2026-05-06,agentic,1,other:1
0001628280-26-031205,0000090498,SIMMONS FIRST NATIONAL CORP  (SFNC),10-Q,2026-05-06,agentic,1,risk_factors:1
0001628280-26-031230,0001611052,"PROCORE TECHNOLOGIES, INC.  (PCOR)",10-Q,2026-05-06,agentic,2,mdna:1;other:1
0001628280-26-031284,0001806952,"Lyell Immunopharma, Inc.  (LYEL)",10-Q,2026-05-06,AI agents,1,risk_factors:1
0001628280-26-032124,0001490281,"Groupon, Inc.  (GRPN)",10-Q,2026-05-07,AI agents;agentic,6,mdna:2;other:1;risk_factors:3
0001628280-26-032139,0001768267,Cerence Inc.  (CRNC),10-Q,2026-05-07,agentic,1,mdna:1
0001628280-26-032200,0001512673,"Block, Inc.  (XYZ, BSQKZ)",10-Q,2026-05-07,AI agents,2,risk_factors:2
0001628280-26-032255,0001666134,"BLACKLINE, INC.  (BL)",10-Q,2026-05-07,AI agents;agentic,12,risk_factors:12
0001628280-26-032387,0001786352,"BILL Holdings, Inc.  (BILL)",10-Q,2026-05-08,AI agents;agentic,8,mdna:2;risk_factors:6
0001628280-26-032412,0001759509,"Lyft, Inc.  (LYFT)",10-Q,2026-05-08,agentic,2,risk_factors:2
0001628280-26-033466,0001432133,KALTURA INC  (KLTR),10-Q,2026-05-11,agentic,10,mdna:9;other:1
0001628280-26-033576,0001820302,"Bakkt, Inc.  (BKKT, BKKT-WT)",10-Q,2026-05-11,AI agents;agentic,6,mdna:5;other:1
0001628280-26-034109,0000877212,ZEBRA TECHNOLOGIES CORP  (ZBRA),10-Q,2026-05-12,AI agents,1,mdna:1
0001628280-26-035209,0001579878,"Figma, Inc.  (FIG)",10-Q,2026-05-14,AI agent;AI agents,10,risk_factors:10
0001628280-26-037521,0001443646,Booz Allen Hamilton Holding Corp  (BAH),10-K,2026-05-22,agentic,2,business:1;risk_factors:1
0001628280-26-038115,0000317788,"Digital Turbine, Inc.  (APPS)",10-K,2026-05-26,agentic,1,risk_factors:1
0001628280-26-039150,0001441816,"MongoDB, Inc.  (MDB)",10-Q,2026-05-29,agentic,2,risk_factors:2
0001628280-26-039793,0001653482,Gitlab Inc.  (GTLB),10-Q,2026-06-02,AI agents;agentic,4,mdna:2;risk_factors:2
0001628280-26-042552,0001639723,"Navan, Inc.  (NAVN)",10-Q,2026-06-11,agentic,3,risk_factors:3
0001628280-26-050630,0001361113,VARONIS SYSTEMS INC  (VRNS),10-Q,2026-07-29,AI agents;agentic,6,mdna:4;other:1;risk_factors:1
0001628280-26-050705,0001326801,"Meta Platforms, Inc.  (META)",10-Q,2026-07-30,AI agent;AI agents;agentic,6,risk_factors:6
0001628280-26-051082,0001315098,Roblox Corp  (RBLX),10-Q,2026-07-30,AI agent;AI agents;agentic,6,risk_factors:6
0001628280-26-051460,0001611052,"PROCORE TECHNOLOGIES, INC.  (PCOR)",10-Q,2026-07-31,AI agents;agentic,4,mdna:1;other:1;risk_factors:2
0001628280-26-052243,0001383312,"BROADRIDGE FINANCIAL SOLUTIONS, INC.  (BR)",10-K,2026-08-04,agentic,6,business:4;other:1;risk_factors:1
0001628280-26-052550,0000877212,ZEBRA TECHNOLOGIES CORP  (ZBRA),10-Q,2026-08-04,AI agents,1,mdna:1
0001628280-26-052554,0001655759,"ARVINAS, INC.  (ARVN)",10-Q,2026-08-04,AI agent,1,risk_factors:1
0001628280-26-052556,0001582961,"DigitalOcean Holdings, Inc.  (DOCN)",10-Q,2026-08-04,AI agents;agentic,11,mdna:7;other:4
0001628280-26-052878,0001651308,"BeOne Medicines Ltd.  (ONC, BEIGF)",10-Q,2026-08-05,AI agents;autonomous agents,3,risk_factors:3
0001628280-26-052959,0001432133,KALTURA INC  (KLTR),10-Q,2026-08-05,agentic,10,mdna:9;other:1
0001628280-26-053103,0000816761,TERADATA CORP /DE/  (TDC),10-Q,2026-08-05,agentic,1,other:1
0001628280-26-053273,0000090498,SIMMONS FIRST NATIONAL CORP  (SFNC),10-Q,2026-08-05,agentic,1,risk_factors:1
0001628280-26-053343,0001595974,"MAGNITE, INC.  (MGNI)",10-Q,2026-08-05,agentic,1,mdna:1
0001628280-26-053348,0001579878,"Figma, Inc.  (FIG)",10-Q,2026-08-05,AI agent;AI agents;agentic,15,mdna:1;risk_factors:14
0001628280-26-053353,0001666134,"BLACKLINE, INC.  (BL)",10-Q,2026-08-05,AI agents;agentic,16,mdna:2;other:1;risk_factors:13
0001628280-26-053368,0001512673,"Block, Inc.  (XYZ, BSQKZ)",10-Q,2026-08-05,AI agents,3,risk_factors:3
0001628280-26-054304,0001490281,"Groupon, Inc.  (GRPN)",10-Q,2026-08-06,AI agents,3,mdna:2;other:1
0001628280-26-054339,0001768267,Cerence Inc.  (CRNC),10-Q,2026-08-06,agentic,1,mdna:1
0001628280-26-054342,0001846576,"FIGS, Inc.  (FIGS)",10-Q,2026-08-06,agentic,1,risk_factors:1
0001628280-26-054367,0001806952,"Lyell Immunopharma, Inc.  (LYEL)",10-Q,2026-08-06,AI agents,1,risk_factors:1
0001628280-26-054499,0001759509,"Lyft, Inc.  (LYFT)",10-Q,2026-08-07,agentic,2,risk_factors:2
0001628280-26-055208,0000894871,"Arena Group Holdings, Inc.  (AREN)",10-Q,2026-08-10,agentic,1,risk_factors:1
0001628280-26-055275,0001820302,"Bakkt, Inc.  (BKKT, BKKT-WT)",10-Q,2026-08-10,AI agent;agentic,5,mdna:4;other:1
0001628280-26-055982,0001784570,"BETA Technologies, Inc.  (BETA)",10-Q,2026-08-12,agentic,1,other:1
0001628280-26-056765,0000912093,VIAVI SOLUTIONS INC.  (VIAV),10-K,2026-08-13,agentic,3,business:1;risk_factors:2
0001628280-26-057139,0000106040,WESTERN DIGITAL CORP  (WDC),10-K,2026-08-14,agentic,1,risk_factors:1
0001628280-26-057406,0002023554,Sandisk Corp  (SNDK),10-K,2026-08-17,agentic,2,risk_factors:2
0001628280-26-058018,0001549084,ChronoScale Holdings Corp  (CHRN),10-K,2026-08-19,agentic,4,business:3;other:1
0001628280-26-058235,0000006951,APPLIED MATERIALS INC /DE  (AMAT),10-Q,2026-08-20,AI agents,1,risk_factors:1
0001628280-26-058238,0001786352,"BILL Holdings, Inc.  (BILL)",10-K,2026-08-20,AI agents;agentic,12,business:4;mdna:2;risk_factors:6
0001628280-26-059830,0001441816,"MongoDB, Inc.  (MDB)",10-Q,2026-09-01,AI agents;agentic,7,risk_factors:7
0001628280-26-059943,0001653482,Gitlab Inc.  (GTLB),10-Q,2026-09-02,AI agents;agentic,7,mdna:2;other:1;risk_factors:4
0001628280-26-060770,0001777393,"ChargePoint Holdings, Inc.  (CHPT)",10-Q,2026-09-04,agentic,1,risk_factors:1
0001628280-26-060909,0001642896,Samsara Inc.  (IOT),10-Q,2026-09-08,AI agent;AI agents;agentic,10,risk_factors:10
0001628280-26-061416,0001639723,"Navan, Inc.  (NAVN)",10-Q,2026-09-10,AI agents;agentic,4,mdna:1;risk_factors:3
0001628280-26-061594,0001787117,Reformation Inc.  (REF),10-Q,2026-09-11,agentic,1,risk_factors:1
0001628280-26-063365,0001576942,"Stitch Fix, Inc.  (SFIX)",10-K,2026-09-24,agentic,1,risk_factors:1
0001633917-26-000024,0001633917,"PayPal Holdings, Inc.  (PYPL)",10-K,2026-02-03,AI agents;agentic,4,business:2;risk_factors:2
0001633917-26-000082,0001633917,"PayPal Holdings, Inc.  (PYPL)",10-Q,2026-07-28,autonomous agents,1,risk_factors:1
0001635088-26-000011,0001635088,Roivant Sciences Ltd.  (ROIV),10-Q,2026-02-06,agentic,1,risk_factors:1
0001635088-26-000061,0001635088,Roivant Sciences Ltd.  (ROIV),10-K,2026-05-20,agentic,1,risk_factors:1
0001635282-25-000215,0001635282,"Rimini Street, Inc.  (RMNI)",10-Q,2025-10-30,agentic,3,risk_factors:3
0001635282-26-000014,0001635282,"Rimini Street, Inc.  (RMNI)",10-K,2026-02-19,AI agents;agentic,67,business:38;mdna:3;other:2;risk_factors:24
0001635282-26-000042,0001635282,"Rimini Street, Inc.  (RMNI)",10-Q,2026-04-30,agentic,29,mdna:4;other:1;risk_factors:24
0001635282-26-000056,0001635282,"Rimini Street, Inc.  (RMNI)",10-Q,2026-07-30,agentic;autonomous agents,33,mdna:6;other:1;risk_factors:26
0001638826-26-000028,0001638826,"ServiceTitan, Inc.  (TTAN)",10-K,2026-03-25,agentic,6,business:2;risk_factors:4
0001638826-26-000047,0001638826,"ServiceTitan, Inc.  (TTAN)",10-Q,2026-06-05,agentic,4,risk_factors:4
0001638826-26-000094,0001638826,"ServiceTitan, Inc.  (TTAN)",10-Q,2026-09-08,agentic,4,risk_factors:4
0001639723-25-000017,0001639723,"Navan, Inc.  (NAVN)",10-Q,2025-12-15,agentic,2,risk_factors:2
0001640147-26-000008,0001640147,Snowflake Inc.  (SNOW),10-K,2026-03-20,AI agents;agentic,7,business:6;risk_factors:1
0001640147-26-000030,0001640147,Snowflake Inc.  (SNOW),10-Q,2026-05-29,AI agents,3,mdna:1;other:1;risk_factors:1
0001640147-26-000037,0001640147,Snowflake Inc.  (SNOW),10-Q,2026-09-04,AI agents;agentic,6,mdna:1;other:1;risk_factors:4
0001640334-25-001202,0001678105,Caro Holdings Inc.  (CAHO),10-K,2025-07-15,AI agents,1,business:1
0001640334-25-001566,0001678105,Caro Holdings Inc.  (CAHO),10-Q,2025-08-19,AI agents,1,mdna:1
0001640334-26-001184,0001678105,Caro Holdings Inc.  (CAHO),10-K,2026-07-15,AI agents,1,business:1
0001641172-25-000794,0001861622,Jet.AI Inc.  (JTAI),10-K,2025-03-26,agentic,3,other:3
0001641172-25-004557,0001862935,Currenc Group Inc.  (CURR),10-K,2025-04-14,AI agent;AI agents,2,other:2
0001641172-25-004803,0001589149,"Greenwave Technology Solutions, Inc.  (GWAV)",10-K,2025-04-15,AI agent,1,other:1
0001641172-25-011783,0001862935,Currenc Group Inc.  (CURR),10-Q,2025-05-20,AI agent;AI agents,2,other:2
0001641172-25-012903,0001498148,Artificial Intelligence Technology Solutions Inc.  (AITX),10-K,2025-05-29,AI agent;AI agents;agentic,30,other:30
0001641172-25-015188,0001473490,"Global AI, Inc.  (GLAI)",10-K,2025-06-16,agentic,3,other:3
0001641172-25-016647,0001868640,"Roadzen Inc.  (RDZN, RDZNW)",10-K,2025-06-26,AI agents,2,mdna:1;other:1
0001641172-25-017129,0001473490,"Global AI, Inc.  (GLAI)",10-Q,2025-06-30,agentic,2,other:2
0001641172-25-019545,0001879001,"Verses AI Inc.  (VRSSD, VRSSF)",10-K,2025-07-14,AI agents;agentic;autonomous agents,11,other:11
0001641172-25-022432,0001560258,"electroCore, Inc.  (ECOR)",10-Q,2025-08-06,AI agents,0,
0001641172-25-023491,0001868640,"Roadzen Inc.  (RDZN, RDZNW)",10-Q,2025-08-13,AI agents,1,other:1
0001641172-25-024071,0001473490,"Global AI, Inc.  (GLAI)",10-Q,2025-08-14,agentic,2,other:2
0001641172-25-024140,0001896212,"CDT Equity Inc.  (CDT, CDTTW)",10-Q,2025-08-14,AI agent,1,other:1
0001641172-25-024186,0001879001,Verses AI Inc.  (VRSSF),10-Q,2025-08-14,agentic,1,other:1
0001646972-26-000032,0001646972,"Albertsons Companies, Inc.  (ACI)",10-K,2026-04-27,AI agents;agentic,3,risk_factors:3
0001647639-26-000027,0001647639,"Upstart Holdings, Inc.  (UPST)",10-K,2026-02-10,agentic,3,business:1;risk_factors:2
0001647639-26-000046,0001647639,"Upstart Holdings, Inc.  (UPST)",10-Q,2026-05-05,agentic,3,risk_factors:3
0001647639-26-000063,0001647639,"Upstart Holdings, Inc.  (UPST)",10-Q,2026-08-04,agentic,3,risk_factors:3
0001647639-26-000066,0001647639,"Upstart Holdings, Inc.  (UPST)",10-Q/A,2026-08-05,agentic,3,risk_factors:3
0001650164-26-000114,0001650164,"Toast, Inc.  (TOST)",10-Q,2026-05-08,agentic,2,mdna:1;other:1
0001650164-26-000164,0001650164,"Toast, Inc.  (TOST)",10-Q,2026-08-05,agentic,2,mdna:1;other:1
0001650372-25-000036,0001650372,Atlassian Corp  (TEAM),10-K,2025-08-15,AI agents,7,business:2;mdna:2;other:2;risk_factors:1
0001650372-25-000068,0001650372,Atlassian Corp  (TEAM),10-Q,2025-10-31,AI agents,4,mdna:2;other:1;risk_factors:1
0001650372-26-000011,0001650372,Atlassian Corp  (TEAM),10-Q,2026-02-06,AI agents,4,mdna:2;other:1;risk_factors:1
0001650372-26-000027,0001650372,Atlassian Corp  (TEAM),10-Q,2026-05-01,AI agents,4,mdna:2;other:1;risk_factors:1
0001650372-26-000036,0001650372,Atlassian Corp  (TEAM),10-K,2026-08-14,AI agents,13,business:8;mdna:2;other:2;risk_factors:1
0001652044-24-000022,0001652044,"Alphabet Inc.  (GOOG, GOOGL)",10-K,2024-01-31,AI agents,2,business:2
0001652044-25-000014,0001652044,"Alphabet Inc.  (GOOG, GOOGL)",10-K,2025-02-05,AI agents,2,business:2
0001652044-26-000018,0001652044,"Alphabet Inc.  (GOOG, GOOGL)",10-K,2026-02-05,AI agents;agentic,2,business:2
0001653482-25-000010,0001653482,Gitlab Inc.  (GTLB),10-Q,2025-09-04,agentic,1,risk_factors:1
0001654954-24-004626,0001497230,"SMC Entertainment, Inc.  (SMCE)",10-K,2024-04-15,autonomous agents,2,business:2
0001654954-25-002032,0000829323,"Inuvo, Inc.  (INUV)",10-K,2025-02-27,AI agent,1,mdna:1
0001654954-25-004309,0001497230,"SMC Entertainment, Inc.  (SMCE)",10-K,2025-04-15,autonomous agents,2,business:2
0001654954-26-001435,0001082733,"VISIUM TECHNOLOGIES, INC.  (VISM)",10-Q,2026-02-20,agentic,27,mdna:22;other:5
0001654954-26-001943,0000829323,"Inuvo, Inc.  (INUV)",10-K,2026-03-05,AI agents;agentic,6,business:3;mdna:3
0001654954-26-002342,0001320760,"TSS, Inc.  (TSSI)",10-K,2026-03-18,agentic,2,business:1;mdna:1
0001654954-26-004534,0001320760,"TSS, Inc.  (TSSI)",10-Q,2026-05-07,agentic,1,mdna:1
0001654954-26-004909,0000829323,"Inuvo, Inc.  (INUV)",10-Q,2026-05-14,AI agents;agentic,6,mdna:3;other:3
0001654954-26-005185,0001082733,"VISIUM TECHNOLOGIES, INC.  (VISM)",10-Q,2026-05-20,agentic,27,mdna:22;other:5
0001654954-26-007328,0001842566,"Airship AI Holdings, Inc.  (AISP, AISPW)",10-Q,2026-08-06,agentic,3,mdna:3
0001654954-26-007355,0001425355,SUI Group Holdings Ltd.  (SUIG),10-Q,2026-08-06,agentic,14,mdna:1;other:1;risk_factors:12
0001654954-26-007480,0000829323,"Inuvo, Inc.  (INUV)",10-Q,2026-08-11,AI agents;agentic,6,mdna:3;other:3
0001654954-26-007589,0001320760,"TSS, Inc.  (TSSI)",10-Q,2026-08-13,agentic,1,mdna:1
0001654954-26-007668,0001320760,"TSS, Inc.  (TSSI)",10-Q/A,2026-08-14,agentic,1,mdna:1
0001660134-25-000049,0001660134,"Okta, Inc.  (OKTA)",10-K,2025-03-05,AI agents,2,business:2
0001660134-26-000020,0001660134,"Okta, Inc.  (OKTA)",10-K,2026-03-05,AI agents;agentic,35,business:30;mdna:2;other:1;risk_factors:2
0001660134-26-000051,0001660134,"Okta, Inc.  (OKTA)",10-Q,2026-05-29,AI agents,2,mdna:2
0001660134-26-000069,0001660134,"Okta, Inc.  (OKTA)",10-Q,2026-08-27,AI agents;agentic,3,mdna:2;other:1
0001660280-25-000034,0001660280,"Tenable Holdings, Inc.  (TENB)",10-K,2025-02-24,AI agents,1,business:1
0001660280-25-000090,0001660280,"Tenable Holdings, Inc.  (TENB)",10-Q,2025-08-08,agentic,1,risk_factors:1
0001660280-25-000128,0001660280,"Tenable Holdings, Inc.  (TENB)",10-Q,2025-11-04,agentic,2,risk_factors:2
0001660280-26-000005,0001660280,"Tenable Holdings, Inc.  (TENB)",10-K,2026-02-27,agentic,8,business:1;other:1;risk_factors:6
0001660280-26-000023,0001660280,"Tenable Holdings, Inc.  (TENB)",10-Q,2026-05-05,agentic,6,risk_factors:6
0001660280-26-000035,0001660280,"Tenable Holdings, Inc.  (TENB)",10-Q,2026-08-04,agentic,6,risk_factors:6
0001663577-22-000190,0001873722,Bubblr Inc.  (BBLR),10-K,2022-03-31,agentic,1,other:1
0001663577-26-000094,0001527702,iQSTEL Inc  (IQST),10-K,2026-04-06,AI agents,2,business:2
0001663577-26-000154,0001527702,iQSTEL Inc  (IQST),10-Q,2026-05-20,AI agents,1,other:1
0001663577-26-000254,0001527702,iQSTEL Inc  (IQST),10-Q,2026-08-18,AI agents,1,other:1
0001663577-26-000258,0001527702,iQSTEL Inc  (IQST),10-Q/A,2026-08-20,AI agents,1,other:1
0001671933-26-000014,0001671933,"Trade Desk, Inc.  (TTD)",10-K,2026-02-27,agentic,1,business:1
0001676238-25-000054,0001676238,"Braze, Inc.  (BRZE)",10-K,2025-03-31,agentic,1,risk_factors:1
0001676238-25-000079,0001676238,"Braze, Inc.  (BRZE)",10-Q,2025-06-06,agentic,1,risk_factors:1
0001676238-25-000134,0001676238,"Braze, Inc.  (BRZE)",10-Q,2025-09-05,agentic,4,risk_factors:4
0001676238-25-000147,0001676238,"Braze, Inc.  (BRZE)",10-Q,2025-12-10,agentic,3,risk_factors:3
0001676238-26-000013,0001676238,"Braze, Inc.  (BRZE)",10-K,2026-03-25,AI agent;AI agents;agentic,12,business:9;risk_factors:3
0001676238-26-000027,0001676238,"Braze, Inc.  (BRZE)",10-Q,2026-05-28,agentic,3,risk_factors:3
0001676238-26-000040,0001676238,"Braze, Inc.  (BRZE)",10-Q,2026-09-09,agentic,3,risk_factors:3
0001679688-26-000021,0001679688,"DigitalBridge Group, Inc.  (DBRG, DBRG-PH, DBRG-PI, DBRG-PJ)",10-K,2026-02-26,agentic,1,risk_factors:1
0001683168-22-007120,0001439264,Bonanza Goldfields Corp.  (MVNC),10-Q,2022-10-28,AI agent,4,mdna:2;other:2
0001683168-23-002449,0001439264,Bonanza Goldfields Corp.  (MVNC),10-K,2023-04-17,AI agent,3,business:1;other:2
0001683168-23-003294,0001439264,Bonanza Goldfields Corp.  (MVNC),10-Q,2023-05-15,AI agent,2,mdna:2
0001683168-23-005337,0001439264,Marvion Inc.  (MVNC),10-Q,2023-08-07,AI agent,2,mdna:2
0001683168-23-008306,0001439264,Marvion Inc.  (MVNC),10-Q,2023-11-20,AI agent,1,mdna:1
0001683168-24-002419,0001439264,Marvion Inc.  (MVNC),10-K,2024-04-16,AI agent,3,business:2;other:1
0001683168-24-003647,0001439264,Marvion Inc.  (MVNC),10-Q,2024-05-20,AI agent,1,mdna:1
0001683168-24-005625,0001439264,Marvion Inc.  (MVNC),10-Q,2024-08-14,AI agent,1,mdna:1
0001683168-25-002807,0001439264,Marvion Inc.  (MVNC),10-K,2025-04-25,AI agent,1,other:1
0001683168-25-009068,0000038264,"Forward Industries, Inc.  (FWDI)",10-K,2025-12-11,AI agents,1,business:1
0001683168-26-002951,0001462223,"Nixxy, Inc.  (NIXX, NIXXW)",10-K,2026-04-15,agentic,1,business:1
0001683168-26-006209,0000736012,INTRUSION INC  (INTZ),10-Q,2026-08-11,agentic,1,other:1
0001683168-26-006589,0001945619,Kinetic Seas Inc.  (KSEZ),10-Q,2026-08-19,AI agents,1,mdna:1
0001688568-25-000029,0001688568,DXC Technology Co  (DXC),10-K,2025-05-15,digital labor,1,business:1
0001688568-26-000022,0001688568,DXC Technology Co  (DXC),10-K,2026-05-08,digital labor,1,business:1
0001692063-26-000013,0001692063,"Schneider National, Inc.  (SNDR)",10-K,2026-02-20,agentic,1,business:1
0001699838-25-000006,0001699838,"Confluent, Inc.  (CFLT)",10-Q,2025-07-30,autonomous agents,1,risk_factors:1
0001699838-25-000013,0001699838,"Confluent, Inc.  (CFLT)",10-Q,2025-10-27,autonomous agents,1,risk_factors:1
0001699838-26-000006,0001699838,"Confluent, Inc.  (CFLT)",10-K,2026-02-11,AI agent;AI agents;agentic;autonomous agents,13,business:11;mdna:1;risk_factors:1
0001701605-26-000007,0001701605,Baker Hughes Co  (BKR),10-K,2026-02-05,agentic,1,business:1
0001702015-25-000005,0001702015,"AIS Holdings Group, Inc.  (AIDG)",10-Q,2025-11-14,AI agent,4,other:4
0001707753-25-000021,0001707753,Elastic N.V.  (ESTC),10-K,2025-06-10,agentic,1,business:1
0001707753-26-000018,0001707753,Elastic N.V.  (ESTC),10-K,2026-06-08,AI agent;AI agents;agentic,22,business:13;mdna:3;risk_factors:6
0001707753-26-000054,0001707753,Elastic N.V.  (ESTC),10-Q,2026-08-28,AI agent;AI agents;agentic,3,mdna:3
0001708055-26-000012,0001708055,Ribbon Communications Inc.  (RBBN),10-K,2026-02-26,AI agent;agentic,9,business:8;mdna:1
0001708055-26-000028,0001708055,Ribbon Communications Inc.  (RBBN),10-Q,2026-05-06,agentic,2,mdna:1;other:1
0001708055-26-000070,0001708055,Ribbon Communications Inc.  (RBBN),10-Q,2026-07-31,agentic,2,mdna:1;other:1
0001709164-26-000037,0001709164,Hamilton Beach Brands Holding Co  (HBB),10-K,2026-02-25,agentic,1,risk_factors:1
0001713683-25-000158,0001713683,"Zscaler, Inc.  (ZS)",10-K,2025-09-11,AI agents;agentic,14,business:13;other:1
0001713683-25-000205,0001713683,"Zscaler, Inc.  (ZS)",10-Q,2025-11-25,AI agents;agentic,2,other:2
0001713683-26-000048,0001713683,"Zscaler, Inc.  (ZS)",10-Q,2026-02-26,AI agents;agentic,3,other:2;risk_factors:1
0001713683-26-000096,0001713683,"Zscaler, Inc.  (ZS)",10-Q,2026-05-26,AI agents;agentic,6,mdna:2;other:2;risk_factors:2
0001713683-26-000157,0001713683,"Zscaler, Inc.  (ZS)",10-K,2026-09-03,AI agent;AI agents;agentic,35,business:27;mdna:4;other:2;risk_factors:2
0001720420-26-000011,0001720420,IBEX Ltd  (IBEX),10-Q,2026-05-06,AI agents,1,mdna:1
0001720420-26-000025,0001720420,IBEX Ltd  (IBEX),10-K,2026-09-10,AI agents,4,business:3;mdna:1
0001734722-24-000039,0001734722,"UiPath, Inc.  (PATH)",10-Q,2024-06-03,agentic,2,other:1;risk_factors:1
0001734722-24-000051,0001734722,"UiPath, Inc.  (PATH)",10-Q,2024-09-06,agentic,1,risk_factors:1
0001734722-24-000059,0001734722,"UiPath, Inc.  (PATH)",10-Q,2024-12-09,AI agents;agentic,2,risk_factors:2
0001734722-25-000007,0001734722,"UiPath, Inc.  (PATH)",10-K,2025-03-24,AI agents;agentic,27,business:23;risk_factors:4
0001734722-25-000030,0001734722,"UiPath, Inc.  (PATH)",10-Q,2025-06-03,AI agents;agentic,4,mdna:2;other:2
0001734722-25-000043,0001734722,"UiPath, Inc.  (PATH)",10-Q,2025-09-08,AI agents;agentic,4,mdna:2;other:2
0001734722-25-000050,0001734722,"UiPath, Inc.  (PATH)",10-Q,2025-12-08,AI agents;agentic,4,mdna:2;other:2
0001734722-26-000012,0001734722,"UiPath, Inc.  (PATH)",10-K,2026-03-25,AI agent;AI agents;agentic;autonomous agents,70,business:53;mdna:6;other:5;risk_factors:6
0001734722-26-000041,0001734722,"UiPath, Inc.  (PATH)",10-Q,2026-06-04,AI agents;agentic,8,mdna:4;other:4
0001734722-26-000050,0001734722,"UiPath, Inc.  (PATH)",10-Q,2026-09-08,AI agents;agentic,8,mdna:4;other:4
0001743725-26-000007,0001743725,"GRID DYNAMICS HOLDINGS, INC.  (GDYN)",10-K,2026-03-05,AI agents;agentic;digital labor,17,business:15;risk_factors:2
0001743725-26-000021,0001743725,"GRID DYNAMICS HOLDINGS, INC.  (GDYN)",10-Q,2026-07-30,agentic,1,other:1
0001764046-26-000019,0001764046,CLARIVATE PLC  (CLVT),10-K,2026-02-24,AI agents;agentic,4,business:4
0001769628-26-000104,0001769628,"CoreWeave, Inc.  (CRWV)",10-K,2026-03-02,AI agent;AI agents;agentic,9,business:9
0001773383-25-000065,0001773383,"Dynatrace, Inc.  (DT)",10-K,2025-05-22,agentic,7,business:5;mdna:1;risk_factors:1
0001773383-25-000154,0001773383,"Dynatrace, Inc.  (DT)",10-Q,2025-08-06,agentic,2,mdna:1;risk_factors:1
0001773383-26-000008,0001773383,"Dynatrace, Inc.  (DT)",10-Q,2026-02-09,agentic,2,mdna:1;risk_factors:1
0001773383-26-000019,0001773383,"Dynatrace, Inc.  (DT)",10-K,2026-05-20,agentic;autonomous agents,16,business:8;mdna:2;other:1;risk_factors:5
0001773383-26-000050,0001773383,"Dynatrace, Inc.  (DT)",10-Q,2026-08-05,agentic;autonomous agents,8,mdna:2;other:1;risk_factors:5
0001777393-26-000013,0001777393,"ChargePoint Holdings, Inc.  (CHPT)",10-K,2026-04-02,agentic,1,risk_factors:1
0001777393-26-000044,0001777393,"ChargePoint Holdings, Inc.  (CHPT)",10-Q,2026-06-08,agentic,1,risk_factors:1
0001783879-25-000049,0001783879,"Robinhood Markets, Inc.  (HOOD)",10-K,2025-02-18,AI agents,2,business:1;other:1
0001783879-26-000023,0001783879,"Robinhood Markets, Inc.  (HOOD)",10-K,2026-02-18,AI agents,2,business:1;other:1
0001783879-26-000029,0001783879,"Robinhood Markets, Inc.  (HOOD)",10-K/A,2026-02-20,AI agents,2,business:1;other:1
0001783879-26-000114,0001783879,"Robinhood Markets, Inc.  (HOOD)",10-Q,2026-07-30,AI agents;agentic;autonomous agents,21,risk_factors:21
0001786352-25-000037,0001786352,"BILL Holdings, Inc.  (BILL)",10-K,2025-08-28,AI agents;agentic,4,business:1;mdna:1;risk_factors:2
0001788230-26-000046,0001788230,"IP STRATEGY HOLDINGS, INC.  (IPST)",10-K,2026-04-14,AI agents,1,business:1
0001792789-26-000037,0001792789,"DoorDash, Inc.  (DASH)",10-Q,2026-05-06,AI agents,1,risk_factors:1
0001792789-26-000050,0001792789,"DoorDash, Inc.  (DASH)",10-Q,2026-08-05,AI agents,1,risk_factors:1
0001793659-26-000009,0001793659,"Rush Street Interactive, Inc.  (RSI)",10-K,2026-02-18,AI agents,1,risk_factors:1
0001794515-26-000056,0001794515,ZoomInfo Technologies Inc.  (GTM),10-Q,2026-08-05,AI agent,1,mdna:1
0001794783-25-000081,0001794783,"SelectQuote, Inc.  (SLQT)",10-K,2025-08-21,agentic,1,business:1
0001794783-26-000057,0001794783,"SelectQuote, Inc.  (SLQT)",10-K,2026-08-25,agentic,1,business:1
0001795586-26-000013,0001795586,"Chime Financial, Inc.  (CHYM)",10-K,2026-03-06,agentic,3,risk_factors:3
0001795586-26-000038,0001795586,"Chime Financial, Inc.  (CHYM)",10-Q,2026-05-07,agentic,3,risk_factors:3
0001795586-26-000048,0001795586,"Chime Financial, Inc.  (CHYM)",10-Q,2026-08-06,agentic,3,risk_factors:3
0001803599-26-000027,0001803599,Concentrix Corp  (CNXC),10-K,2026-01-28,agentic,25,business:17;mdna:1;other:1;risk_factors:6
0001803599-26-000122,0001803599,Concentrix Corp  (CNXC),10-Q,2026-04-03,agentic,2,mdna:2
0001803599-26-000136,0001803599,Concentrix Corp  (CNXC),10-Q,2026-07-02,agentic,2,mdna:2
0001803599-26-000155,0001803599,Concentrix Corp  (CNXC),10-Q,2026-10-07,agentic,2,mdna:2
0001805526-26-000006,0001805526,"DeFi Development Corp.  (DFDV, DFDVW, DFUKF)",10-K,2026-03-30,AI agents;agentic,4,business:4
0001808220-25-000066,0001808220,"GoHealth, Inc.  (GOCO)",10-Q,2025-08-12,AI agents,1,mdna:1
0001808997-25-000014,0001808997,"American Outdoor Brands, Inc.  (AOUT)",10-K,2025-06-26,agentic,1,risk_factors:1
0001808997-26-000031,0001808997,"American Outdoor Brands, Inc.  (AOUT)",10-K,2026-06-25,agentic,1,risk_factors:1
0001810019-26-000015,0001810019,"Rackspace Technology, Inc.  (RXT)",10-K,2026-03-06,agentic,1,business:1
0001811074-26-000018,0001811074,Texas Pacific Land Corp  (TPL),10-K,2026-02-18,agentic,1,other:1
0001819142-26-000033,0001819142,"SES AI Corp  (SES, SES-WT)",10-K/A,2026-04-30,AI agent,1,other:1
0001827090-26-000011,0001827090,"Certara, Inc.  (CERT)",10-K,2026-02-26,agentic,1,risk_factors:1
0001828791-25-000010,0001828791,Viant Technology Inc.  (DSP),10-K,2025-03-03,AI agent,3,business:2;risk_factors:1
0001828791-25-000020,0001828791,Viant Technology Inc.  (DSP),10-Q,2025-05-06,AI agent,2,mdna:1;risk_factors:1
0001828791-25-000056,0001828791,Viant Technology Inc.  (DSP),10-Q,2025-08-11,AI agent,2,mdna:1;risk_factors:1
0001828791-25-000078,0001828791,Viant Technology Inc.  (DSP),10-Q,2025-11-10,AI agent,2,mdna:1;risk_factors:1
0001828791-26-000072,0001828791,Viant Technology Inc.  (DSP),10-Q,2026-08-10,AI agents;agentic,2,risk_factors:2
0001829126-25-002438,0001820875,"CXApp Inc.  (CXAI, CXAIW)",10-K,2025-04-07,agentic;autonomous agents,2,mdna:2
0001829126-25-004837,0001853044,"Aeries Technology, Inc.  (AERT, AERTW)",10-K,2025-07-02,AI agents,1,other:1
0001829126-25-006141,0001820875,"CXApp Inc.  (CXAI, CXAIW)",10-Q,2025-08-13,agentic,1,mdna:1
0001829126-25-009077,0001820875,"CXApp Inc.  (CXAI, CXAIW)",10-Q,2025-11-12,agentic,1,other:1
0001829126-26-002840,0001820875,"CXApp Inc.  (CXAI, CXAIW)",10-K,2026-03-30,agentic;autonomous agents,10,business:1;mdna:7;other:2
0001829126-26-006123,0001853044,"Aeries Technology, Inc.  (AERT, AERTW)",10-K,2026-06-08,AI agents,1,business:1
0001829126-26-008507,0001853044,"Aeries Technology, Inc.  (AERT, AERTW)",10-Q,2026-08-10,agentic,1,other:1
0001829864-25-000118,0001829864,"TaskUs, Inc.  (TASK)",10-Q,2025-08-07,agentic,1,mdna:1
0001829864-25-000132,0001829864,"TaskUs, Inc.  (TASK)",10-Q,2025-11-07,agentic,1,mdna:1
0001829864-26-000012,0001829864,"TaskUs, Inc.  (TASK)",10-K,2026-03-05,agentic,14,business:3;mdna:4;other:1;risk_factors:6
0001829864-26-000113,0001829864,"TaskUs, Inc.  (TASK)",10-Q,2026-05-07,agentic,1,other:1
0001829864-26-000149,0001829864,"TaskUs, Inc.  (TASK)",10-Q,2026-08-06,agentic,1,other:1
0001833197-26-000017,0001833197,"Latham Group, Inc.  (SWIM)",10-K,2026-03-04,agentic,2,risk_factors:2
0001835830-25-000110,0001835830,"Klaviyo, Inc.  (KVYO)",10-Q,2025-11-05,AI agents,4,risk_factors:4
0001835830-26-000007,0001835830,"Klaviyo, Inc.  (KVYO)",10-K,2026-02-10,AI agents;autonomous agents,11,business:3;risk_factors:8
0001835830-26-000027,0001835830,"Klaviyo, Inc.  (KVYO)",10-Q,2026-05-05,AI agents;autonomous agents,8,risk_factors:8
0001835830-26-000040,0001835830,"Klaviyo, Inc.  (KVYO)",10-Q,2026-08-05,AI agents;agentic;autonomous agents,10,other:2;risk_factors:8
0001836981-26-000018,0001836981,"BigBear.ai Holdings, Inc.  (BBAI, BBAI-WT)",10-K,2026-03-02,agentic,1,other:1
0001838163-25-000005,0001838163,"Brand Engagement Network Inc.  (BNAI, BNAIW)",10-K,2025-03-31,AI agent;AI agents;agentic,67,business:57;mdna:6;other:4
0001840856-25-000022,0001840856,"SOUNDHOUND AI, INC.  (SOUN, SOUNW)",10-Q,2025-11-10,agentic,3,mdna:2;other:1
0001840856-26-000006,0001840856,"SOUNDHOUND AI, INC.  (SOUN, SOUNW)",10-K,2026-03-02,AI agent;agentic,7,business:4;mdna:2;other:1
0001840856-26-000015,0001840856,"SOUNDHOUND AI, INC.  (SOUN, SOUNW)",10-Q,2026-05-11,agentic,5,mdna:3;other:2
0001840856-26-000022,0001840856,"SOUNDHOUND AI, INC.  (SOUN, SOUNW)",10-Q,2026-08-10,AI agents;agentic,11,mdna:9;other:2
0001841761-26-000064,0001841761,"Grove Collaborative Holdings, Inc.  (GROV, GROVW)",10-Q,2026-08-06,agentic,2,risk_factors:2
0001845022-25-000026,0001845022,"Couchbase, Inc.  (BASE)",10-K,2025-03-25,AI agents;agentic,9,business:6;mdna:3
0001845022-25-000064,0001845022,"Couchbase, Inc.  (BASE)",10-Q,2025-06-04,AI agents;agentic,3,mdna:3
0001845022-25-000091,0001845022,"Couchbase, Inc.  (BASE)",10-Q,2025-09-04,AI agents;agentic,3,mdna:3
0001846069-26-000155,0001846069,"Nextdoor Holdings, Inc.  (NXDR)",10-Q,2026-08-04,AI agents;agentic,2,risk_factors:2
0001853145-25-000047,0001853145,EverCommerce Inc.  (EVCM),10-Q,2025-11-06,agentic,2,mdna:1;other:1
0001853145-26-000010,0001853145,EverCommerce Inc.  (EVCM),10-K,2026-03-12,AI agents;agentic,8,business:4;mdna:3;other:1
0001853145-26-000021,0001853145,EverCommerce Inc.  (EVCM),10-Q,2026-05-07,AI agents;agentic,4,mdna:3;other:1
0001853145-26-000029,0001853145,EverCommerce Inc.  (EVCM),10-Q,2026-08-05,AI agents;agentic,4,mdna:3;other:1
0001856437-26-000004,0001856437,Victoria's Secret & Co.  (VSCO),10-K,2026-03-20,agentic,1,risk_factors:1
0001866368-26-000011,0001866368,"Clearwater Analytics Holdings, Inc.  (CWAN)",10-K,2026-02-18,AI agents;agentic,9,business:8;mdna:1
0001866368-26-000013,0001866368,"Clearwater Analytics Holdings, Inc.  (CWAN)",10-K/A,2026-04-01,agentic,1,other:1
0001866368-26-000019,0001866368,"Clearwater Analytics Holdings, Inc.  (CWAN)",10-Q,2026-05-07,AI agents,1,mdna:1
0001866550-22-000006,0001866550,"Thoughtworks Holding, Inc.  (TWKS)",10-K,2022-03-08,digital workers,1,business:1
0001871509-26-000012,0001871509,Portillo's Inc.  (PTLO),10-K,2026-02-24,AI agents,1,risk_factors:1
0001874178-26-000054,0001874178,"Rivian Automotive, Inc. / DE  (RIVN)",10-Q,2026-07-30,agentic,1,mdna:1
0001876042-26-000062,0001876042,"Circle Internet Group, Inc.  (CRCL)",10-K,2026-03-09,AI agents;agentic,3,business:3
0001876042-26-000248,0001876042,"Circle Internet Group, Inc.  (CRCL)",10-Q,2026-08-05,AI agents;agentic,5,other:4;risk_factors:1
0001883685-26-000013,0001883685,DraftKings Inc.  (DKNG),10-K,2026-02-13,AI agents,2,risk_factors:2
0001902733-25-000026,0001902733,"nCino, Inc.  (NCNO)",10-K,2025-04-01,agentic,1,business:1
0001902733-26-000022,0001902733,"nCino, Inc.  (NCNO)",10-K,2026-03-31,agentic,4,business:3;risk_factors:1
0001925062-26-000023,0001925062,"Forbright, Inc.  (FRBT)",10-Q,2026-08-13,agentic,4,risk_factors:4
0001943896-25-000042,0001943896,"Rubrik, Inc.  (RBRK)",10-Q,2025-09-10,AI agents;agentic,10,mdna:1;other:1;risk_factors:8
0001943896-25-000054,0001943896,"Rubrik, Inc.  (RBRK)",10-Q,2025-12-08,AI agent;AI agents;agentic,12,mdna:1;other:1;risk_factors:10
0001943896-26-000013,0001943896,"Rubrik, Inc.  (RBRK)",10-K,2026-03-19,AI agent;AI agents;agentic,28,business:7;mdna:4;other:2;risk_factors:15
0001943896-26-000047,0001943896,"Rubrik, Inc.  (RBRK)",10-Q,2026-06-05,AI agent;AI agents;agentic,26,mdna:3;other:2;risk_factors:21
0001943896-26-000060,0001943896,"Rubrik, Inc.  (RBRK)",10-Q,2026-09-01,AI agent;AI agents;agentic,29,mdna:3;other:2;risk_factors:24
0001944048-26-000030,0001944048,Kenvue Inc.  (KVUE),10-K,2026-02-20,agentic,2,mdna:1;risk_factors:1
0001964333-26-000016,0001964333,Burke & Herbert Financial Services Corp.  (BHRB),10-K,2026-02-27,agentic,1,risk_factors:1
0001990354-26-000011,0001990354,Waystar Holding Corp.  (WAY),10-K,2026-02-17,agentic,11,business:8;mdna:1;risk_factors:2
0001990354-26-000025,0001990354,Waystar Holding Corp.  (WAY),10-Q,2026-04-29,agentic,1,mdna:1
0001990354-26-000035,0001990354,Waystar Holding Corp.  (WAY),10-Q,2026-07-29,agentic,1,mdna:1
0001997350-26-000003,0001997350,Accelerant Holdings  (ARX),10-K,2026-03-18,AI agents,1,business:1
0001999784-26-000021,0001999784,North Haven Net REIT,10-K,2026-03-05,agentic,2,risk_factors:2
0002008589-25-000020,0001859199,reAlpha Tech Corp.  (AIRE),10-Q,2025-08-14,AI agent,1,mdna:1
0002011641-26-000030,0002011641,Ferguson Enterprises Inc. /DE/  (FERG),10-Q,2026-05-05,agentic,1,other:1
0002011641-26-000040,0002011641,Ferguson Enterprises Inc. /DE/  (FERG),10-Q,2026-08-10,agentic,1,other:1
0002030781-26-000003,0002030781,"SailPoint, Inc.  (SAIL)",10-K,2026-03-19,AI agent;AI agents;agentic,12,business:7;mdna:1;risk_factors:4
0002030781-26-000011,0002030781,"SailPoint, Inc.  (SAIL)",10-Q,2026-06-10,AI agents;agentic;autonomous agents,13,other:13
0002030781-26-000021,0002030781,"SailPoint, Inc.  (SAIL)",10-Q,2026-09-10,AI agents;agentic,6,other:6
0002044820-26-000009,0002044820,"VistaOne, L.P.",10-K,2026-03-20,agentic,5,mdna:2;risk_factors:3
0002044820-26-000020,0002044820,"VistaOne, L.P.",10-Q,2026-05-13,agentic,3,mdna:3
0002044820-26-000034,0002044820,"VistaOne, L.P.",10-Q,2026-08-12,agentic,1,mdna:1
0002055592-26-000065,0002055592,"Gemini Space Station, Inc.  (GEMI)",10-Q,2026-08-13,AI agents,1,risk_factors:1
0002069785-26-000003,0002069785,"Gloo Holdings, Inc.  (GLOO)",10-Q,2026-09-10,AI agents;agentic,8,mdna:6;other:2
0002071778-26-000010,0002071778,Fermi Inc.  (FRMI),10-K,2026-03-30,agentic,1,business:1
0002131040-26-000008,0002131040,Robinhood Ventures Fund II  (RVII),10-Q,2026-09-28,agentic,3,other:2;risk_factors:1
